image_path,sentiment,label,sentiment_idx,full_image_path
MVSA_Single/data/5070.jpg,neutral,1,1,C:\Users\user\OneDrive\Desktop\KUHNE LOGISTIC UNIVERSITY\SEMESTER 2\Machine Learning\Sentiment-Analysis_ML\data\raw\MVSA_Single\data\5070.jpg
MVSA_Single/data/4688.jpg,negative,0,0,C:\Users\user\OneDrive\Desktop\KUHNE LOGISTIC UNIVERSITY\SEMESTER 2\Machine Learning\Sentiment-Analysis_ML\data\raw\MVSA_Single\data\4688.jpg
MVSA_Single/data/2363.jpg,negative,0,0,C:\Users\user\OneDrive\Desktop\KUHNE LOGISTIC UNIVERSITY\SEMESTER 2\Machine Learning\Sentiment-Analysis_ML\data\raw\MVSA_Single\data\2363.jpg
MVSA_Single/data/3755.jpg,negative,0,0,C:\Users\user\OneDrive\Desktop\KUHNE LOGISTIC UNIVERSITY\SEMESTER 2\Machine Learning\Sentiment-Analysis_ML\data\raw\MVSA_Single\data\3755.jpg
MVSA_Single/data/1683.jpg,positive,2,2,C:\Users\user\OneDrive\Desktop\KUHNE LOGISTIC UNIVERSITY\SEMESTER 2\Machine Learning\Sentiment-Analysis_ML\data\raw\MVSA_Single\data\1683.jpg
MVSA_Single/data/4895.jpg,neutral,1,1,C:\Users\user\OneDrive\Desktop\KUHNE LOGISTIC UNIVERSITY\SEMESTER 2\Machine Learning\Sentiment-Analysis_ML\data\raw\MVSA_Single\data\4895.jpg
MVSA_Single/data/1953.jpg,neutral,1,1,C:\Users\user\OneDrive\Desktop\KUHNE LOGISTIC UNIVERSITY\SEMESTER 2\Machine Learning\Sentiment-Analysis_ML\data\raw\MVSA_Single\data\1953.jpg
MVSA_Single/data/4434.jpg,positive,2,2,C:\Users\user\OneDrive\Desktop\KUHNE LOGISTIC UNIVERSITY\SEMESTER 2\Machine Learning\Sentiment-Analysis_ML\data\raw\MVSA_Single\data\4434.jpg
MVSA_Single/data/2691.jpg,negative,0,0,C:\Users\user\OneDrive\Desktop\KUHNE LOGISTIC UNIVERSITY\SEMESTER 2\Machine Learning\Sentiment-Analysis_ML\data\raw\MVSA_Single\data\2691.jpg
MVSA_Single/data/4638.jpg,neutral,1,1,C:\Users\user\OneDrive\Desktop\KUHNE LOGISTIC UNIVERSITY\SEMESTER 2\Machine Learning\Sentiment-Analysis_ML\data\raw\MVSA_Single\data\4638.jpg
MVSA_Single/data/2970.jpg,neutral,1,1,C:\Users\user\OneDrive\Desktop\KUHNE LOGISTIC UNIVERSITY\SEMESTER 2\Machine Learning\Sentiment-Analysis_ML\data\raw\MVSA_Single\data\2970.jpg
MVSA_Single/data/3232.jpg,positive,2,2,C:\Users\user\OneDrive\Desktop\KUHNE LOGISTIC UNIVERSITY\SEMESTER 2\Machine Learning\Sentiment-Analysis_ML\data\raw\MVSA_Single\data\3232.jpg
MVSA_Single/data/4913.jpg,positive,2,2,C:\Users\user\OneDrive\Desktop\KUHNE LOGISTIC UNIVERSITY\SEMESTER 2\Machine Learning\Sentiment-Analysis_ML\data\raw\MVSA_Single\data\4913.jpg
MVSA_Single/data/4329.jpg,neutral,1,1,C:\Users\user\OneDrive\Desktop\KUHNE LOGISTIC UNIVERSITY\SEMESTER 2\Machine Learning\Sentiment-Analysis_ML\data\raw\MVSA_Single\data\4329.jpg
MVSA_Single/data/1709.jpg,positive,2,2,C:\Users\user\OneDrive\Desktop\KUHNE LOGISTIC UNIVERSITY\SEMESTER 2\Machine Learning\Sentiment-Analysis_ML\data\raw\MVSA_Single\data\1709.jpg
MVSA_Single/data/3918.jpg,negative,0,0,C:\Users\user\OneDrive\Desktop\KUHNE LOGISTIC UNIVERSITY\SEMESTER 2\Machine Learning\Sentiment-Analysis_ML\data\raw\MVSA_Single\data\3918.jpg
MVSA_Single/data/3083.jpg,negative,0,0,C:\Users\user\OneDrive\Desktop\KUHNE LOGISTIC UNIVERSITY\SEMESTER 2\Machine Learning\Sentiment-Analysis_ML\data\raw\MVSA_Single\data\3083.jpg
MVSA_Single/data/213.jpg,positive,2,2,C:\Users\user\OneDrive\Desktop\KUHNE LOGISTIC UNIVERSITY\SEMESTER 2\Machine Learning\Sentiment-Analysis_ML\data\raw\MVSA_Single\data\213.jpg
MVSA_Single/data/1123.jpg,negative,0,0,C:\Users\user\OneDrive\Desktop\KUHNE LOGISTIC UNIVERSITY\SEMESTER 2\Machine Learning\Sentiment-Analysis_ML\data\raw\MVSA_Single\data\1123.jpg
MVSA_Single/data/1784.jpg,negative,0,0,C:\Users\user\OneDrive\Desktop\KUHNE LOGISTIC UNIVERSITY\SEMESTER 2\Machine Learning\Sentiment-Analysis_ML\data\raw\MVSA_Single\data\1784.jpg
MVSA_Single/data/4881.jpg,neutral,1,1,C:\Users\user\OneDrive\Desktop\KUHNE LOGISTIC UNIVERSITY\SEMESTER 2\Machine Learning\Sentiment-Analysis_ML\data\raw\MVSA_Single\data\4881.jpg
MVSA_Single/data/4605.jpg,positive,2,2,C:\Users\user\OneDrive\Desktop\KUHNE LOGISTIC UNIVERSITY\SEMESTER 2\Machine Learning\Sentiment-Analysis_ML\data\raw\MVSA_Single\data\4605.jpg
MVSA_Single/data/145.jpg,positive,2,2,C:\Users\user\OneDrive\Desktop\KUHNE LOGISTIC UNIVERSITY\SEMESTER 2\Machine Learning\Sentiment-Analysis_ML\data\raw\MVSA_Single\data\145.jpg
MVSA_Single/data/4093.jpg,positive,2,2,C:\Users\user\OneDrive\Desktop\KUHNE LOGISTIC UNIVERSITY\SEMESTER 2\Machine Learning\Sentiment-Analysis_ML\data\raw\MVSA_Single\data\4093.jpg
MVSA_Single/data/1304.jpg,positive,2,2,C:\Users\user\OneDrive\Desktop\KUHNE LOGISTIC UNIVERSITY\SEMESTER 2\Machine Learning\Sentiment-Analysis_ML\data\raw\MVSA_Single\data\1304.jpg
MVSA_Single/data/2910.jpg,positive,2,2,C:\Users\user\OneDrive\Desktop\KUHNE LOGISTIC UNIVERSITY\SEMESTER 2\Machine Learning\Sentiment-Analysis_ML\data\raw\MVSA_Single\data\2910.jpg
MVSA_Single/data/2378.jpg,positive,2,2,C:\Users\user\OneDrive\Desktop\KUHNE LOGISTIC UNIVERSITY\SEMESTER 2\Machine Learning\Sentiment-Analysis_ML\data\raw\MVSA_Single\data\2378.jpg
MVSA_Single/data/3539.jpg,negative,0,0,C:\Users\user\OneDrive\Desktop\KUHNE LOGISTIC UNIVERSITY\SEMESTER 2\Machine Learning\Sentiment-Analysis_ML\data\raw\MVSA_Single\data\3539.jpg
MVSA_Single/data/2026.jpg,negative,0,0,C:\Users\user\OneDrive\Desktop\KUHNE LOGISTIC UNIVERSITY\SEMESTER 2\Machine Learning\Sentiment-Analysis_ML\data\raw\MVSA_Single\data\2026.jpg
MVSA_Single/data/1289.jpg,positive,2,2,C:\Users\user\OneDrive\Desktop\KUHNE LOGISTIC UNIVERSITY\SEMESTER 2\Machine Learning\Sentiment-Analysis_ML\data\raw\MVSA_Single\data\1289.jpg
MVSA_Single/data/264.jpg,negative,0,0,C:\Users\user\OneDrive\Desktop\KUHNE LOGISTIC UNIVERSITY\SEMESTER 2\Machine Learning\Sentiment-Analysis_ML\data\raw\MVSA_Single\data\264.jpg
MVSA_Single/data/4973.jpg,positive,2,2,C:\Users\user\OneDrive\Desktop\KUHNE LOGISTIC UNIVERSITY\SEMESTER 2\Machine Learning\Sentiment-Analysis_ML\data\raw\MVSA_Single\data\4973.jpg
MVSA_Single/data/418.jpg,negative,0,0,C:\Users\user\OneDrive\Desktop\KUHNE LOGISTIC UNIVERSITY\SEMESTER 2\Machine Learning\Sentiment-Analysis_ML\data\raw\MVSA_Single\data\418.jpg
MVSA_Single/data/3125.jpg,negative,0,0,C:\Users\user\OneDrive\Desktop\KUHNE LOGISTIC UNIVERSITY\SEMESTER 2\Machine Learning\Sentiment-Analysis_ML\data\raw\MVSA_Single\data\3125.jpg
MVSA_Single/data/4702.jpg,positive,2,2,C:\Users\user\OneDrive\Desktop\KUHNE LOGISTIC UNIVERSITY\SEMESTER 2\Machine Learning\Sentiment-Analysis_ML\data\raw\MVSA_Single\data\4702.jpg
MVSA_Single/data/7.jpg,positive,2,2,C:\Users\user\OneDrive\Desktop\KUHNE LOGISTIC UNIVERSITY\SEMESTER 2\Machine Learning\Sentiment-Analysis_ML\data\raw\MVSA_Single\data\7.jpg
MVSA_Single/data/2662.jpg,negative,0,0,C:\Users\user\OneDrive\Desktop\KUHNE LOGISTIC UNIVERSITY\SEMESTER 2\Machine Learning\Sentiment-Analysis_ML\data\raw\MVSA_Single\data\2662.jpg
MVSA_Single/data/1845.jpg,positive,2,2,C:\Users\user\OneDrive\Desktop\KUHNE LOGISTIC UNIVERSITY\SEMESTER 2\Machine Learning\Sentiment-Analysis_ML\data\raw\MVSA_Single\data\1845.jpg
MVSA_Single/data/2448.jpg,neutral,1,1,C:\Users\user\OneDrive\Desktop\KUHNE LOGISTIC UNIVERSITY\SEMESTER 2\Machine Learning\Sentiment-Analysis_ML\data\raw\MVSA_Single\data\2448.jpg
MVSA_Single/data/1015.jpg,positive,2,2,C:\Users\user\OneDrive\Desktop\KUHNE LOGISTIC UNIVERSITY\SEMESTER 2\Machine Learning\Sentiment-Analysis_ML\data\raw\MVSA_Single\data\1015.jpg
MVSA_Single/data/1056.jpg,negative,0,0,C:\Users\user\OneDrive\Desktop\KUHNE LOGISTIC UNIVERSITY\SEMESTER 2\Machine Learning\Sentiment-Analysis_ML\data\raw\MVSA_Single\data\1056.jpg
MVSA_Single/data/1210.jpg,positive,2,2,C:\Users\user\OneDrive\Desktop\KUHNE LOGISTIC UNIVERSITY\SEMESTER 2\Machine Learning\Sentiment-Analysis_ML\data\raw\MVSA_Single\data\1210.jpg
MVSA_Single/data/1158.jpg,negative,0,0,C:\Users\user\OneDrive\Desktop\KUHNE LOGISTIC UNIVERSITY\SEMESTER 2\Machine Learning\Sentiment-Analysis_ML\data\raw\MVSA_Single\data\1158.jpg
MVSA_Single/data/4807.jpg,positive,2,2,C:\Users\user\OneDrive\Desktop\KUHNE LOGISTIC UNIVERSITY\SEMESTER 2\Machine Learning\Sentiment-Analysis_ML\data\raw\MVSA_Single\data\4807.jpg
MVSA_Single/data/4419.jpg,negative,0,0,C:\Users\user\OneDrive\Desktop\KUHNE LOGISTIC UNIVERSITY\SEMESTER 2\Machine Learning\Sentiment-Analysis_ML\data\raw\MVSA_Single\data\4419.jpg
MVSA_Single/data/4090.jpg,neutral,1,1,C:\Users\user\OneDrive\Desktop\KUHNE LOGISTIC UNIVERSITY\SEMESTER 2\Machine Learning\Sentiment-Analysis_ML\data\raw\MVSA_Single\data\4090.jpg
MVSA_Single/data/2561.jpg,neutral,1,1,C:\Users\user\OneDrive\Desktop\KUHNE LOGISTIC UNIVERSITY\SEMESTER 2\Machine Learning\Sentiment-Analysis_ML\data\raw\MVSA_Single\data\2561.jpg
MVSA_Single/data/3876.jpg,positive,2,2,C:\Users\user\OneDrive\Desktop\KUHNE LOGISTIC UNIVERSITY\SEMESTER 2\Machine Learning\Sentiment-Analysis_ML\data\raw\MVSA_Single\data\3876.jpg
MVSA_Single/data/2993.jpg,negative,0,0,C:\Users\user\OneDrive\Desktop\KUHNE LOGISTIC UNIVERSITY\SEMESTER 2\Machine Learning\Sentiment-Analysis_ML\data\raw\MVSA_Single\data\2993.jpg
MVSA_Single/data/40.jpg,positive,2,2,C:\Users\user\OneDrive\Desktop\KUHNE LOGISTIC UNIVERSITY\SEMESTER 2\Machine Learning\Sentiment-Analysis_ML\data\raw\MVSA_Single\data\40.jpg
MVSA_Single/data/386.jpg,negative,0,0,C:\Users\user\OneDrive\Desktop\KUHNE LOGISTIC UNIVERSITY\SEMESTER 2\Machine Learning\Sentiment-Analysis_ML\data\raw\MVSA_Single\data\386.jpg
MVSA_Single/data/1846.jpg,neutral,1,1,C:\Users\user\OneDrive\Desktop\KUHNE LOGISTIC UNIVERSITY\SEMESTER 2\Machine Learning\Sentiment-Analysis_ML\data\raw\MVSA_Single\data\1846.jpg
MVSA_Single/data/5117.jpg,negative,0,0,C:\Users\user\OneDrive\Desktop\KUHNE LOGISTIC UNIVERSITY\SEMESTER 2\Machine Learning\Sentiment-Analysis_ML\data\raw\MVSA_Single\data\5117.jpg
MVSA_Single/data/4477.jpg,positive,2,2,C:\Users\user\OneDrive\Desktop\KUHNE LOGISTIC UNIVERSITY\SEMESTER 2\Machine Learning\Sentiment-Analysis_ML\data\raw\MVSA_Single\data\4477.jpg
MVSA_Single/data/326.jpg,positive,2,2,C:\Users\user\OneDrive\Desktop\KUHNE LOGISTIC UNIVERSITY\SEMESTER 2\Machine Learning\Sentiment-Analysis_ML\data\raw\MVSA_Single\data\326.jpg
MVSA_Single/data/4364.jpg,negative,0,0,C:\Users\user\OneDrive\Desktop\KUHNE LOGISTIC UNIVERSITY\SEMESTER 2\Machine Learning\Sentiment-Analysis_ML\data\raw\MVSA_Single\data\4364.jpg
MVSA_Single/data/4016.jpg,positive,2,2,C:\Users\user\OneDrive\Desktop\KUHNE LOGISTIC UNIVERSITY\SEMESTER 2\Machine Learning\Sentiment-Analysis_ML\data\raw\MVSA_Single\data\4016.jpg
MVSA_Single/data/4869.jpg,positive,2,2,C:\Users\user\OneDrive\Desktop\KUHNE LOGISTIC UNIVERSITY\SEMESTER 2\Machine Learning\Sentiment-Analysis_ML\data\raw\MVSA_Single\data\4869.jpg
MVSA_Single/data/2648.jpg,positive,2,2,C:\Users\user\OneDrive\Desktop\KUHNE LOGISTIC UNIVERSITY\SEMESTER 2\Machine Learning\Sentiment-Analysis_ML\data\raw\MVSA_Single\data\2648.jpg
MVSA_Single/data/2782.jpg,positive,2,2,C:\Users\user\OneDrive\Desktop\KUHNE LOGISTIC UNIVERSITY\SEMESTER 2\Machine Learning\Sentiment-Analysis_ML\data\raw\MVSA_Single\data\2782.jpg
MVSA_Single/data/3706.jpg,positive,2,2,C:\Users\user\OneDrive\Desktop\KUHNE LOGISTIC UNIVERSITY\SEMESTER 2\Machine Learning\Sentiment-Analysis_ML\data\raw\MVSA_Single\data\3706.jpg
MVSA_Single/data/706.jpg,positive,2,2,C:\Users\user\OneDrive\Desktop\KUHNE LOGISTIC UNIVERSITY\SEMESTER 2\Machine Learning\Sentiment-Analysis_ML\data\raw\MVSA_Single\data\706.jpg
MVSA_Single/data/165.jpg,neutral,1,1,C:\Users\user\OneDrive\Desktop\KUHNE LOGISTIC UNIVERSITY\SEMESTER 2\Machine Learning\Sentiment-Analysis_ML\data\raw\MVSA_Single\data\165.jpg
MVSA_Single/data/1166.jpg,positive,2,2,C:\Users\user\OneDrive\Desktop\KUHNE LOGISTIC UNIVERSITY\SEMESTER 2\Machine Learning\Sentiment-Analysis_ML\data\raw\MVSA_Single\data\1166.jpg
MVSA_Single/data/4657.jpg,neutral,1,1,C:\Users\user\OneDrive\Desktop\KUHNE LOGISTIC UNIVERSITY\SEMESTER 2\Machine Learning\Sentiment-Analysis_ML\data\raw\MVSA_Single\data\4657.jpg
MVSA_Single/data/772.jpg,positive,2,2,C:\Users\user\OneDrive\Desktop\KUHNE LOGISTIC UNIVERSITY\SEMESTER 2\Machine Learning\Sentiment-Analysis_ML\data\raw\MVSA_Single\data\772.jpg
MVSA_Single/data/1707.jpg,negative,0,0,C:\Users\user\OneDrive\Desktop\KUHNE LOGISTIC UNIVERSITY\SEMESTER 2\Machine Learning\Sentiment-Analysis_ML\data\raw\MVSA_Single\data\1707.jpg
MVSA_Single/data/3254.jpg,negative,0,0,C:\Users\user\OneDrive\Desktop\KUHNE LOGISTIC UNIVERSITY\SEMESTER 2\Machine Learning\Sentiment-Analysis_ML\data\raw\MVSA_Single\data\3254.jpg
MVSA_Single/data/3839.jpg,negative,0,0,C:\Users\user\OneDrive\Desktop\KUHNE LOGISTIC UNIVERSITY\SEMESTER 2\Machine Learning\Sentiment-Analysis_ML\data\raw\MVSA_Single\data\3839.jpg
MVSA_Single/data/4438.jpg,positive,2,2,C:\Users\user\OneDrive\Desktop\KUHNE LOGISTIC UNIVERSITY\SEMESTER 2\Machine Learning\Sentiment-Analysis_ML\data\raw\MVSA_Single\data\4438.jpg
MVSA_Single/data/4478.jpg,negative,0,0,C:\Users\user\OneDrive\Desktop\KUHNE LOGISTIC UNIVERSITY\SEMESTER 2\Machine Learning\Sentiment-Analysis_ML\data\raw\MVSA_Single\data\4478.jpg
MVSA_Single/data/4342.jpg,positive,2,2,C:\Users\user\OneDrive\Desktop\KUHNE LOGISTIC UNIVERSITY\SEMESTER 2\Machine Learning\Sentiment-Analysis_ML\data\raw\MVSA_Single\data\4342.jpg
MVSA_Single/data/3285.jpg,neutral,1,1,C:\Users\user\OneDrive\Desktop\KUHNE LOGISTIC UNIVERSITY\SEMESTER 2\Machine Learning\Sentiment-Analysis_ML\data\raw\MVSA_Single\data\3285.jpg
MVSA_Single/data/4327.jpg,positive,2,2,C:\Users\user\OneDrive\Desktop\KUHNE LOGISTIC UNIVERSITY\SEMESTER 2\Machine Learning\Sentiment-Analysis_ML\data\raw\MVSA_Single\data\4327.jpg
MVSA_Single/data/1164.jpg,positive,2,2,C:\Users\user\OneDrive\Desktop\KUHNE LOGISTIC UNIVERSITY\SEMESTER 2\Machine Learning\Sentiment-Analysis_ML\data\raw\MVSA_Single\data\1164.jpg
MVSA_Single/data/305.jpg,neutral,1,1,C:\Users\user\OneDrive\Desktop\KUHNE LOGISTIC UNIVERSITY\SEMESTER 2\Machine Learning\Sentiment-Analysis_ML\data\raw\MVSA_Single\data\305.jpg
MVSA_Single/data/2403.jpg,negative,0,0,C:\Users\user\OneDrive\Desktop\KUHNE LOGISTIC UNIVERSITY\SEMESTER 2\Machine Learning\Sentiment-Analysis_ML\data\raw\MVSA_Single\data\2403.jpg
MVSA_Single/data/2364.jpg,neutral,1,1,C:\Users\user\OneDrive\Desktop\KUHNE LOGISTIC UNIVERSITY\SEMESTER 2\Machine Learning\Sentiment-Analysis_ML\data\raw\MVSA_Single\data\2364.jpg
MVSA_Single/data/3089.jpg,negative,0,0,C:\Users\user\OneDrive\Desktop\KUHNE LOGISTIC UNIVERSITY\SEMESTER 2\Machine Learning\Sentiment-Analysis_ML\data\raw\MVSA_Single\data\3089.jpg
MVSA_Single/data/3401.jpg,negative,0,0,C:\Users\user\OneDrive\Desktop\KUHNE LOGISTIC UNIVERSITY\SEMESTER 2\Machine Learning\Sentiment-Analysis_ML\data\raw\MVSA_Single\data\3401.jpg
MVSA_Single/data/2829.jpg,neutral,1,1,C:\Users\user\OneDrive\Desktop\KUHNE LOGISTIC UNIVERSITY\SEMESTER 2\Machine Learning\Sentiment-Analysis_ML\data\raw\MVSA_Single\data\2829.jpg
MVSA_Single/data/2942.jpg,positive,2,2,C:\Users\user\OneDrive\Desktop\KUHNE LOGISTIC UNIVERSITY\SEMESTER 2\Machine Learning\Sentiment-Analysis_ML\data\raw\MVSA_Single\data\2942.jpg
MVSA_Single/data/658.jpg,positive,2,2,C:\Users\user\OneDrive\Desktop\KUHNE LOGISTIC UNIVERSITY\SEMESTER 2\Machine Learning\Sentiment-Analysis_ML\data\raw\MVSA_Single\data\658.jpg
MVSA_Single/data/2554.jpg,positive,2,2,C:\Users\user\OneDrive\Desktop\KUHNE LOGISTIC UNIVERSITY\SEMESTER 2\Machine Learning\Sentiment-Analysis_ML\data\raw\MVSA_Single\data\2554.jpg
MVSA_Single/data/3811.jpg,positive,2,2,C:\Users\user\OneDrive\Desktop\KUHNE LOGISTIC UNIVERSITY\SEMESTER 2\Machine Learning\Sentiment-Analysis_ML\data\raw\MVSA_Single\data\3811.jpg
MVSA_Single/data/1863.jpg,positive,2,2,C:\Users\user\OneDrive\Desktop\KUHNE LOGISTIC UNIVERSITY\SEMESTER 2\Machine Learning\Sentiment-Analysis_ML\data\raw\MVSA_Single\data\1863.jpg
MVSA_Single/data/3883.jpg,negative,0,0,C:\Users\user\OneDrive\Desktop\KUHNE LOGISTIC UNIVERSITY\SEMESTER 2\Machine Learning\Sentiment-Analysis_ML\data\raw\MVSA_Single\data\3883.jpg
MVSA_Single/data/2164.jpg,positive,2,2,C:\Users\user\OneDrive\Desktop\KUHNE LOGISTIC UNIVERSITY\SEMESTER 2\Machine Learning\Sentiment-Analysis_ML\data\raw\MVSA_Single\data\2164.jpg
MVSA_Single/data/2996.jpg,positive,2,2,C:\Users\user\OneDrive\Desktop\KUHNE LOGISTIC UNIVERSITY\SEMESTER 2\Machine Learning\Sentiment-Analysis_ML\data\raw\MVSA_Single\data\2996.jpg
MVSA_Single/data/3789.jpg,positive,2,2,C:\Users\user\OneDrive\Desktop\KUHNE LOGISTIC UNIVERSITY\SEMESTER 2\Machine Learning\Sentiment-Analysis_ML\data\raw\MVSA_Single\data\3789.jpg
MVSA_Single/data/626.jpg,positive,2,2,C:\Users\user\OneDrive\Desktop\KUHNE LOGISTIC UNIVERSITY\SEMESTER 2\Machine Learning\Sentiment-Analysis_ML\data\raw\MVSA_Single\data\626.jpg
MVSA_Single/data/160.jpg,positive,2,2,C:\Users\user\OneDrive\Desktop\KUHNE LOGISTIC UNIVERSITY\SEMESTER 2\Machine Learning\Sentiment-Analysis_ML\data\raw\MVSA_Single\data\160.jpg
MVSA_Single/data/4888.jpg,negative,0,0,C:\Users\user\OneDrive\Desktop\KUHNE LOGISTIC UNIVERSITY\SEMESTER 2\Machine Learning\Sentiment-Analysis_ML\data\raw\MVSA_Single\data\4888.jpg
MVSA_Single/data/4983.jpg,positive,2,2,C:\Users\user\OneDrive\Desktop\KUHNE LOGISTIC UNIVERSITY\SEMESTER 2\Machine Learning\Sentiment-Analysis_ML\data\raw\MVSA_Single\data\4983.jpg
MVSA_Single/data/2039.jpg,negative,0,0,C:\Users\user\OneDrive\Desktop\KUHNE LOGISTIC UNIVERSITY\SEMESTER 2\Machine Learning\Sentiment-Analysis_ML\data\raw\MVSA_Single\data\2039.jpg
MVSA_Single/data/1994.jpg,negative,0,0,C:\Users\user\OneDrive\Desktop\KUHNE LOGISTIC UNIVERSITY\SEMESTER 2\Machine Learning\Sentiment-Analysis_ML\data\raw\MVSA_Single\data\1994.jpg
MVSA_Single/data/1482.jpg,negative,0,0,C:\Users\user\OneDrive\Desktop\KUHNE LOGISTIC UNIVERSITY\SEMESTER 2\Machine Learning\Sentiment-Analysis_ML\data\raw\MVSA_Single\data\1482.jpg
MVSA_Single/data/4674.jpg,positive,2,2,C:\Users\user\OneDrive\Desktop\KUHNE LOGISTIC UNIVERSITY\SEMESTER 2\Machine Learning\Sentiment-Analysis_ML\data\raw\MVSA_Single\data\4674.jpg
MVSA_Single/data/997.jpg,positive,2,2,C:\Users\user\OneDrive\Desktop\KUHNE LOGISTIC UNIVERSITY\SEMESTER 2\Machine Learning\Sentiment-Analysis_ML\data\raw\MVSA_Single\data\997.jpg
MVSA_Single/data/585.jpg,positive,2,2,C:\Users\user\OneDrive\Desktop\KUHNE LOGISTIC UNIVERSITY\SEMESTER 2\Machine Learning\Sentiment-Analysis_ML\data\raw\MVSA_Single\data\585.jpg
MVSA_Single/data/1121.jpg,positive,2,2,C:\Users\user\OneDrive\Desktop\KUHNE LOGISTIC UNIVERSITY\SEMESTER 2\Machine Learning\Sentiment-Analysis_ML\data\raw\MVSA_Single\data\1121.jpg
MVSA_Single/data/3661.jpg,neutral,1,1,C:\Users\user\OneDrive\Desktop\KUHNE LOGISTIC UNIVERSITY\SEMESTER 2\Machine Learning\Sentiment-Analysis_ML\data\raw\MVSA_Single\data\3661.jpg
MVSA_Single/data/4584.jpg,negative,0,0,C:\Users\user\OneDrive\Desktop\KUHNE LOGISTIC UNIVERSITY\SEMESTER 2\Machine Learning\Sentiment-Analysis_ML\data\raw\MVSA_Single\data\4584.jpg
MVSA_Single/data/2917.jpg,neutral,1,1,C:\Users\user\OneDrive\Desktop\KUHNE LOGISTIC UNIVERSITY\SEMESTER 2\Machine Learning\Sentiment-Analysis_ML\data\raw\MVSA_Single\data\2917.jpg
MVSA_Single/data/2068.jpg,negative,0,0,C:\Users\user\OneDrive\Desktop\KUHNE LOGISTIC UNIVERSITY\SEMESTER 2\Machine Learning\Sentiment-Analysis_ML\data\raw\MVSA_Single\data\2068.jpg
MVSA_Single/data/109.jpg,positive,2,2,C:\Users\user\OneDrive\Desktop\KUHNE LOGISTIC UNIVERSITY\SEMESTER 2\Machine Learning\Sentiment-Analysis_ML\data\raw\MVSA_Single\data\109.jpg
MVSA_Single/data/2325.jpg,positive,2,2,C:\Users\user\OneDrive\Desktop\KUHNE LOGISTIC UNIVERSITY\SEMESTER 2\Machine Learning\Sentiment-Analysis_ML\data\raw\MVSA_Single\data\2325.jpg
MVSA_Single/data/1585.jpg,positive,2,2,C:\Users\user\OneDrive\Desktop\KUHNE LOGISTIC UNIVERSITY\SEMESTER 2\Machine Learning\Sentiment-Analysis_ML\data\raw\MVSA_Single\data\1585.jpg
MVSA_Single/data/1373.jpg,negative,0,0,C:\Users\user\OneDrive\Desktop\KUHNE LOGISTIC UNIVERSITY\SEMESTER 2\Machine Learning\Sentiment-Analysis_ML\data\raw\MVSA_Single\data\1373.jpg
MVSA_Single/data/400.jpg,negative,0,0,C:\Users\user\OneDrive\Desktop\KUHNE LOGISTIC UNIVERSITY\SEMESTER 2\Machine Learning\Sentiment-Analysis_ML\data\raw\MVSA_Single\data\400.jpg
MVSA_Single/data/2533.jpg,positive,2,2,C:\Users\user\OneDrive\Desktop\KUHNE LOGISTIC UNIVERSITY\SEMESTER 2\Machine Learning\Sentiment-Analysis_ML\data\raw\MVSA_Single\data\2533.jpg
MVSA_Single/data/1870.jpg,neutral,1,1,C:\Users\user\OneDrive\Desktop\KUHNE LOGISTIC UNIVERSITY\SEMESTER 2\Machine Learning\Sentiment-Analysis_ML\data\raw\MVSA_Single\data\1870.jpg
MVSA_Single/data/2003.jpg,positive,2,2,C:\Users\user\OneDrive\Desktop\KUHNE LOGISTIC UNIVERSITY\SEMESTER 2\Machine Learning\Sentiment-Analysis_ML\data\raw\MVSA_Single\data\2003.jpg
MVSA_Single/data/886.jpg,negative,0,0,C:\Users\user\OneDrive\Desktop\KUHNE LOGISTIC UNIVERSITY\SEMESTER 2\Machine Learning\Sentiment-Analysis_ML\data\raw\MVSA_Single\data\886.jpg
MVSA_Single/data/4352.jpg,negative,0,0,C:\Users\user\OneDrive\Desktop\KUHNE LOGISTIC UNIVERSITY\SEMESTER 2\Machine Learning\Sentiment-Analysis_ML\data\raw\MVSA_Single\data\4352.jpg
MVSA_Single/data/4692.jpg,positive,2,2,C:\Users\user\OneDrive\Desktop\KUHNE LOGISTIC UNIVERSITY\SEMESTER 2\Machine Learning\Sentiment-Analysis_ML\data\raw\MVSA_Single\data\4692.jpg
MVSA_Single/data/2543.jpg,positive,2,2,C:\Users\user\OneDrive\Desktop\KUHNE LOGISTIC UNIVERSITY\SEMESTER 2\Machine Learning\Sentiment-Analysis_ML\data\raw\MVSA_Single\data\2543.jpg
MVSA_Single/data/1013.jpg,positive,2,2,C:\Users\user\OneDrive\Desktop\KUHNE LOGISTIC UNIVERSITY\SEMESTER 2\Machine Learning\Sentiment-Analysis_ML\data\raw\MVSA_Single\data\1013.jpg
MVSA_Single/data/1631.jpg,positive,2,2,C:\Users\user\OneDrive\Desktop\KUHNE LOGISTIC UNIVERSITY\SEMESTER 2\Machine Learning\Sentiment-Analysis_ML\data\raw\MVSA_Single\data\1631.jpg
MVSA_Single/data/1352.jpg,positive,2,2,C:\Users\user\OneDrive\Desktop\KUHNE LOGISTIC UNIVERSITY\SEMESTER 2\Machine Learning\Sentiment-Analysis_ML\data\raw\MVSA_Single\data\1352.jpg
MVSA_Single/data/1321.jpg,positive,2,2,C:\Users\user\OneDrive\Desktop\KUHNE LOGISTIC UNIVERSITY\SEMESTER 2\Machine Learning\Sentiment-Analysis_ML\data\raw\MVSA_Single\data\1321.jpg
MVSA_Single/data/2987.jpg,positive,2,2,C:\Users\user\OneDrive\Desktop\KUHNE LOGISTIC UNIVERSITY\SEMESTER 2\Machine Learning\Sentiment-Analysis_ML\data\raw\MVSA_Single\data\2987.jpg
MVSA_Single/data/4126.jpg,neutral,1,1,C:\Users\user\OneDrive\Desktop\KUHNE LOGISTIC UNIVERSITY\SEMESTER 2\Machine Learning\Sentiment-Analysis_ML\data\raw\MVSA_Single\data\4126.jpg
MVSA_Single/data/4110.jpg,neutral,1,1,C:\Users\user\OneDrive\Desktop\KUHNE LOGISTIC UNIVERSITY\SEMESTER 2\Machine Learning\Sentiment-Analysis_ML\data\raw\MVSA_Single\data\4110.jpg
MVSA_Single/data/4469.jpg,negative,0,0,C:\Users\user\OneDrive\Desktop\KUHNE LOGISTIC UNIVERSITY\SEMESTER 2\Machine Learning\Sentiment-Analysis_ML\data\raw\MVSA_Single\data\4469.jpg
MVSA_Single/data/4079.jpg,negative,0,0,C:\Users\user\OneDrive\Desktop\KUHNE LOGISTIC UNIVERSITY\SEMESTER 2\Machine Learning\Sentiment-Analysis_ML\data\raw\MVSA_Single\data\4079.jpg
MVSA_Single/data/2787.jpg,neutral,1,1,C:\Users\user\OneDrive\Desktop\KUHNE LOGISTIC UNIVERSITY\SEMESTER 2\Machine Learning\Sentiment-Analysis_ML\data\raw\MVSA_Single\data\2787.jpg
MVSA_Single/data/4846.jpg,negative,0,0,C:\Users\user\OneDrive\Desktop\KUHNE LOGISTIC UNIVERSITY\SEMESTER 2\Machine Learning\Sentiment-Analysis_ML\data\raw\MVSA_Single\data\4846.jpg
MVSA_Single/data/4107.jpg,negative,0,0,C:\Users\user\OneDrive\Desktop\KUHNE LOGISTIC UNIVERSITY\SEMESTER 2\Machine Learning\Sentiment-Analysis_ML\data\raw\MVSA_Single\data\4107.jpg
MVSA_Single/data/188.jpg,negative,0,0,C:\Users\user\OneDrive\Desktop\KUHNE LOGISTIC UNIVERSITY\SEMESTER 2\Machine Learning\Sentiment-Analysis_ML\data\raw\MVSA_Single\data\188.jpg
MVSA_Single/data/122.jpg,positive,2,2,C:\Users\user\OneDrive\Desktop\KUHNE LOGISTIC UNIVERSITY\SEMESTER 2\Machine Learning\Sentiment-Analysis_ML\data\raw\MVSA_Single\data\122.jpg
MVSA_Single/data/4753.jpg,neutral,1,1,C:\Users\user\OneDrive\Desktop\KUHNE LOGISTIC UNIVERSITY\SEMESTER 2\Machine Learning\Sentiment-Analysis_ML\data\raw\MVSA_Single\data\4753.jpg
MVSA_Single/data/2125.jpg,negative,0,0,C:\Users\user\OneDrive\Desktop\KUHNE LOGISTIC UNIVERSITY\SEMESTER 2\Machine Learning\Sentiment-Analysis_ML\data\raw\MVSA_Single\data\2125.jpg
MVSA_Single/data/23.jpg,positive,2,2,C:\Users\user\OneDrive\Desktop\KUHNE LOGISTIC UNIVERSITY\SEMESTER 2\Machine Learning\Sentiment-Analysis_ML\data\raw\MVSA_Single\data\23.jpg
MVSA_Single/data/1864.jpg,positive,2,2,C:\Users\user\OneDrive\Desktop\KUHNE LOGISTIC UNIVERSITY\SEMESTER 2\Machine Learning\Sentiment-Analysis_ML\data\raw\MVSA_Single\data\1864.jpg
MVSA_Single/data/3417.jpg,negative,0,0,C:\Users\user\OneDrive\Desktop\KUHNE LOGISTIC UNIVERSITY\SEMESTER 2\Machine Learning\Sentiment-Analysis_ML\data\raw\MVSA_Single\data\3417.jpg
MVSA_Single/data/4142.jpg,neutral,1,1,C:\Users\user\OneDrive\Desktop\KUHNE LOGISTIC UNIVERSITY\SEMESTER 2\Machine Learning\Sentiment-Analysis_ML\data\raw\MVSA_Single\data\4142.jpg
MVSA_Single/data/4135.jpg,negative,0,0,C:\Users\user\OneDrive\Desktop\KUHNE LOGISTIC UNIVERSITY\SEMESTER 2\Machine Learning\Sentiment-Analysis_ML\data\raw\MVSA_Single\data\4135.jpg
MVSA_Single/data/2011.jpg,positive,2,2,C:\Users\user\OneDrive\Desktop\KUHNE LOGISTIC UNIVERSITY\SEMESTER 2\Machine Learning\Sentiment-Analysis_ML\data\raw\MVSA_Single\data\2011.jpg
MVSA_Single/data/2680.jpg,positive,2,2,C:\Users\user\OneDrive\Desktop\KUHNE LOGISTIC UNIVERSITY\SEMESTER 2\Machine Learning\Sentiment-Analysis_ML\data\raw\MVSA_Single\data\2680.jpg
MVSA_Single/data/3912.jpg,positive,2,2,C:\Users\user\OneDrive\Desktop\KUHNE LOGISTIC UNIVERSITY\SEMESTER 2\Machine Learning\Sentiment-Analysis_ML\data\raw\MVSA_Single\data\3912.jpg
MVSA_Single/data/4131.jpg,positive,2,2,C:\Users\user\OneDrive\Desktop\KUHNE LOGISTIC UNIVERSITY\SEMESTER 2\Machine Learning\Sentiment-Analysis_ML\data\raw\MVSA_Single\data\4131.jpg
MVSA_Single/data/4673.jpg,positive,2,2,C:\Users\user\OneDrive\Desktop\KUHNE LOGISTIC UNIVERSITY\SEMESTER 2\Machine Learning\Sentiment-Analysis_ML\data\raw\MVSA_Single\data\4673.jpg
MVSA_Single/data/3255.jpg,positive,2,2,C:\Users\user\OneDrive\Desktop\KUHNE LOGISTIC UNIVERSITY\SEMESTER 2\Machine Learning\Sentiment-Analysis_ML\data\raw\MVSA_Single\data\3255.jpg
MVSA_Single/data/3986.jpg,negative,0,0,C:\Users\user\OneDrive\Desktop\KUHNE LOGISTIC UNIVERSITY\SEMESTER 2\Machine Learning\Sentiment-Analysis_ML\data\raw\MVSA_Single\data\3986.jpg
MVSA_Single/data/3849.jpg,positive,2,2,C:\Users\user\OneDrive\Desktop\KUHNE LOGISTIC UNIVERSITY\SEMESTER 2\Machine Learning\Sentiment-Analysis_ML\data\raw\MVSA_Single\data\3849.jpg
MVSA_Single/data/4561.jpg,positive,2,2,C:\Users\user\OneDrive\Desktop\KUHNE LOGISTIC UNIVERSITY\SEMESTER 2\Machine Learning\Sentiment-Analysis_ML\data\raw\MVSA_Single\data\4561.jpg
MVSA_Single/data/3997.jpg,neutral,1,1,C:\Users\user\OneDrive\Desktop\KUHNE LOGISTIC UNIVERSITY\SEMESTER 2\Machine Learning\Sentiment-Analysis_ML\data\raw\MVSA_Single\data\3997.jpg
MVSA_Single/data/1660.jpg,negative,0,0,C:\Users\user\OneDrive\Desktop\KUHNE LOGISTIC UNIVERSITY\SEMESTER 2\Machine Learning\Sentiment-Analysis_ML\data\raw\MVSA_Single\data\1660.jpg
MVSA_Single/data/2471.jpg,positive,2,2,C:\Users\user\OneDrive\Desktop\KUHNE LOGISTIC UNIVERSITY\SEMESTER 2\Machine Learning\Sentiment-Analysis_ML\data\raw\MVSA_Single\data\2471.jpg
MVSA_Single/data/3280.jpg,positive,2,2,C:\Users\user\OneDrive\Desktop\KUHNE LOGISTIC UNIVERSITY\SEMESTER 2\Machine Learning\Sentiment-Analysis_ML\data\raw\MVSA_Single\data\3280.jpg
MVSA_Single/data/4952.jpg,neutral,1,1,C:\Users\user\OneDrive\Desktop\KUHNE LOGISTIC UNIVERSITY\SEMESTER 2\Machine Learning\Sentiment-Analysis_ML\data\raw\MVSA_Single\data\4952.jpg
MVSA_Single/data/1529.jpg,positive,2,2,C:\Users\user\OneDrive\Desktop\KUHNE LOGISTIC UNIVERSITY\SEMESTER 2\Machine Learning\Sentiment-Analysis_ML\data\raw\MVSA_Single\data\1529.jpg
MVSA_Single/data/4633.jpg,positive,2,2,C:\Users\user\OneDrive\Desktop\KUHNE LOGISTIC UNIVERSITY\SEMESTER 2\Machine Learning\Sentiment-Analysis_ML\data\raw\MVSA_Single\data\4633.jpg
MVSA_Single/data/4499.jpg,positive,2,2,C:\Users\user\OneDrive\Desktop\KUHNE LOGISTIC UNIVERSITY\SEMESTER 2\Machine Learning\Sentiment-Analysis_ML\data\raw\MVSA_Single\data\4499.jpg
MVSA_Single/data/3151.jpg,positive,2,2,C:\Users\user\OneDrive\Desktop\KUHNE LOGISTIC UNIVERSITY\SEMESTER 2\Machine Learning\Sentiment-Analysis_ML\data\raw\MVSA_Single\data\3151.jpg
MVSA_Single/data/3892.jpg,negative,0,0,C:\Users\user\OneDrive\Desktop\KUHNE LOGISTIC UNIVERSITY\SEMESTER 2\Machine Learning\Sentiment-Analysis_ML\data\raw\MVSA_Single\data\3892.jpg
MVSA_Single/data/3822.jpg,positive,2,2,C:\Users\user\OneDrive\Desktop\KUHNE LOGISTIC UNIVERSITY\SEMESTER 2\Machine Learning\Sentiment-Analysis_ML\data\raw\MVSA_Single\data\3822.jpg
MVSA_Single/data/201.jpg,negative,0,0,C:\Users\user\OneDrive\Desktop\KUHNE LOGISTIC UNIVERSITY\SEMESTER 2\Machine Learning\Sentiment-Analysis_ML\data\raw\MVSA_Single\data\201.jpg
MVSA_Single/data/115.jpg,positive,2,2,C:\Users\user\OneDrive\Desktop\KUHNE LOGISTIC UNIVERSITY\SEMESTER 2\Machine Learning\Sentiment-Analysis_ML\data\raw\MVSA_Single\data\115.jpg
MVSA_Single/data/1104.jpg,neutral,1,1,C:\Users\user\OneDrive\Desktop\KUHNE LOGISTIC UNIVERSITY\SEMESTER 2\Machine Learning\Sentiment-Analysis_ML\data\raw\MVSA_Single\data\1104.jpg
MVSA_Single/data/3139.jpg,negative,0,0,C:\Users\user\OneDrive\Desktop\KUHNE LOGISTIC UNIVERSITY\SEMESTER 2\Machine Learning\Sentiment-Analysis_ML\data\raw\MVSA_Single\data\3139.jpg
MVSA_Single/data/178.jpg,positive,2,2,C:\Users\user\OneDrive\Desktop\KUHNE LOGISTIC UNIVERSITY\SEMESTER 2\Machine Learning\Sentiment-Analysis_ML\data\raw\MVSA_Single\data\178.jpg
MVSA_Single/data/544.jpg,positive,2,2,C:\Users\user\OneDrive\Desktop\KUHNE LOGISTIC UNIVERSITY\SEMESTER 2\Machine Learning\Sentiment-Analysis_ML\data\raw\MVSA_Single\data\544.jpg
MVSA_Single/data/1095.jpg,positive,2,2,C:\Users\user\OneDrive\Desktop\KUHNE LOGISTIC UNIVERSITY\SEMESTER 2\Machine Learning\Sentiment-Analysis_ML\data\raw\MVSA_Single\data\1095.jpg
MVSA_Single/data/4521.jpg,neutral,1,1,C:\Users\user\OneDrive\Desktop\KUHNE LOGISTIC UNIVERSITY\SEMESTER 2\Machine Learning\Sentiment-Analysis_ML\data\raw\MVSA_Single\data\4521.jpg
MVSA_Single/data/1353.jpg,positive,2,2,C:\Users\user\OneDrive\Desktop\KUHNE LOGISTIC UNIVERSITY\SEMESTER 2\Machine Learning\Sentiment-Analysis_ML\data\raw\MVSA_Single\data\1353.jpg
MVSA_Single/data/1337.jpg,positive,2,2,C:\Users\user\OneDrive\Desktop\KUHNE LOGISTIC UNIVERSITY\SEMESTER 2\Machine Learning\Sentiment-Analysis_ML\data\raw\MVSA_Single\data\1337.jpg
MVSA_Single/data/299.jpg,positive,2,2,C:\Users\user\OneDrive\Desktop\KUHNE LOGISTIC UNIVERSITY\SEMESTER 2\Machine Learning\Sentiment-Analysis_ML\data\raw\MVSA_Single\data\299.jpg
MVSA_Single/data/4670.jpg,positive,2,2,C:\Users\user\OneDrive\Desktop\KUHNE LOGISTIC UNIVERSITY\SEMESTER 2\Machine Learning\Sentiment-Analysis_ML\data\raw\MVSA_Single\data\4670.jpg
MVSA_Single/data/2513.jpg,positive,2,2,C:\Users\user\OneDrive\Desktop\KUHNE LOGISTIC UNIVERSITY\SEMESTER 2\Machine Learning\Sentiment-Analysis_ML\data\raw\MVSA_Single\data\2513.jpg
MVSA_Single/data/528.jpg,neutral,1,1,C:\Users\user\OneDrive\Desktop\KUHNE LOGISTIC UNIVERSITY\SEMESTER 2\Machine Learning\Sentiment-Analysis_ML\data\raw\MVSA_Single\data\528.jpg
MVSA_Single/data/2470.jpg,positive,2,2,C:\Users\user\OneDrive\Desktop\KUHNE LOGISTIC UNIVERSITY\SEMESTER 2\Machine Learning\Sentiment-Analysis_ML\data\raw\MVSA_Single\data\2470.jpg
MVSA_Single/data/3914.jpg,positive,2,2,C:\Users\user\OneDrive\Desktop\KUHNE LOGISTIC UNIVERSITY\SEMESTER 2\Machine Learning\Sentiment-Analysis_ML\data\raw\MVSA_Single\data\3914.jpg
MVSA_Single/data/356.jpg,neutral,1,1,C:\Users\user\OneDrive\Desktop\KUHNE LOGISTIC UNIVERSITY\SEMESTER 2\Machine Learning\Sentiment-Analysis_ML\data\raw\MVSA_Single\data\356.jpg
MVSA_Single/data/3069.jpg,positive,2,2,C:\Users\user\OneDrive\Desktop\KUHNE LOGISTIC UNIVERSITY\SEMESTER 2\Machine Learning\Sentiment-Analysis_ML\data\raw\MVSA_Single\data\3069.jpg
MVSA_Single/data/498.jpg,positive,2,2,C:\Users\user\OneDrive\Desktop\KUHNE LOGISTIC UNIVERSITY\SEMESTER 2\Machine Learning\Sentiment-Analysis_ML\data\raw\MVSA_Single\data\498.jpg
MVSA_Single/data/3100.jpg,positive,2,2,C:\Users\user\OneDrive\Desktop\KUHNE LOGISTIC UNIVERSITY\SEMESTER 2\Machine Learning\Sentiment-Analysis_ML\data\raw\MVSA_Single\data\3100.jpg
MVSA_Single/data/2771.jpg,positive,2,2,C:\Users\user\OneDrive\Desktop\KUHNE LOGISTIC UNIVERSITY\SEMESTER 2\Machine Learning\Sentiment-Analysis_ML\data\raw\MVSA_Single\data\2771.jpg
MVSA_Single/data/4320.jpg,neutral,1,1,C:\Users\user\OneDrive\Desktop\KUHNE LOGISTIC UNIVERSITY\SEMESTER 2\Machine Learning\Sentiment-Analysis_ML\data\raw\MVSA_Single\data\4320.jpg
MVSA_Single/data/1270.jpg,positive,2,2,C:\Users\user\OneDrive\Desktop\KUHNE LOGISTIC UNIVERSITY\SEMESTER 2\Machine Learning\Sentiment-Analysis_ML\data\raw\MVSA_Single\data\1270.jpg
MVSA_Single/data/2490.jpg,positive,2,2,C:\Users\user\OneDrive\Desktop\KUHNE LOGISTIC UNIVERSITY\SEMESTER 2\Machine Learning\Sentiment-Analysis_ML\data\raw\MVSA_Single\data\2490.jpg
MVSA_Single/data/540.jpg,positive,2,2,C:\Users\user\OneDrive\Desktop\KUHNE LOGISTIC UNIVERSITY\SEMESTER 2\Machine Learning\Sentiment-Analysis_ML\data\raw\MVSA_Single\data\540.jpg
MVSA_Single/data/2916.jpg,neutral,1,1,C:\Users\user\OneDrive\Desktop\KUHNE LOGISTIC UNIVERSITY\SEMESTER 2\Machine Learning\Sentiment-Analysis_ML\data\raw\MVSA_Single\data\2916.jpg
MVSA_Single/data/2786.jpg,neutral,1,1,C:\Users\user\OneDrive\Desktop\KUHNE LOGISTIC UNIVERSITY\SEMESTER 2\Machine Learning\Sentiment-Analysis_ML\data\raw\MVSA_Single\data\2786.jpg
MVSA_Single/data/702.jpg,positive,2,2,C:\Users\user\OneDrive\Desktop\KUHNE LOGISTIC UNIVERSITY\SEMESTER 2\Machine Learning\Sentiment-Analysis_ML\data\raw\MVSA_Single\data\702.jpg
MVSA_Single/data/3180.jpg,neutral,1,1,C:\Users\user\OneDrive\Desktop\KUHNE LOGISTIC UNIVERSITY\SEMESTER 2\Machine Learning\Sentiment-Analysis_ML\data\raw\MVSA_Single\data\3180.jpg
MVSA_Single/data/829.jpg,positive,2,2,C:\Users\user\OneDrive\Desktop\KUHNE LOGISTIC UNIVERSITY\SEMESTER 2\Machine Learning\Sentiment-Analysis_ML\data\raw\MVSA_Single\data\829.jpg
MVSA_Single/data/1150.jpg,positive,2,2,C:\Users\user\OneDrive\Desktop\KUHNE LOGISTIC UNIVERSITY\SEMESTER 2\Machine Learning\Sentiment-Analysis_ML\data\raw\MVSA_Single\data\1150.jpg
MVSA_Single/data/1577.jpg,negative,0,0,C:\Users\user\OneDrive\Desktop\KUHNE LOGISTIC UNIVERSITY\SEMESTER 2\Machine Learning\Sentiment-Analysis_ML\data\raw\MVSA_Single\data\1577.jpg
MVSA_Single/data/989.jpg,positive,2,2,C:\Users\user\OneDrive\Desktop\KUHNE LOGISTIC UNIVERSITY\SEMESTER 2\Machine Learning\Sentiment-Analysis_ML\data\raw\MVSA_Single\data\989.jpg
MVSA_Single/data/3485.jpg,positive,2,2,C:\Users\user\OneDrive\Desktop\KUHNE LOGISTIC UNIVERSITY\SEMESTER 2\Machine Learning\Sentiment-Analysis_ML\data\raw\MVSA_Single\data\3485.jpg
MVSA_Single/data/4242.jpg,positive,2,2,C:\Users\user\OneDrive\Desktop\KUHNE LOGISTIC UNIVERSITY\SEMESTER 2\Machine Learning\Sentiment-Analysis_ML\data\raw\MVSA_Single\data\4242.jpg
MVSA_Single/data/2845.jpg,positive,2,2,C:\Users\user\OneDrive\Desktop\KUHNE LOGISTIC UNIVERSITY\SEMESTER 2\Machine Learning\Sentiment-Analysis_ML\data\raw\MVSA_Single\data\2845.jpg
MVSA_Single/data/907.jpg,positive,2,2,C:\Users\user\OneDrive\Desktop\KUHNE LOGISTIC UNIVERSITY\SEMESTER 2\Machine Learning\Sentiment-Analysis_ML\data\raw\MVSA_Single\data\907.jpg
MVSA_Single/data/1691.jpg,neutral,1,1,C:\Users\user\OneDrive\Desktop\KUHNE LOGISTIC UNIVERSITY\SEMESTER 2\Machine Learning\Sentiment-Analysis_ML\data\raw\MVSA_Single\data\1691.jpg
MVSA_Single/data/4349.jpg,neutral,1,1,C:\Users\user\OneDrive\Desktop\KUHNE LOGISTIC UNIVERSITY\SEMESTER 2\Machine Learning\Sentiment-Analysis_ML\data\raw\MVSA_Single\data\4349.jpg
MVSA_Single/data/460.jpg,negative,0,0,C:\Users\user\OneDrive\Desktop\KUHNE LOGISTIC UNIVERSITY\SEMESTER 2\Machine Learning\Sentiment-Analysis_ML\data\raw\MVSA_Single\data\460.jpg
MVSA_Single/data/2737.jpg,neutral,1,1,C:\Users\user\OneDrive\Desktop\KUHNE LOGISTIC UNIVERSITY\SEMESTER 2\Machine Learning\Sentiment-Analysis_ML\data\raw\MVSA_Single\data\2737.jpg
MVSA_Single/data/4993.jpg,positive,2,2,C:\Users\user\OneDrive\Desktop\KUHNE LOGISTIC UNIVERSITY\SEMESTER 2\Machine Learning\Sentiment-Analysis_ML\data\raw\MVSA_Single\data\4993.jpg
MVSA_Single/data/238.jpg,positive,2,2,C:\Users\user\OneDrive\Desktop\KUHNE LOGISTIC UNIVERSITY\SEMESTER 2\Machine Learning\Sentiment-Analysis_ML\data\raw\MVSA_Single\data\238.jpg
MVSA_Single/data/790.jpg,positive,2,2,C:\Users\user\OneDrive\Desktop\KUHNE LOGISTIC UNIVERSITY\SEMESTER 2\Machine Learning\Sentiment-Analysis_ML\data\raw\MVSA_Single\data\790.jpg
MVSA_Single/data/1544.jpg,negative,0,0,C:\Users\user\OneDrive\Desktop\KUHNE LOGISTIC UNIVERSITY\SEMESTER 2\Machine Learning\Sentiment-Analysis_ML\data\raw\MVSA_Single\data\1544.jpg
MVSA_Single/data/447.jpg,positive,2,2,C:\Users\user\OneDrive\Desktop\KUHNE LOGISTIC UNIVERSITY\SEMESTER 2\Machine Learning\Sentiment-Analysis_ML\data\raw\MVSA_Single\data\447.jpg
MVSA_Single/data/1837.jpg,neutral,1,1,C:\Users\user\OneDrive\Desktop\KUHNE LOGISTIC UNIVERSITY\SEMESTER 2\Machine Learning\Sentiment-Analysis_ML\data\raw\MVSA_Single\data\1837.jpg
MVSA_Single/data/4911.jpg,neutral,1,1,C:\Users\user\OneDrive\Desktop\KUHNE LOGISTIC UNIVERSITY\SEMESTER 2\Machine Learning\Sentiment-Analysis_ML\data\raw\MVSA_Single\data\4911.jpg
MVSA_Single/data/4297.jpg,negative,0,0,C:\Users\user\OneDrive\Desktop\KUHNE LOGISTIC UNIVERSITY\SEMESTER 2\Machine Learning\Sentiment-Analysis_ML\data\raw\MVSA_Single\data\4297.jpg
MVSA_Single/data/4099.jpg,positive,2,2,C:\Users\user\OneDrive\Desktop\KUHNE LOGISTIC UNIVERSITY\SEMESTER 2\Machine Learning\Sentiment-Analysis_ML\data\raw\MVSA_Single\data\4099.jpg
MVSA_Single/data/3443.jpg,positive,2,2,C:\Users\user\OneDrive\Desktop\KUHNE LOGISTIC UNIVERSITY\SEMESTER 2\Machine Learning\Sentiment-Analysis_ML\data\raw\MVSA_Single\data\3443.jpg
MVSA_Single/data/3239.jpg,positive,2,2,C:\Users\user\OneDrive\Desktop\KUHNE LOGISTIC UNIVERSITY\SEMESTER 2\Machine Learning\Sentiment-Analysis_ML\data\raw\MVSA_Single\data\3239.jpg
MVSA_Single/data/1807.jpg,negative,0,0,C:\Users\user\OneDrive\Desktop\KUHNE LOGISTIC UNIVERSITY\SEMESTER 2\Machine Learning\Sentiment-Analysis_ML\data\raw\MVSA_Single\data\1807.jpg
MVSA_Single/data/1027.jpg,negative,0,0,C:\Users\user\OneDrive\Desktop\KUHNE LOGISTIC UNIVERSITY\SEMESTER 2\Machine Learning\Sentiment-Analysis_ML\data\raw\MVSA_Single\data\1027.jpg
MVSA_Single/data/36.jpg,positive,2,2,C:\Users\user\OneDrive\Desktop\KUHNE LOGISTIC UNIVERSITY\SEMESTER 2\Machine Learning\Sentiment-Analysis_ML\data\raw\MVSA_Single\data\36.jpg
MVSA_Single/data/721.jpg,positive,2,2,C:\Users\user\OneDrive\Desktop\KUHNE LOGISTIC UNIVERSITY\SEMESTER 2\Machine Learning\Sentiment-Analysis_ML\data\raw\MVSA_Single\data\721.jpg
MVSA_Single/data/344.jpg,negative,0,0,C:\Users\user\OneDrive\Desktop\KUHNE LOGISTIC UNIVERSITY\SEMESTER 2\Machine Learning\Sentiment-Analysis_ML\data\raw\MVSA_Single\data\344.jpg
MVSA_Single/data/39.jpg,neutral,1,1,C:\Users\user\OneDrive\Desktop\KUHNE LOGISTIC UNIVERSITY\SEMESTER 2\Machine Learning\Sentiment-Analysis_ML\data\raw\MVSA_Single\data\39.jpg
MVSA_Single/data/478.jpg,positive,2,2,C:\Users\user\OneDrive\Desktop\KUHNE LOGISTIC UNIVERSITY\SEMESTER 2\Machine Learning\Sentiment-Analysis_ML\data\raw\MVSA_Single\data\478.jpg
MVSA_Single/data/1569.jpg,positive,2,2,C:\Users\user\OneDrive\Desktop\KUHNE LOGISTIC UNIVERSITY\SEMESTER 2\Machine Learning\Sentiment-Analysis_ML\data\raw\MVSA_Single\data\1569.jpg
MVSA_Single/data/274.jpg,positive,2,2,C:\Users\user\OneDrive\Desktop\KUHNE LOGISTIC UNIVERSITY\SEMESTER 2\Machine Learning\Sentiment-Analysis_ML\data\raw\MVSA_Single\data\274.jpg
MVSA_Single/data/2647.jpg,negative,0,0,C:\Users\user\OneDrive\Desktop\KUHNE LOGISTIC UNIVERSITY\SEMESTER 2\Machine Learning\Sentiment-Analysis_ML\data\raw\MVSA_Single\data\2647.jpg
MVSA_Single/data/3436.jpg,negative,0,0,C:\Users\user\OneDrive\Desktop\KUHNE LOGISTIC UNIVERSITY\SEMESTER 2\Machine Learning\Sentiment-Analysis_ML\data\raw\MVSA_Single\data\3436.jpg
MVSA_Single/data/4265.jpg,negative,0,0,C:\Users\user\OneDrive\Desktop\KUHNE LOGISTIC UNIVERSITY\SEMESTER 2\Machine Learning\Sentiment-Analysis_ML\data\raw\MVSA_Single\data\4265.jpg
MVSA_Single/data/1224.jpg,positive,2,2,C:\Users\user\OneDrive\Desktop\KUHNE LOGISTIC UNIVERSITY\SEMESTER 2\Machine Learning\Sentiment-Analysis_ML\data\raw\MVSA_Single\data\1224.jpg
MVSA_Single/data/4732.jpg,positive,2,2,C:\Users\user\OneDrive\Desktop\KUHNE LOGISTIC UNIVERSITY\SEMESTER 2\Machine Learning\Sentiment-Analysis_ML\data\raw\MVSA_Single\data\4732.jpg
MVSA_Single/data/4553.jpg,positive,2,2,C:\Users\user\OneDrive\Desktop\KUHNE LOGISTIC UNIVERSITY\SEMESTER 2\Machine Learning\Sentiment-Analysis_ML\data\raw\MVSA_Single\data\4553.jpg
MVSA_Single/data/2773.jpg,positive,2,2,C:\Users\user\OneDrive\Desktop\KUHNE LOGISTIC UNIVERSITY\SEMESTER 2\Machine Learning\Sentiment-Analysis_ML\data\raw\MVSA_Single\data\2773.jpg
MVSA_Single/data/3457.jpg,positive,2,2,C:\Users\user\OneDrive\Desktop\KUHNE LOGISTIC UNIVERSITY\SEMESTER 2\Machine Learning\Sentiment-Analysis_ML\data\raw\MVSA_Single\data\3457.jpg
MVSA_Single/data/4627.jpg,negative,0,0,C:\Users\user\OneDrive\Desktop\KUHNE LOGISTIC UNIVERSITY\SEMESTER 2\Machine Learning\Sentiment-Analysis_ML\data\raw\MVSA_Single\data\4627.jpg
MVSA_Single/data/1567.jpg,positive,2,2,C:\Users\user\OneDrive\Desktop\KUHNE LOGISTIC UNIVERSITY\SEMESTER 2\Machine Learning\Sentiment-Analysis_ML\data\raw\MVSA_Single\data\1567.jpg
MVSA_Single/data/1573.jpg,negative,0,0,C:\Users\user\OneDrive\Desktop\KUHNE LOGISTIC UNIVERSITY\SEMESTER 2\Machine Learning\Sentiment-Analysis_ML\data\raw\MVSA_Single\data\1573.jpg
MVSA_Single/data/1833.jpg,positive,2,2,C:\Users\user\OneDrive\Desktop\KUHNE LOGISTIC UNIVERSITY\SEMESTER 2\Machine Learning\Sentiment-Analysis_ML\data\raw\MVSA_Single\data\1833.jpg
MVSA_Single/data/2809.jpg,neutral,1,1,C:\Users\user\OneDrive\Desktop\KUHNE LOGISTIC UNIVERSITY\SEMESTER 2\Machine Learning\Sentiment-Analysis_ML\data\raw\MVSA_Single\data\2809.jpg
MVSA_Single/data/685.jpg,negative,0,0,C:\Users\user\OneDrive\Desktop\KUHNE LOGISTIC UNIVERSITY\SEMESTER 2\Machine Learning\Sentiment-Analysis_ML\data\raw\MVSA_Single\data\685.jpg
MVSA_Single/data/5058.jpg,negative,0,0,C:\Users\user\OneDrive\Desktop\KUHNE LOGISTIC UNIVERSITY\SEMESTER 2\Machine Learning\Sentiment-Analysis_ML\data\raw\MVSA_Single\data\5058.jpg
MVSA_Single/data/3407.jpg,positive,2,2,C:\Users\user\OneDrive\Desktop\KUHNE LOGISTIC UNIVERSITY\SEMESTER 2\Machine Learning\Sentiment-Analysis_ML\data\raw\MVSA_Single\data\3407.jpg
MVSA_Single/data/1384.jpg,positive,2,2,C:\Users\user\OneDrive\Desktop\KUHNE LOGISTIC UNIVERSITY\SEMESTER 2\Machine Learning\Sentiment-Analysis_ML\data\raw\MVSA_Single\data\1384.jpg
MVSA_Single/data/99.jpg,positive,2,2,C:\Users\user\OneDrive\Desktop\KUHNE LOGISTIC UNIVERSITY\SEMESTER 2\Machine Learning\Sentiment-Analysis_ML\data\raw\MVSA_Single\data\99.jpg
MVSA_Single/data/2624.jpg,positive,2,2,C:\Users\user\OneDrive\Desktop\KUHNE LOGISTIC UNIVERSITY\SEMESTER 2\Machine Learning\Sentiment-Analysis_ML\data\raw\MVSA_Single\data\2624.jpg
MVSA_Single/data/3379.jpg,positive,2,2,C:\Users\user\OneDrive\Desktop\KUHNE LOGISTIC UNIVERSITY\SEMESTER 2\Machine Learning\Sentiment-Analysis_ML\data\raw\MVSA_Single\data\3379.jpg
MVSA_Single/data/1507.jpg,negative,0,0,C:\Users\user\OneDrive\Desktop\KUHNE LOGISTIC UNIVERSITY\SEMESTER 2\Machine Learning\Sentiment-Analysis_ML\data\raw\MVSA_Single\data\1507.jpg
MVSA_Single/data/2507.jpg,positive,2,2,C:\Users\user\OneDrive\Desktop\KUHNE LOGISTIC UNIVERSITY\SEMESTER 2\Machine Learning\Sentiment-Analysis_ML\data\raw\MVSA_Single\data\2507.jpg
MVSA_Single/data/663.jpg,positive,2,2,C:\Users\user\OneDrive\Desktop\KUHNE LOGISTIC UNIVERSITY\SEMESTER 2\Machine Learning\Sentiment-Analysis_ML\data\raw\MVSA_Single\data\663.jpg
MVSA_Single/data/4503.jpg,positive,2,2,C:\Users\user\OneDrive\Desktop\KUHNE LOGISTIC UNIVERSITY\SEMESTER 2\Machine Learning\Sentiment-Analysis_ML\data\raw\MVSA_Single\data\4503.jpg
MVSA_Single/data/919.jpg,negative,0,0,C:\Users\user\OneDrive\Desktop\KUHNE LOGISTIC UNIVERSITY\SEMESTER 2\Machine Learning\Sentiment-Analysis_ML\data\raw\MVSA_Single\data\919.jpg
MVSA_Single/data/1420.jpg,positive,2,2,C:\Users\user\OneDrive\Desktop\KUHNE LOGISTIC UNIVERSITY\SEMESTER 2\Machine Learning\Sentiment-Analysis_ML\data\raw\MVSA_Single\data\1420.jpg
MVSA_Single/data/4022.jpg,positive,2,2,C:\Users\user\OneDrive\Desktop\KUHNE LOGISTIC UNIVERSITY\SEMESTER 2\Machine Learning\Sentiment-Analysis_ML\data\raw\MVSA_Single\data\4022.jpg
MVSA_Single/data/2532.jpg,positive,2,2,C:\Users\user\OneDrive\Desktop\KUHNE LOGISTIC UNIVERSITY\SEMESTER 2\Machine Learning\Sentiment-Analysis_ML\data\raw\MVSA_Single\data\2532.jpg
MVSA_Single/data/2114.jpg,negative,0,0,C:\Users\user\OneDrive\Desktop\KUHNE LOGISTIC UNIVERSITY\SEMESTER 2\Machine Learning\Sentiment-Analysis_ML\data\raw\MVSA_Single\data\2114.jpg
MVSA_Single/data/4344.jpg,neutral,1,1,C:\Users\user\OneDrive\Desktop\KUHNE LOGISTIC UNIVERSITY\SEMESTER 2\Machine Learning\Sentiment-Analysis_ML\data\raw\MVSA_Single\data\4344.jpg
MVSA_Single/data/4538.jpg,positive,2,2,C:\Users\user\OneDrive\Desktop\KUHNE LOGISTIC UNIVERSITY\SEMESTER 2\Machine Learning\Sentiment-Analysis_ML\data\raw\MVSA_Single\data\4538.jpg
MVSA_Single/data/4404.jpg,positive,2,2,C:\Users\user\OneDrive\Desktop\KUHNE LOGISTIC UNIVERSITY\SEMESTER 2\Machine Learning\Sentiment-Analysis_ML\data\raw\MVSA_Single\data\4404.jpg
MVSA_Single/data/1449.jpg,positive,2,2,C:\Users\user\OneDrive\Desktop\KUHNE LOGISTIC UNIVERSITY\SEMESTER 2\Machine Learning\Sentiment-Analysis_ML\data\raw\MVSA_Single\data\1449.jpg
MVSA_Single/data/4955.jpg,positive,2,2,C:\Users\user\OneDrive\Desktop\KUHNE LOGISTIC UNIVERSITY\SEMESTER 2\Machine Learning\Sentiment-Analysis_ML\data\raw\MVSA_Single\data\4955.jpg
MVSA_Single/data/3424.jpg,negative,0,0,C:\Users\user\OneDrive\Desktop\KUHNE LOGISTIC UNIVERSITY\SEMESTER 2\Machine Learning\Sentiment-Analysis_ML\data\raw\MVSA_Single\data\3424.jpg
MVSA_Single/data/4545.jpg,neutral,1,1,C:\Users\user\OneDrive\Desktop\KUHNE LOGISTIC UNIVERSITY\SEMESTER 2\Machine Learning\Sentiment-Analysis_ML\data\raw\MVSA_Single\data\4545.jpg
MVSA_Single/data/4144.jpg,neutral,1,1,C:\Users\user\OneDrive\Desktop\KUHNE LOGISTIC UNIVERSITY\SEMESTER 2\Machine Learning\Sentiment-Analysis_ML\data\raw\MVSA_Single\data\4144.jpg
MVSA_Single/data/2161.jpg,positive,2,2,C:\Users\user\OneDrive\Desktop\KUHNE LOGISTIC UNIVERSITY\SEMESTER 2\Machine Learning\Sentiment-Analysis_ML\data\raw\MVSA_Single\data\2161.jpg
MVSA_Single/data/552.jpg,neutral,1,1,C:\Users\user\OneDrive\Desktop\KUHNE LOGISTIC UNIVERSITY\SEMESTER 2\Machine Learning\Sentiment-Analysis_ML\data\raw\MVSA_Single\data\552.jpg
MVSA_Single/data/851.jpg,positive,2,2,C:\Users\user\OneDrive\Desktop\KUHNE LOGISTIC UNIVERSITY\SEMESTER 2\Machine Learning\Sentiment-Analysis_ML\data\raw\MVSA_Single\data\851.jpg
MVSA_Single/data/4695.jpg,positive,2,2,C:\Users\user\OneDrive\Desktop\KUHNE LOGISTIC UNIVERSITY\SEMESTER 2\Machine Learning\Sentiment-Analysis_ML\data\raw\MVSA_Single\data\4695.jpg
MVSA_Single/data/82.jpg,neutral,1,1,C:\Users\user\OneDrive\Desktop\KUHNE LOGISTIC UNIVERSITY\SEMESTER 2\Machine Learning\Sentiment-Analysis_ML\data\raw\MVSA_Single\data\82.jpg
MVSA_Single/data/4612.jpg,negative,0,0,C:\Users\user\OneDrive\Desktop\KUHNE LOGISTIC UNIVERSITY\SEMESTER 2\Machine Learning\Sentiment-Analysis_ML\data\raw\MVSA_Single\data\4612.jpg
MVSA_Single/data/1489.jpg,positive,2,2,C:\Users\user\OneDrive\Desktop\KUHNE LOGISTIC UNIVERSITY\SEMESTER 2\Machine Learning\Sentiment-Analysis_ML\data\raw\MVSA_Single\data\1489.jpg
MVSA_Single/data/4575.jpg,positive,2,2,C:\Users\user\OneDrive\Desktop\KUHNE LOGISTIC UNIVERSITY\SEMESTER 2\Machine Learning\Sentiment-Analysis_ML\data\raw\MVSA_Single\data\4575.jpg
MVSA_Single/data/718.jpg,neutral,1,1,C:\Users\user\OneDrive\Desktop\KUHNE LOGISTIC UNIVERSITY\SEMESTER 2\Machine Learning\Sentiment-Analysis_ML\data\raw\MVSA_Single\data\718.jpg
MVSA_Single/data/4718.jpg,negative,0,0,C:\Users\user\OneDrive\Desktop\KUHNE LOGISTIC UNIVERSITY\SEMESTER 2\Machine Learning\Sentiment-Analysis_ML\data\raw\MVSA_Single\data\4718.jpg
MVSA_Single/data/4493.jpg,positive,2,2,C:\Users\user\OneDrive\Desktop\KUHNE LOGISTIC UNIVERSITY\SEMESTER 2\Machine Learning\Sentiment-Analysis_ML\data\raw\MVSA_Single\data\4493.jpg
MVSA_Single/data/4030.jpg,positive,2,2,C:\Users\user\OneDrive\Desktop\KUHNE LOGISTIC UNIVERSITY\SEMESTER 2\Machine Learning\Sentiment-Analysis_ML\data\raw\MVSA_Single\data\4030.jpg
MVSA_Single/data/3117.jpg,negative,0,0,C:\Users\user\OneDrive\Desktop\KUHNE LOGISTIC UNIVERSITY\SEMESTER 2\Machine Learning\Sentiment-Analysis_ML\data\raw\MVSA_Single\data\3117.jpg
MVSA_Single/data/903.jpg,positive,2,2,C:\Users\user\OneDrive\Desktop\KUHNE LOGISTIC UNIVERSITY\SEMESTER 2\Machine Learning\Sentiment-Analysis_ML\data\raw\MVSA_Single\data\903.jpg
MVSA_Single/data/3088.jpg,positive,2,2,C:\Users\user\OneDrive\Desktop\KUHNE LOGISTIC UNIVERSITY\SEMESTER 2\Machine Learning\Sentiment-Analysis_ML\data\raw\MVSA_Single\data\3088.jpg
MVSA_Single/data/2738.jpg,neutral,1,1,C:\Users\user\OneDrive\Desktop\KUHNE LOGISTIC UNIVERSITY\SEMESTER 2\Machine Learning\Sentiment-Analysis_ML\data\raw\MVSA_Single\data\2738.jpg
MVSA_Single/data/1163.jpg,positive,2,2,C:\Users\user\OneDrive\Desktop\KUHNE LOGISTIC UNIVERSITY\SEMESTER 2\Machine Learning\Sentiment-Analysis_ML\data\raw\MVSA_Single\data\1163.jpg
MVSA_Single/data/3391.jpg,positive,2,2,C:\Users\user\OneDrive\Desktop\KUHNE LOGISTIC UNIVERSITY\SEMESTER 2\Machine Learning\Sentiment-Analysis_ML\data\raw\MVSA_Single\data\3391.jpg
MVSA_Single/data/2476.jpg,negative,0,0,C:\Users\user\OneDrive\Desktop\KUHNE LOGISTIC UNIVERSITY\SEMESTER 2\Machine Learning\Sentiment-Analysis_ML\data\raw\MVSA_Single\data\2476.jpg
MVSA_Single/data/557.jpg,neutral,1,1,C:\Users\user\OneDrive\Desktop\KUHNE LOGISTIC UNIVERSITY\SEMESTER 2\Machine Learning\Sentiment-Analysis_ML\data\raw\MVSA_Single\data\557.jpg
MVSA_Single/data/1546.jpg,negative,0,0,C:\Users\user\OneDrive\Desktop\KUHNE LOGISTIC UNIVERSITY\SEMESTER 2\Machine Learning\Sentiment-Analysis_ML\data\raw\MVSA_Single\data\1546.jpg
MVSA_Single/data/3387.jpg,positive,2,2,C:\Users\user\OneDrive\Desktop\KUHNE LOGISTIC UNIVERSITY\SEMESTER 2\Machine Learning\Sentiment-Analysis_ML\data\raw\MVSA_Single\data\3387.jpg
MVSA_Single/data/4625.jpg,neutral,1,1,C:\Users\user\OneDrive\Desktop\KUHNE LOGISTIC UNIVERSITY\SEMESTER 2\Machine Learning\Sentiment-Analysis_ML\data\raw\MVSA_Single\data\4625.jpg
MVSA_Single/data/3073.jpg,neutral,1,1,C:\Users\user\OneDrive\Desktop\KUHNE LOGISTIC UNIVERSITY\SEMESTER 2\Machine Learning\Sentiment-Analysis_ML\data\raw\MVSA_Single\data\3073.jpg
MVSA_Single/data/2685.jpg,negative,0,0,C:\Users\user\OneDrive\Desktop\KUHNE LOGISTIC UNIVERSITY\SEMESTER 2\Machine Learning\Sentiment-Analysis_ML\data\raw\MVSA_Single\data\2685.jpg
MVSA_Single/data/2610.jpg,positive,2,2,C:\Users\user\OneDrive\Desktop\KUHNE LOGISTIC UNIVERSITY\SEMESTER 2\Machine Learning\Sentiment-Analysis_ML\data\raw\MVSA_Single\data\2610.jpg
MVSA_Single/data/2743.jpg,negative,0,0,C:\Users\user\OneDrive\Desktop\KUHNE LOGISTIC UNIVERSITY\SEMESTER 2\Machine Learning\Sentiment-Analysis_ML\data\raw\MVSA_Single\data\2743.jpg
MVSA_Single/data/34.jpg,positive,2,2,C:\Users\user\OneDrive\Desktop\KUHNE LOGISTIC UNIVERSITY\SEMESTER 2\Machine Learning\Sentiment-Analysis_ML\data\raw\MVSA_Single\data\34.jpg
MVSA_Single/data/1201.jpg,positive,2,2,C:\Users\user\OneDrive\Desktop\KUHNE LOGISTIC UNIVERSITY\SEMESTER 2\Machine Learning\Sentiment-Analysis_ML\data\raw\MVSA_Single\data\1201.jpg
MVSA_Single/data/1052.jpg,negative,0,0,C:\Users\user\OneDrive\Desktop\KUHNE LOGISTIC UNIVERSITY\SEMESTER 2\Machine Learning\Sentiment-Analysis_ML\data\raw\MVSA_Single\data\1052.jpg
MVSA_Single/data/458.jpg,positive,2,2,C:\Users\user\OneDrive\Desktop\KUHNE LOGISTIC UNIVERSITY\SEMESTER 2\Machine Learning\Sentiment-Analysis_ML\data\raw\MVSA_Single\data\458.jpg
MVSA_Single/data/686.jpg,positive,2,2,C:\Users\user\OneDrive\Desktop\KUHNE LOGISTIC UNIVERSITY\SEMESTER 2\Machine Learning\Sentiment-Analysis_ML\data\raw\MVSA_Single\data\686.jpg
MVSA_Single/data/539.jpg,negative,0,0,C:\Users\user\OneDrive\Desktop\KUHNE LOGISTIC UNIVERSITY\SEMESTER 2\Machine Learning\Sentiment-Analysis_ML\data\raw\MVSA_Single\data\539.jpg
MVSA_Single/data/1624.jpg,positive,2,2,C:\Users\user\OneDrive\Desktop\KUHNE LOGISTIC UNIVERSITY\SEMESTER 2\Machine Learning\Sentiment-Analysis_ML\data\raw\MVSA_Single\data\1624.jpg
MVSA_Single/data/1203.jpg,positive,2,2,C:\Users\user\OneDrive\Desktop\KUHNE LOGISTIC UNIVERSITY\SEMESTER 2\Machine Learning\Sentiment-Analysis_ML\data\raw\MVSA_Single\data\1203.jpg
MVSA_Single/data/234.jpg,negative,0,0,C:\Users\user\OneDrive\Desktop\KUHNE LOGISTIC UNIVERSITY\SEMESTER 2\Machine Learning\Sentiment-Analysis_ML\data\raw\MVSA_Single\data\234.jpg
MVSA_Single/data/503.jpg,positive,2,2,C:\Users\user\OneDrive\Desktop\KUHNE LOGISTIC UNIVERSITY\SEMESTER 2\Machine Learning\Sentiment-Analysis_ML\data\raw\MVSA_Single\data\503.jpg
MVSA_Single/data/1515.jpg,negative,0,0,C:\Users\user\OneDrive\Desktop\KUHNE LOGISTIC UNIVERSITY\SEMESTER 2\Machine Learning\Sentiment-Analysis_ML\data\raw\MVSA_Single\data\1515.jpg
MVSA_Single/data/846.jpg,positive,2,2,C:\Users\user\OneDrive\Desktop\KUHNE LOGISTIC UNIVERSITY\SEMESTER 2\Machine Learning\Sentiment-Analysis_ML\data\raw\MVSA_Single\data\846.jpg
MVSA_Single/data/4146.jpg,neutral,1,1,C:\Users\user\OneDrive\Desktop\KUHNE LOGISTIC UNIVERSITY\SEMESTER 2\Machine Learning\Sentiment-Analysis_ML\data\raw\MVSA_Single\data\4146.jpg
MVSA_Single/data/1031.jpg,positive,2,2,C:\Users\user\OneDrive\Desktop\KUHNE LOGISTIC UNIVERSITY\SEMESTER 2\Machine Learning\Sentiment-Analysis_ML\data\raw\MVSA_Single\data\1031.jpg
MVSA_Single/data/3448.jpg,neutral,1,1,C:\Users\user\OneDrive\Desktop\KUHNE LOGISTIC UNIVERSITY\SEMESTER 2\Machine Learning\Sentiment-Analysis_ML\data\raw\MVSA_Single\data\3448.jpg
MVSA_Single/data/4502.jpg,neutral,1,1,C:\Users\user\OneDrive\Desktop\KUHNE LOGISTIC UNIVERSITY\SEMESTER 2\Machine Learning\Sentiment-Analysis_ML\data\raw\MVSA_Single\data\4502.jpg
MVSA_Single/data/3861.jpg,positive,2,2,C:\Users\user\OneDrive\Desktop\KUHNE LOGISTIC UNIVERSITY\SEMESTER 2\Machine Learning\Sentiment-Analysis_ML\data\raw\MVSA_Single\data\3861.jpg
MVSA_Single/data/4178.jpg,positive,2,2,C:\Users\user\OneDrive\Desktop\KUHNE LOGISTIC UNIVERSITY\SEMESTER 2\Machine Learning\Sentiment-Analysis_ML\data\raw\MVSA_Single\data\4178.jpg
MVSA_Single/data/3469.jpg,positive,2,2,C:\Users\user\OneDrive\Desktop\KUHNE LOGISTIC UNIVERSITY\SEMESTER 2\Machine Learning\Sentiment-Analysis_ML\data\raw\MVSA_Single\data\3469.jpg
MVSA_Single/data/3500.jpg,positive,2,2,C:\Users\user\OneDrive\Desktop\KUHNE LOGISTIC UNIVERSITY\SEMESTER 2\Machine Learning\Sentiment-Analysis_ML\data\raw\MVSA_Single\data\3500.jpg
MVSA_Single/data/1586.jpg,neutral,1,1,C:\Users\user\OneDrive\Desktop\KUHNE LOGISTIC UNIVERSITY\SEMESTER 2\Machine Learning\Sentiment-Analysis_ML\data\raw\MVSA_Single\data\1586.jpg
MVSA_Single/data/4592.jpg,negative,0,0,C:\Users\user\OneDrive\Desktop\KUHNE LOGISTIC UNIVERSITY\SEMESTER 2\Machine Learning\Sentiment-Analysis_ML\data\raw\MVSA_Single\data\4592.jpg
MVSA_Single/data/2382.jpg,positive,2,2,C:\Users\user\OneDrive\Desktop\KUHNE LOGISTIC UNIVERSITY\SEMESTER 2\Machine Learning\Sentiment-Analysis_ML\data\raw\MVSA_Single\data\2382.jpg
MVSA_Single/data/819.jpg,negative,0,0,C:\Users\user\OneDrive\Desktop\KUHNE LOGISTIC UNIVERSITY\SEMESTER 2\Machine Learning\Sentiment-Analysis_ML\data\raw\MVSA_Single\data\819.jpg
MVSA_Single/data/2830.jpg,positive,2,2,C:\Users\user\OneDrive\Desktop\KUHNE LOGISTIC UNIVERSITY\SEMESTER 2\Machine Learning\Sentiment-Analysis_ML\data\raw\MVSA_Single\data\2830.jpg
MVSA_Single/data/800.jpg,positive,2,2,C:\Users\user\OneDrive\Desktop\KUHNE LOGISTIC UNIVERSITY\SEMESTER 2\Machine Learning\Sentiment-Analysis_ML\data\raw\MVSA_Single\data\800.jpg
MVSA_Single/data/1646.jpg,positive,2,2,C:\Users\user\OneDrive\Desktop\KUHNE LOGISTIC UNIVERSITY\SEMESTER 2\Machine Learning\Sentiment-Analysis_ML\data\raw\MVSA_Single\data\1646.jpg
MVSA_Single/data/1491.jpg,positive,2,2,C:\Users\user\OneDrive\Desktop\KUHNE LOGISTIC UNIVERSITY\SEMESTER 2\Machine Learning\Sentiment-Analysis_ML\data\raw\MVSA_Single\data\1491.jpg
MVSA_Single/data/4854.jpg,negative,0,0,C:\Users\user\OneDrive\Desktop\KUHNE LOGISTIC UNIVERSITY\SEMESTER 2\Machine Learning\Sentiment-Analysis_ML\data\raw\MVSA_Single\data\4854.jpg
MVSA_Single/data/4417.jpg,negative,0,0,C:\Users\user\OneDrive\Desktop\KUHNE LOGISTIC UNIVERSITY\SEMESTER 2\Machine Learning\Sentiment-Analysis_ML\data\raw\MVSA_Single\data\4417.jpg
MVSA_Single/data/3979.jpg,neutral,1,1,C:\Users\user\OneDrive\Desktop\KUHNE LOGISTIC UNIVERSITY\SEMESTER 2\Machine Learning\Sentiment-Analysis_ML\data\raw\MVSA_Single\data\3979.jpg
MVSA_Single/data/5106.jpg,negative,0,0,C:\Users\user\OneDrive\Desktop\KUHNE LOGISTIC UNIVERSITY\SEMESTER 2\Machine Learning\Sentiment-Analysis_ML\data\raw\MVSA_Single\data\5106.jpg
MVSA_Single/data/1249.jpg,positive,2,2,C:\Users\user\OneDrive\Desktop\KUHNE LOGISTIC UNIVERSITY\SEMESTER 2\Machine Learning\Sentiment-Analysis_ML\data\raw\MVSA_Single\data\1249.jpg
MVSA_Single/data/1518.jpg,positive,2,2,C:\Users\user\OneDrive\Desktop\KUHNE LOGISTIC UNIVERSITY\SEMESTER 2\Machine Learning\Sentiment-Analysis_ML\data\raw\MVSA_Single\data\1518.jpg
MVSA_Single/data/1848.jpg,positive,2,2,C:\Users\user\OneDrive\Desktop\KUHNE LOGISTIC UNIVERSITY\SEMESTER 2\Machine Learning\Sentiment-Analysis_ML\data\raw\MVSA_Single\data\1848.jpg
MVSA_Single/data/1377.jpg,positive,2,2,C:\Users\user\OneDrive\Desktop\KUHNE LOGISTIC UNIVERSITY\SEMESTER 2\Machine Learning\Sentiment-Analysis_ML\data\raw\MVSA_Single\data\1377.jpg
MVSA_Single/data/473.jpg,negative,0,0,C:\Users\user\OneDrive\Desktop\KUHNE LOGISTIC UNIVERSITY\SEMESTER 2\Machine Learning\Sentiment-Analysis_ML\data\raw\MVSA_Single\data\473.jpg
MVSA_Single/data/4115.jpg,neutral,1,1,C:\Users\user\OneDrive\Desktop\KUHNE LOGISTIC UNIVERSITY\SEMESTER 2\Machine Learning\Sentiment-Analysis_ML\data\raw\MVSA_Single\data\4115.jpg
MVSA_Single/data/3621.jpg,neutral,1,1,C:\Users\user\OneDrive\Desktop\KUHNE LOGISTIC UNIVERSITY\SEMESTER 2\Machine Learning\Sentiment-Analysis_ML\data\raw\MVSA_Single\data\3621.jpg
MVSA_Single/data/2508.jpg,positive,2,2,C:\Users\user\OneDrive\Desktop\KUHNE LOGISTIC UNIVERSITY\SEMESTER 2\Machine Learning\Sentiment-Analysis_ML\data\raw\MVSA_Single\data\2508.jpg
MVSA_Single/data/1954.jpg,positive,2,2,C:\Users\user\OneDrive\Desktop\KUHNE LOGISTIC UNIVERSITY\SEMESTER 2\Machine Learning\Sentiment-Analysis_ML\data\raw\MVSA_Single\data\1954.jpg
MVSA_Single/data/747.jpg,positive,2,2,C:\Users\user\OneDrive\Desktop\KUHNE LOGISTIC UNIVERSITY\SEMESTER 2\Machine Learning\Sentiment-Analysis_ML\data\raw\MVSA_Single\data\747.jpg
MVSA_Single/data/2349.jpg,positive,2,2,C:\Users\user\OneDrive\Desktop\KUHNE LOGISTIC UNIVERSITY\SEMESTER 2\Machine Learning\Sentiment-Analysis_ML\data\raw\MVSA_Single\data\2349.jpg
MVSA_Single/data/871.jpg,negative,0,0,C:\Users\user\OneDrive\Desktop\KUHNE LOGISTIC UNIVERSITY\SEMESTER 2\Machine Learning\Sentiment-Analysis_ML\data\raw\MVSA_Single\data\871.jpg
MVSA_Single/data/1901.jpg,positive,2,2,C:\Users\user\OneDrive\Desktop\KUHNE LOGISTIC UNIVERSITY\SEMESTER 2\Machine Learning\Sentiment-Analysis_ML\data\raw\MVSA_Single\data\1901.jpg
MVSA_Single/data/2874.jpg,positive,2,2,C:\Users\user\OneDrive\Desktop\KUHNE LOGISTIC UNIVERSITY\SEMESTER 2\Machine Learning\Sentiment-Analysis_ML\data\raw\MVSA_Single\data\2874.jpg
MVSA_Single/data/52.jpg,negative,0,0,C:\Users\user\OneDrive\Desktop\KUHNE LOGISTIC UNIVERSITY\SEMESTER 2\Machine Learning\Sentiment-Analysis_ML\data\raw\MVSA_Single\data\52.jpg
MVSA_Single/data/1400.jpg,neutral,1,1,C:\Users\user\OneDrive\Desktop\KUHNE LOGISTIC UNIVERSITY\SEMESTER 2\Machine Learning\Sentiment-Analysis_ML\data\raw\MVSA_Single\data\1400.jpg
MVSA_Single/data/311.jpg,positive,2,2,C:\Users\user\OneDrive\Desktop\KUHNE LOGISTIC UNIVERSITY\SEMESTER 2\Machine Learning\Sentiment-Analysis_ML\data\raw\MVSA_Single\data\311.jpg
MVSA_Single/data/4033.jpg,positive,2,2,C:\Users\user\OneDrive\Desktop\KUHNE LOGISTIC UNIVERSITY\SEMESTER 2\Machine Learning\Sentiment-Analysis_ML\data\raw\MVSA_Single\data\4033.jpg
MVSA_Single/data/1523.jpg,positive,2,2,C:\Users\user\OneDrive\Desktop\KUHNE LOGISTIC UNIVERSITY\SEMESTER 2\Machine Learning\Sentiment-Analysis_ML\data\raw\MVSA_Single\data\1523.jpg
MVSA_Single/data/2859.jpg,positive,2,2,C:\Users\user\OneDrive\Desktop\KUHNE LOGISTIC UNIVERSITY\SEMESTER 2\Machine Learning\Sentiment-Analysis_ML\data\raw\MVSA_Single\data\2859.jpg
MVSA_Single/data/3856.jpg,neutral,1,1,C:\Users\user\OneDrive\Desktop\KUHNE LOGISTIC UNIVERSITY\SEMESTER 2\Machine Learning\Sentiment-Analysis_ML\data\raw\MVSA_Single\data\3856.jpg
MVSA_Single/data/164.jpg,negative,0,0,C:\Users\user\OneDrive\Desktop\KUHNE LOGISTIC UNIVERSITY\SEMESTER 2\Machine Learning\Sentiment-Analysis_ML\data\raw\MVSA_Single\data\164.jpg
MVSA_Single/data/3832.jpg,neutral,1,1,C:\Users\user\OneDrive\Desktop\KUHNE LOGISTIC UNIVERSITY\SEMESTER 2\Machine Learning\Sentiment-Analysis_ML\data\raw\MVSA_Single\data\3832.jpg
MVSA_Single/data/2034.jpg,positive,2,2,C:\Users\user\OneDrive\Desktop\KUHNE LOGISTIC UNIVERSITY\SEMESTER 2\Machine Learning\Sentiment-Analysis_ML\data\raw\MVSA_Single\data\2034.jpg
MVSA_Single/data/180.jpg,neutral,1,1,C:\Users\user\OneDrive\Desktop\KUHNE LOGISTIC UNIVERSITY\SEMESTER 2\Machine Learning\Sentiment-Analysis_ML\data\raw\MVSA_Single\data\180.jpg
MVSA_Single/data/4848.jpg,negative,0,0,C:\Users\user\OneDrive\Desktop\KUHNE LOGISTIC UNIVERSITY\SEMESTER 2\Machine Learning\Sentiment-Analysis_ML\data\raw\MVSA_Single\data\4848.jpg
MVSA_Single/data/2122.jpg,positive,2,2,C:\Users\user\OneDrive\Desktop\KUHNE LOGISTIC UNIVERSITY\SEMESTER 2\Machine Learning\Sentiment-Analysis_ML\data\raw\MVSA_Single\data\2122.jpg
MVSA_Single/data/3919.jpg,positive,2,2,C:\Users\user\OneDrive\Desktop\KUHNE LOGISTIC UNIVERSITY\SEMESTER 2\Machine Learning\Sentiment-Analysis_ML\data\raw\MVSA_Single\data\3919.jpg
MVSA_Single/data/1991.jpg,positive,2,2,C:\Users\user\OneDrive\Desktop\KUHNE LOGISTIC UNIVERSITY\SEMESTER 2\Machine Learning\Sentiment-Analysis_ML\data\raw\MVSA_Single\data\1991.jpg
MVSA_Single/data/564.jpg,positive,2,2,C:\Users\user\OneDrive\Desktop\KUHNE LOGISTIC UNIVERSITY\SEMESTER 2\Machine Learning\Sentiment-Analysis_ML\data\raw\MVSA_Single\data\564.jpg
MVSA_Single/data/4825.jpg,positive,2,2,C:\Users\user\OneDrive\Desktop\KUHNE LOGISTIC UNIVERSITY\SEMESTER 2\Machine Learning\Sentiment-Analysis_ML\data\raw\MVSA_Single\data\4825.jpg
MVSA_Single/data/3766.jpg,positive,2,2,C:\Users\user\OneDrive\Desktop\KUHNE LOGISTIC UNIVERSITY\SEMESTER 2\Machine Learning\Sentiment-Analysis_ML\data\raw\MVSA_Single\data\3766.jpg
MVSA_Single/data/1912.jpg,neutral,1,1,C:\Users\user\OneDrive\Desktop\KUHNE LOGISTIC UNIVERSITY\SEMESTER 2\Machine Learning\Sentiment-Analysis_ML\data\raw\MVSA_Single\data\1912.jpg
MVSA_Single/data/3315.jpg,positive,2,2,C:\Users\user\OneDrive\Desktop\KUHNE LOGISTIC UNIVERSITY\SEMESTER 2\Machine Learning\Sentiment-Analysis_ML\data\raw\MVSA_Single\data\3315.jpg
MVSA_Single/data/1720.jpg,positive,2,2,C:\Users\user\OneDrive\Desktop\KUHNE LOGISTIC UNIVERSITY\SEMESTER 2\Machine Learning\Sentiment-Analysis_ML\data\raw\MVSA_Single\data\1720.jpg
MVSA_Single/data/3531.jpg,positive,2,2,C:\Users\user\OneDrive\Desktop\KUHNE LOGISTIC UNIVERSITY\SEMESTER 2\Machine Learning\Sentiment-Analysis_ML\data\raw\MVSA_Single\data\3531.jpg
MVSA_Single/data/4660.jpg,positive,2,2,C:\Users\user\OneDrive\Desktop\KUHNE LOGISTIC UNIVERSITY\SEMESTER 2\Machine Learning\Sentiment-Analysis_ML\data\raw\MVSA_Single\data\4660.jpg
MVSA_Single/data/4111.jpg,neutral,1,1,C:\Users\user\OneDrive\Desktop\KUHNE LOGISTIC UNIVERSITY\SEMESTER 2\Machine Learning\Sentiment-Analysis_ML\data\raw\MVSA_Single\data\4111.jpg
MVSA_Single/data/4986.jpg,positive,2,2,C:\Users\user\OneDrive\Desktop\KUHNE LOGISTIC UNIVERSITY\SEMESTER 2\Machine Learning\Sentiment-Analysis_ML\data\raw\MVSA_Single\data\4986.jpg
MVSA_Single/data/1962.jpg,positive,2,2,C:\Users\user\OneDrive\Desktop\KUHNE LOGISTIC UNIVERSITY\SEMESTER 2\Machine Learning\Sentiment-Analysis_ML\data\raw\MVSA_Single\data\1962.jpg
MVSA_Single/data/1111.jpg,positive,2,2,C:\Users\user\OneDrive\Desktop\KUHNE LOGISTIC UNIVERSITY\SEMESTER 2\Machine Learning\Sentiment-Analysis_ML\data\raw\MVSA_Single\data\1111.jpg
MVSA_Single/data/1167.jpg,positive,2,2,C:\Users\user\OneDrive\Desktop\KUHNE LOGISTIC UNIVERSITY\SEMESTER 2\Machine Learning\Sentiment-Analysis_ML\data\raw\MVSA_Single\data\1167.jpg
MVSA_Single/data/1984.jpg,positive,2,2,C:\Users\user\OneDrive\Desktop\KUHNE LOGISTIC UNIVERSITY\SEMESTER 2\Machine Learning\Sentiment-Analysis_ML\data\raw\MVSA_Single\data\1984.jpg
MVSA_Single/data/112.jpg,positive,2,2,C:\Users\user\OneDrive\Desktop\KUHNE LOGISTIC UNIVERSITY\SEMESTER 2\Machine Learning\Sentiment-Analysis_ML\data\raw\MVSA_Single\data\112.jpg
MVSA_Single/data/3772.jpg,neutral,1,1,C:\Users\user\OneDrive\Desktop\KUHNE LOGISTIC UNIVERSITY\SEMESTER 2\Machine Learning\Sentiment-Analysis_ML\data\raw\MVSA_Single\data\3772.jpg
MVSA_Single/data/1208.jpg,neutral,1,1,C:\Users\user\OneDrive\Desktop\KUHNE LOGISTIC UNIVERSITY\SEMESTER 2\Machine Learning\Sentiment-Analysis_ML\data\raw\MVSA_Single\data\1208.jpg
MVSA_Single/data/2720.jpg,neutral,1,1,C:\Users\user\OneDrive\Desktop\KUHNE LOGISTIC UNIVERSITY\SEMESTER 2\Machine Learning\Sentiment-Analysis_ML\data\raw\MVSA_Single\data\2720.jpg
MVSA_Single/data/3943.jpg,neutral,1,1,C:\Users\user\OneDrive\Desktop\KUHNE LOGISTIC UNIVERSITY\SEMESTER 2\Machine Learning\Sentiment-Analysis_ML\data\raw\MVSA_Single\data\3943.jpg
MVSA_Single/data/4140.jpg,neutral,1,1,C:\Users\user\OneDrive\Desktop\KUHNE LOGISTIC UNIVERSITY\SEMESTER 2\Machine Learning\Sentiment-Analysis_ML\data\raw\MVSA_Single\data\4140.jpg
MVSA_Single/data/3029.jpg,positive,2,2,C:\Users\user\OneDrive\Desktop\KUHNE LOGISTIC UNIVERSITY\SEMESTER 2\Machine Learning\Sentiment-Analysis_ML\data\raw\MVSA_Single\data\3029.jpg
MVSA_Single/data/4813.jpg,neutral,1,1,C:\Users\user\OneDrive\Desktop\KUHNE LOGISTIC UNIVERSITY\SEMESTER 2\Machine Learning\Sentiment-Analysis_ML\data\raw\MVSA_Single\data\4813.jpg
MVSA_Single/data/3921.jpg,neutral,1,1,C:\Users\user\OneDrive\Desktop\KUHNE LOGISTIC UNIVERSITY\SEMESTER 2\Machine Learning\Sentiment-Analysis_ML\data\raw\MVSA_Single\data\3921.jpg
MVSA_Single/data/92.jpg,positive,2,2,C:\Users\user\OneDrive\Desktop\KUHNE LOGISTIC UNIVERSITY\SEMESTER 2\Machine Learning\Sentiment-Analysis_ML\data\raw\MVSA_Single\data\92.jpg
MVSA_Single/data/3116.jpg,positive,2,2,C:\Users\user\OneDrive\Desktop\KUHNE LOGISTIC UNIVERSITY\SEMESTER 2\Machine Learning\Sentiment-Analysis_ML\data\raw\MVSA_Single\data\3116.jpg
MVSA_Single/data/1243.jpg,neutral,1,1,C:\Users\user\OneDrive\Desktop\KUHNE LOGISTIC UNIVERSITY\SEMESTER 2\Machine Learning\Sentiment-Analysis_ML\data\raw\MVSA_Single\data\1243.jpg
MVSA_Single/data/4053.jpg,neutral,1,1,C:\Users\user\OneDrive\Desktop\KUHNE LOGISTIC UNIVERSITY\SEMESTER 2\Machine Learning\Sentiment-Analysis_ML\data\raw\MVSA_Single\data\4053.jpg
MVSA_Single/data/1534.jpg,negative,0,0,C:\Users\user\OneDrive\Desktop\KUHNE LOGISTIC UNIVERSITY\SEMESTER 2\Machine Learning\Sentiment-Analysis_ML\data\raw\MVSA_Single\data\1534.jpg
MVSA_Single/data/3950.jpg,neutral,1,1,C:\Users\user\OneDrive\Desktop\KUHNE LOGISTIC UNIVERSITY\SEMESTER 2\Machine Learning\Sentiment-Analysis_ML\data\raw\MVSA_Single\data\3950.jpg
MVSA_Single/data/3231.jpg,positive,2,2,C:\Users\user\OneDrive\Desktop\KUHNE LOGISTIC UNIVERSITY\SEMESTER 2\Machine Learning\Sentiment-Analysis_ML\data\raw\MVSA_Single\data\3231.jpg
MVSA_Single/data/729.jpg,neutral,1,1,C:\Users\user\OneDrive\Desktop\KUHNE LOGISTIC UNIVERSITY\SEMESTER 2\Machine Learning\Sentiment-Analysis_ML\data\raw\MVSA_Single\data\729.jpg
MVSA_Single/data/2769.jpg,positive,2,2,C:\Users\user\OneDrive\Desktop\KUHNE LOGISTIC UNIVERSITY\SEMESTER 2\Machine Learning\Sentiment-Analysis_ML\data\raw\MVSA_Single\data\2769.jpg
MVSA_Single/data/1313.jpg,positive,2,2,C:\Users\user\OneDrive\Desktop\KUHNE LOGISTIC UNIVERSITY\SEMESTER 2\Machine Learning\Sentiment-Analysis_ML\data\raw\MVSA_Single\data\1313.jpg
MVSA_Single/data/152.jpg,positive,2,2,C:\Users\user\OneDrive\Desktop\KUHNE LOGISTIC UNIVERSITY\SEMESTER 2\Machine Learning\Sentiment-Analysis_ML\data\raw\MVSA_Single\data\152.jpg
MVSA_Single/data/17.jpg,positive,2,2,C:\Users\user\OneDrive\Desktop\KUHNE LOGISTIC UNIVERSITY\SEMESTER 2\Machine Learning\Sentiment-Analysis_ML\data\raw\MVSA_Single\data\17.jpg
MVSA_Single/data/2367.jpg,neutral,1,1,C:\Users\user\OneDrive\Desktop\KUHNE LOGISTIC UNIVERSITY\SEMESTER 2\Machine Learning\Sentiment-Analysis_ML\data\raw\MVSA_Single\data\2367.jpg
MVSA_Single/data/2846.jpg,positive,2,2,C:\Users\user\OneDrive\Desktop\KUHNE LOGISTIC UNIVERSITY\SEMESTER 2\Machine Learning\Sentiment-Analysis_ML\data\raw\MVSA_Single\data\2846.jpg
MVSA_Single/data/144.jpg,positive,2,2,C:\Users\user\OneDrive\Desktop\KUHNE LOGISTIC UNIVERSITY\SEMESTER 2\Machine Learning\Sentiment-Analysis_ML\data\raw\MVSA_Single\data\144.jpg
MVSA_Single/data/383.jpg,negative,0,0,C:\Users\user\OneDrive\Desktop\KUHNE LOGISTIC UNIVERSITY\SEMESTER 2\Machine Learning\Sentiment-Analysis_ML\data\raw\MVSA_Single\data\383.jpg
MVSA_Single/data/3461.jpg,neutral,1,1,C:\Users\user\OneDrive\Desktop\KUHNE LOGISTIC UNIVERSITY\SEMESTER 2\Machine Learning\Sentiment-Analysis_ML\data\raw\MVSA_Single\data\3461.jpg
MVSA_Single/data/2940.jpg,negative,0,0,C:\Users\user\OneDrive\Desktop\KUHNE LOGISTIC UNIVERSITY\SEMESTER 2\Machine Learning\Sentiment-Analysis_ML\data\raw\MVSA_Single\data\2940.jpg
MVSA_Single/data/3103.jpg,positive,2,2,C:\Users\user\OneDrive\Desktop\KUHNE LOGISTIC UNIVERSITY\SEMESTER 2\Machine Learning\Sentiment-Analysis_ML\data\raw\MVSA_Single\data\3103.jpg
MVSA_Single/data/29.jpg,positive,2,2,C:\Users\user\OneDrive\Desktop\KUHNE LOGISTIC UNIVERSITY\SEMESTER 2\Machine Learning\Sentiment-Analysis_ML\data\raw\MVSA_Single\data\29.jpg
MVSA_Single/data/1999.jpg,positive,2,2,C:\Users\user\OneDrive\Desktop\KUHNE LOGISTIC UNIVERSITY\SEMESTER 2\Machine Learning\Sentiment-Analysis_ML\data\raw\MVSA_Single\data\1999.jpg
MVSA_Single/data/3022.jpg,positive,2,2,C:\Users\user\OneDrive\Desktop\KUHNE LOGISTIC UNIVERSITY\SEMESTER 2\Machine Learning\Sentiment-Analysis_ML\data\raw\MVSA_Single\data\3022.jpg
MVSA_Single/data/1511.jpg,neutral,1,1,C:\Users\user\OneDrive\Desktop\KUHNE LOGISTIC UNIVERSITY\SEMESTER 2\Machine Learning\Sentiment-Analysis_ML\data\raw\MVSA_Single\data\1511.jpg
MVSA_Single/data/2806.jpg,positive,2,2,C:\Users\user\OneDrive\Desktop\KUHNE LOGISTIC UNIVERSITY\SEMESTER 2\Machine Learning\Sentiment-Analysis_ML\data\raw\MVSA_Single\data\2806.jpg
MVSA_Single/data/68.jpg,positive,2,2,C:\Users\user\OneDrive\Desktop\KUHNE LOGISTIC UNIVERSITY\SEMESTER 2\Machine Learning\Sentiment-Analysis_ML\data\raw\MVSA_Single\data\68.jpg
MVSA_Single/data/3868.jpg,positive,2,2,C:\Users\user\OneDrive\Desktop\KUHNE LOGISTIC UNIVERSITY\SEMESTER 2\Machine Learning\Sentiment-Analysis_ML\data\raw\MVSA_Single\data\3868.jpg
MVSA_Single/data/1046.jpg,negative,0,0,C:\Users\user\OneDrive\Desktop\KUHNE LOGISTIC UNIVERSITY\SEMESTER 2\Machine Learning\Sentiment-Analysis_ML\data\raw\MVSA_Single\data\1046.jpg
MVSA_Single/data/5054.jpg,positive,2,2,C:\Users\user\OneDrive\Desktop\KUHNE LOGISTIC UNIVERSITY\SEMESTER 2\Machine Learning\Sentiment-Analysis_ML\data\raw\MVSA_Single\data\5054.jpg
MVSA_Single/data/504.jpg,positive,2,2,C:\Users\user\OneDrive\Desktop\KUHNE LOGISTIC UNIVERSITY\SEMESTER 2\Machine Learning\Sentiment-Analysis_ML\data\raw\MVSA_Single\data\504.jpg
MVSA_Single/data/4738.jpg,negative,0,0,C:\Users\user\OneDrive\Desktop\KUHNE LOGISTIC UNIVERSITY\SEMESTER 2\Machine Learning\Sentiment-Analysis_ML\data\raw\MVSA_Single\data\4738.jpg
MVSA_Single/data/2002.jpg,negative,0,0,C:\Users\user\OneDrive\Desktop\KUHNE LOGISTIC UNIVERSITY\SEMESTER 2\Machine Learning\Sentiment-Analysis_ML\data\raw\MVSA_Single\data\2002.jpg
MVSA_Single/data/4170.jpg,neutral,1,1,C:\Users\user\OneDrive\Desktop\KUHNE LOGISTIC UNIVERSITY\SEMESTER 2\Machine Learning\Sentiment-Analysis_ML\data\raw\MVSA_Single\data\4170.jpg
MVSA_Single/data/4899.jpg,positive,2,2,C:\Users\user\OneDrive\Desktop\KUHNE LOGISTIC UNIVERSITY\SEMESTER 2\Machine Learning\Sentiment-Analysis_ML\data\raw\MVSA_Single\data\4899.jpg
MVSA_Single/data/30.jpg,negative,0,0,C:\Users\user\OneDrive\Desktop\KUHNE LOGISTIC UNIVERSITY\SEMESTER 2\Machine Learning\Sentiment-Analysis_ML\data\raw\MVSA_Single\data\30.jpg
MVSA_Single/data/3433.jpg,negative,0,0,C:\Users\user\OneDrive\Desktop\KUHNE LOGISTIC UNIVERSITY\SEMESTER 2\Machine Learning\Sentiment-Analysis_ML\data\raw\MVSA_Single\data\3433.jpg
MVSA_Single/data/4217.jpg,positive,2,2,C:\Users\user\OneDrive\Desktop\KUHNE LOGISTIC UNIVERSITY\SEMESTER 2\Machine Learning\Sentiment-Analysis_ML\data\raw\MVSA_Single\data\4217.jpg
MVSA_Single/data/774.jpg,positive,2,2,C:\Users\user\OneDrive\Desktop\KUHNE LOGISTIC UNIVERSITY\SEMESTER 2\Machine Learning\Sentiment-Analysis_ML\data\raw\MVSA_Single\data\774.jpg
MVSA_Single/data/2646.jpg,neutral,1,1,C:\Users\user\OneDrive\Desktop\KUHNE LOGISTIC UNIVERSITY\SEMESTER 2\Machine Learning\Sentiment-Analysis_ML\data\raw\MVSA_Single\data\2646.jpg
MVSA_Single/data/4092.jpg,neutral,1,1,C:\Users\user\OneDrive\Desktop\KUHNE LOGISTIC UNIVERSITY\SEMESTER 2\Machine Learning\Sentiment-Analysis_ML\data\raw\MVSA_Single\data\4092.jpg
MVSA_Single/data/2501.jpg,neutral,1,1,C:\Users\user\OneDrive\Desktop\KUHNE LOGISTIC UNIVERSITY\SEMESTER 2\Machine Learning\Sentiment-Analysis_ML\data\raw\MVSA_Single\data\2501.jpg
MVSA_Single/data/3521.jpg,positive,2,2,C:\Users\user\OneDrive\Desktop\KUHNE LOGISTIC UNIVERSITY\SEMESTER 2\Machine Learning\Sentiment-Analysis_ML\data\raw\MVSA_Single\data\3521.jpg
MVSA_Single/data/4890.jpg,positive,2,2,C:\Users\user\OneDrive\Desktop\KUHNE LOGISTIC UNIVERSITY\SEMESTER 2\Machine Learning\Sentiment-Analysis_ML\data\raw\MVSA_Single\data\4890.jpg
MVSA_Single/data/1346.jpg,positive,2,2,C:\Users\user\OneDrive\Desktop\KUHNE LOGISTIC UNIVERSITY\SEMESTER 2\Machine Learning\Sentiment-Analysis_ML\data\raw\MVSA_Single\data\1346.jpg
MVSA_Single/data/3679.jpg,positive,2,2,C:\Users\user\OneDrive\Desktop\KUHNE LOGISTIC UNIVERSITY\SEMESTER 2\Machine Learning\Sentiment-Analysis_ML\data\raw\MVSA_Single\data\3679.jpg
MVSA_Single/data/1283.jpg,positive,2,2,C:\Users\user\OneDrive\Desktop\KUHNE LOGISTIC UNIVERSITY\SEMESTER 2\Machine Learning\Sentiment-Analysis_ML\data\raw\MVSA_Single\data\1283.jpg
MVSA_Single/data/1844.jpg,positive,2,2,C:\Users\user\OneDrive\Desktop\KUHNE LOGISTIC UNIVERSITY\SEMESTER 2\Machine Learning\Sentiment-Analysis_ML\data\raw\MVSA_Single\data\1844.jpg
MVSA_Single/data/1617.jpg,positive,2,2,C:\Users\user\OneDrive\Desktop\KUHNE LOGISTIC UNIVERSITY\SEMESTER 2\Machine Learning\Sentiment-Analysis_ML\data\raw\MVSA_Single\data\1617.jpg
MVSA_Single/data/4445.jpg,neutral,1,1,C:\Users\user\OneDrive\Desktop\KUHNE LOGISTIC UNIVERSITY\SEMESTER 2\Machine Learning\Sentiment-Analysis_ML\data\raw\MVSA_Single\data\4445.jpg
MVSA_Single/data/1237.jpg,positive,2,2,C:\Users\user\OneDrive\Desktop\KUHNE LOGISTIC UNIVERSITY\SEMESTER 2\Machine Learning\Sentiment-Analysis_ML\data\raw\MVSA_Single\data\1237.jpg
MVSA_Single/data/3363.jpg,positive,2,2,C:\Users\user\OneDrive\Desktop\KUHNE LOGISTIC UNIVERSITY\SEMESTER 2\Machine Learning\Sentiment-Analysis_ML\data\raw\MVSA_Single\data\3363.jpg
MVSA_Single/data/4045.jpg,positive,2,2,C:\Users\user\OneDrive\Desktop\KUHNE LOGISTIC UNIVERSITY\SEMESTER 2\Machine Learning\Sentiment-Analysis_ML\data\raw\MVSA_Single\data\4045.jpg
MVSA_Single/data/2621.jpg,positive,2,2,C:\Users\user\OneDrive\Desktop\KUHNE LOGISTIC UNIVERSITY\SEMESTER 2\Machine Learning\Sentiment-Analysis_ML\data\raw\MVSA_Single\data\2621.jpg
MVSA_Single/data/3226.jpg,positive,2,2,C:\Users\user\OneDrive\Desktop\KUHNE LOGISTIC UNIVERSITY\SEMESTER 2\Machine Learning\Sentiment-Analysis_ML\data\raw\MVSA_Single\data\3226.jpg
MVSA_Single/data/1847.jpg,positive,2,2,C:\Users\user\OneDrive\Desktop\KUHNE LOGISTIC UNIVERSITY\SEMESTER 2\Machine Learning\Sentiment-Analysis_ML\data\raw\MVSA_Single\data\1847.jpg
MVSA_Single/data/4782.jpg,positive,2,2,C:\Users\user\OneDrive\Desktop\KUHNE LOGISTIC UNIVERSITY\SEMESTER 2\Machine Learning\Sentiment-Analysis_ML\data\raw\MVSA_Single\data\4782.jpg
MVSA_Single/data/1682.jpg,positive,2,2,C:\Users\user\OneDrive\Desktop\KUHNE LOGISTIC UNIVERSITY\SEMESTER 2\Machine Learning\Sentiment-Analysis_ML\data\raw\MVSA_Single\data\1682.jpg
MVSA_Single/data/3596.jpg,neutral,1,1,C:\Users\user\OneDrive\Desktop\KUHNE LOGISTIC UNIVERSITY\SEMESTER 2\Machine Learning\Sentiment-Analysis_ML\data\raw\MVSA_Single\data\3596.jpg
MVSA_Single/data/3439.jpg,positive,2,2,C:\Users\user\OneDrive\Desktop\KUHNE LOGISTIC UNIVERSITY\SEMESTER 2\Machine Learning\Sentiment-Analysis_ML\data\raw\MVSA_Single\data\3439.jpg
MVSA_Single/data/3451.jpg,negative,0,0,C:\Users\user\OneDrive\Desktop\KUHNE LOGISTIC UNIVERSITY\SEMESTER 2\Machine Learning\Sentiment-Analysis_ML\data\raw\MVSA_Single\data\3451.jpg
MVSA_Single/data/5109.jpg,positive,2,2,C:\Users\user\OneDrive\Desktop\KUHNE LOGISTIC UNIVERSITY\SEMESTER 2\Machine Learning\Sentiment-Analysis_ML\data\raw\MVSA_Single\data\5109.jpg
MVSA_Single/data/5026.jpg,positive,2,2,C:\Users\user\OneDrive\Desktop\KUHNE LOGISTIC UNIVERSITY\SEMESTER 2\Machine Learning\Sentiment-Analysis_ML\data\raw\MVSA_Single\data\5026.jpg
MVSA_Single/data/873.jpg,positive,2,2,C:\Users\user\OneDrive\Desktop\KUHNE LOGISTIC UNIVERSITY\SEMESTER 2\Machine Learning\Sentiment-Analysis_ML\data\raw\MVSA_Single\data\873.jpg
MVSA_Single/data/1648.jpg,positive,2,2,C:\Users\user\OneDrive\Desktop\KUHNE LOGISTIC UNIVERSITY\SEMESTER 2\Machine Learning\Sentiment-Analysis_ML\data\raw\MVSA_Single\data\1648.jpg
MVSA_Single/data/3520.jpg,positive,2,2,C:\Users\user\OneDrive\Desktop\KUHNE LOGISTIC UNIVERSITY\SEMESTER 2\Machine Learning\Sentiment-Analysis_ML\data\raw\MVSA_Single\data\3520.jpg
MVSA_Single/data/1621.jpg,neutral,1,1,C:\Users\user\OneDrive\Desktop\KUHNE LOGISTIC UNIVERSITY\SEMESTER 2\Machine Learning\Sentiment-Analysis_ML\data\raw\MVSA_Single\data\1621.jpg
MVSA_Single/data/4042.jpg,positive,2,2,C:\Users\user\OneDrive\Desktop\KUHNE LOGISTIC UNIVERSITY\SEMESTER 2\Machine Learning\Sentiment-Analysis_ML\data\raw\MVSA_Single\data\4042.jpg
MVSA_Single/data/3133.jpg,negative,0,0,C:\Users\user\OneDrive\Desktop\KUHNE LOGISTIC UNIVERSITY\SEMESTER 2\Machine Learning\Sentiment-Analysis_ML\data\raw\MVSA_Single\data\3133.jpg
MVSA_Single/data/4897.jpg,neutral,1,1,C:\Users\user\OneDrive\Desktop\KUHNE LOGISTIC UNIVERSITY\SEMESTER 2\Machine Learning\Sentiment-Analysis_ML\data\raw\MVSA_Single\data\4897.jpg
MVSA_Single/data/3293.jpg,negative,0,0,C:\Users\user\OneDrive\Desktop\KUHNE LOGISTIC UNIVERSITY\SEMESTER 2\Machine Learning\Sentiment-Analysis_ML\data\raw\MVSA_Single\data\3293.jpg
MVSA_Single/data/2580.jpg,neutral,1,1,C:\Users\user\OneDrive\Desktop\KUHNE LOGISTIC UNIVERSITY\SEMESTER 2\Machine Learning\Sentiment-Analysis_ML\data\raw\MVSA_Single\data\2580.jpg
MVSA_Single/data/3904.jpg,positive,2,2,C:\Users\user\OneDrive\Desktop\KUHNE LOGISTIC UNIVERSITY\SEMESTER 2\Machine Learning\Sentiment-Analysis_ML\data\raw\MVSA_Single\data\3904.jpg
MVSA_Single/data/2891.jpg,positive,2,2,C:\Users\user\OneDrive\Desktop\KUHNE LOGISTIC UNIVERSITY\SEMESTER 2\Machine Learning\Sentiment-Analysis_ML\data\raw\MVSA_Single\data\2891.jpg
MVSA_Single/data/1255.jpg,positive,2,2,C:\Users\user\OneDrive\Desktop\KUHNE LOGISTIC UNIVERSITY\SEMESTER 2\Machine Learning\Sentiment-Analysis_ML\data\raw\MVSA_Single\data\1255.jpg
MVSA_Single/data/3905.jpg,negative,0,0,C:\Users\user\OneDrive\Desktop\KUHNE LOGISTIC UNIVERSITY\SEMESTER 2\Machine Learning\Sentiment-Analysis_ML\data\raw\MVSA_Single\data\3905.jpg
MVSA_Single/data/1980.jpg,positive,2,2,C:\Users\user\OneDrive\Desktop\KUHNE LOGISTIC UNIVERSITY\SEMESTER 2\Machine Learning\Sentiment-Analysis_ML\data\raw\MVSA_Single\data\1980.jpg
MVSA_Single/data/4706.jpg,positive,2,2,C:\Users\user\OneDrive\Desktop\KUHNE LOGISTIC UNIVERSITY\SEMESTER 2\Machine Learning\Sentiment-Analysis_ML\data\raw\MVSA_Single\data\4706.jpg
MVSA_Single/data/4776.jpg,positive,2,2,C:\Users\user\OneDrive\Desktop\KUHNE LOGISTIC UNIVERSITY\SEMESTER 2\Machine Learning\Sentiment-Analysis_ML\data\raw\MVSA_Single\data\4776.jpg
MVSA_Single/data/3051.jpg,negative,0,0,C:\Users\user\OneDrive\Desktop\KUHNE LOGISTIC UNIVERSITY\SEMESTER 2\Machine Learning\Sentiment-Analysis_ML\data\raw\MVSA_Single\data\3051.jpg
MVSA_Single/data/2320.jpg,negative,0,0,C:\Users\user\OneDrive\Desktop\KUHNE LOGISTIC UNIVERSITY\SEMESTER 2\Machine Learning\Sentiment-Analysis_ML\data\raw\MVSA_Single\data\2320.jpg
MVSA_Single/data/146.jpg,neutral,1,1,C:\Users\user\OneDrive\Desktop\KUHNE LOGISTIC UNIVERSITY\SEMESTER 2\Machine Learning\Sentiment-Analysis_ML\data\raw\MVSA_Single\data\146.jpg
MVSA_Single/data/2932.jpg,positive,2,2,C:\Users\user\OneDrive\Desktop\KUHNE LOGISTIC UNIVERSITY\SEMESTER 2\Machine Learning\Sentiment-Analysis_ML\data\raw\MVSA_Single\data\2932.jpg
MVSA_Single/data/3568.jpg,negative,0,0,C:\Users\user\OneDrive\Desktop\KUHNE LOGISTIC UNIVERSITY\SEMESTER 2\Machine Learning\Sentiment-Analysis_ML\data\raw\MVSA_Single\data\3568.jpg
MVSA_Single/data/3742.jpg,positive,2,2,C:\Users\user\OneDrive\Desktop\KUHNE LOGISTIC UNIVERSITY\SEMESTER 2\Machine Learning\Sentiment-Analysis_ML\data\raw\MVSA_Single\data\3742.jpg
MVSA_Single/data/1143.jpg,positive,2,2,C:\Users\user\OneDrive\Desktop\KUHNE LOGISTIC UNIVERSITY\SEMESTER 2\Machine Learning\Sentiment-Analysis_ML\data\raw\MVSA_Single\data\1143.jpg
MVSA_Single/data/1956.jpg,positive,2,2,C:\Users\user\OneDrive\Desktop\KUHNE LOGISTIC UNIVERSITY\SEMESTER 2\Machine Learning\Sentiment-Analysis_ML\data\raw\MVSA_Single\data\1956.jpg
MVSA_Single/data/2822.jpg,positive,2,2,C:\Users\user\OneDrive\Desktop\KUHNE LOGISTIC UNIVERSITY\SEMESTER 2\Machine Learning\Sentiment-Analysis_ML\data\raw\MVSA_Single\data\2822.jpg
MVSA_Single/data/19.jpg,negative,0,0,C:\Users\user\OneDrive\Desktop\KUHNE LOGISTIC UNIVERSITY\SEMESTER 2\Machine Learning\Sentiment-Analysis_ML\data\raw\MVSA_Single\data\19.jpg
MVSA_Single/data/2705.jpg,neutral,1,1,C:\Users\user\OneDrive\Desktop\KUHNE LOGISTIC UNIVERSITY\SEMESTER 2\Machine Learning\Sentiment-Analysis_ML\data\raw\MVSA_Single\data\2705.jpg
MVSA_Single/data/430.jpg,negative,0,0,C:\Users\user\OneDrive\Desktop\KUHNE LOGISTIC UNIVERSITY\SEMESTER 2\Machine Learning\Sentiment-Analysis_ML\data\raw\MVSA_Single\data\430.jpg
MVSA_Single/data/1302.jpg,negative,0,0,C:\Users\user\OneDrive\Desktop\KUHNE LOGISTIC UNIVERSITY\SEMESTER 2\Machine Learning\Sentiment-Analysis_ML\data\raw\MVSA_Single\data\1302.jpg
MVSA_Single/data/1443.jpg,negative,0,0,C:\Users\user\OneDrive\Desktop\KUHNE LOGISTIC UNIVERSITY\SEMESTER 2\Machine Learning\Sentiment-Analysis_ML\data\raw\MVSA_Single\data\1443.jpg
MVSA_Single/data/3353.jpg,neutral,1,1,C:\Users\user\OneDrive\Desktop\KUHNE LOGISTIC UNIVERSITY\SEMESTER 2\Machine Learning\Sentiment-Analysis_ML\data\raw\MVSA_Single\data\3353.jpg
MVSA_Single/data/1064.jpg,positive,2,2,C:\Users\user\OneDrive\Desktop\KUHNE LOGISTIC UNIVERSITY\SEMESTER 2\Machine Learning\Sentiment-Analysis_ML\data\raw\MVSA_Single\data\1064.jpg
MVSA_Single/data/56.jpg,neutral,1,1,C:\Users\user\OneDrive\Desktop\KUHNE LOGISTIC UNIVERSITY\SEMESTER 2\Machine Learning\Sentiment-Analysis_ML\data\raw\MVSA_Single\data\56.jpg
MVSA_Single/data/566.jpg,negative,0,0,C:\Users\user\OneDrive\Desktop\KUHNE LOGISTIC UNIVERSITY\SEMESTER 2\Machine Learning\Sentiment-Analysis_ML\data\raw\MVSA_Single\data\566.jpg
MVSA_Single/data/602.jpg,negative,0,0,C:\Users\user\OneDrive\Desktop\KUHNE LOGISTIC UNIVERSITY\SEMESTER 2\Machine Learning\Sentiment-Analysis_ML\data\raw\MVSA_Single\data\602.jpg
MVSA_Single/data/3691.jpg,positive,2,2,C:\Users\user\OneDrive\Desktop\KUHNE LOGISTIC UNIVERSITY\SEMESTER 2\Machine Learning\Sentiment-Analysis_ML\data\raw\MVSA_Single\data\3691.jpg
MVSA_Single/data/1743.jpg,positive,2,2,C:\Users\user\OneDrive\Desktop\KUHNE LOGISTIC UNIVERSITY\SEMESTER 2\Machine Learning\Sentiment-Analysis_ML\data\raw\MVSA_Single\data\1743.jpg
MVSA_Single/data/2154.jpg,negative,0,0,C:\Users\user\OneDrive\Desktop\KUHNE LOGISTIC UNIVERSITY\SEMESTER 2\Machine Learning\Sentiment-Analysis_ML\data\raw\MVSA_Single\data\2154.jpg
MVSA_Single/data/4506.jpg,positive,2,2,C:\Users\user\OneDrive\Desktop\KUHNE LOGISTIC UNIVERSITY\SEMESTER 2\Machine Learning\Sentiment-Analysis_ML\data\raw\MVSA_Single\data\4506.jpg
MVSA_Single/data/1592.jpg,negative,0,0,C:\Users\user\OneDrive\Desktop\KUHNE LOGISTIC UNIVERSITY\SEMESTER 2\Machine Learning\Sentiment-Analysis_ML\data\raw\MVSA_Single\data\1592.jpg
MVSA_Single/data/700.jpg,negative,0,0,C:\Users\user\OneDrive\Desktop\KUHNE LOGISTIC UNIVERSITY\SEMESTER 2\Machine Learning\Sentiment-Analysis_ML\data\raw\MVSA_Single\data\700.jpg
MVSA_Single/data/3829.jpg,neutral,1,1,C:\Users\user\OneDrive\Desktop\KUHNE LOGISTIC UNIVERSITY\SEMESTER 2\Machine Learning\Sentiment-Analysis_ML\data\raw\MVSA_Single\data\3829.jpg
MVSA_Single/data/750.jpg,negative,0,0,C:\Users\user\OneDrive\Desktop\KUHNE LOGISTIC UNIVERSITY\SEMESTER 2\Machine Learning\Sentiment-Analysis_ML\data\raw\MVSA_Single\data\750.jpg
MVSA_Single/data/170.jpg,neutral,1,1,C:\Users\user\OneDrive\Desktop\KUHNE LOGISTIC UNIVERSITY\SEMESTER 2\Machine Learning\Sentiment-Analysis_ML\data\raw\MVSA_Single\data\170.jpg
MVSA_Single/data/4770.jpg,positive,2,2,C:\Users\user\OneDrive\Desktop\KUHNE LOGISTIC UNIVERSITY\SEMESTER 2\Machine Learning\Sentiment-Analysis_ML\data\raw\MVSA_Single\data\4770.jpg
MVSA_Single/data/150.jpg,positive,2,2,C:\Users\user\OneDrive\Desktop\KUHNE LOGISTIC UNIVERSITY\SEMESTER 2\Machine Learning\Sentiment-Analysis_ML\data\raw\MVSA_Single\data\150.jpg
MVSA_Single/data/634.jpg,positive,2,2,C:\Users\user\OneDrive\Desktop\KUHNE LOGISTIC UNIVERSITY\SEMESTER 2\Machine Learning\Sentiment-Analysis_ML\data\raw\MVSA_Single\data\634.jpg
MVSA_Single/data/916.jpg,neutral,1,1,C:\Users\user\OneDrive\Desktop\KUHNE LOGISTIC UNIVERSITY\SEMESTER 2\Machine Learning\Sentiment-Analysis_ML\data\raw\MVSA_Single\data\916.jpg
MVSA_Single/data/2603.jpg,negative,0,0,C:\Users\user\OneDrive\Desktop\KUHNE LOGISTIC UNIVERSITY\SEMESTER 2\Machine Learning\Sentiment-Analysis_ML\data\raw\MVSA_Single\data\2603.jpg
MVSA_Single/data/2147.jpg,negative,0,0,C:\Users\user\OneDrive\Desktop\KUHNE LOGISTIC UNIVERSITY\SEMESTER 2\Machine Learning\Sentiment-Analysis_ML\data\raw\MVSA_Single\data\2147.jpg
MVSA_Single/data/1176.jpg,positive,2,2,C:\Users\user\OneDrive\Desktop\KUHNE LOGISTIC UNIVERSITY\SEMESTER 2\Machine Learning\Sentiment-Analysis_ML\data\raw\MVSA_Single\data\1176.jpg
MVSA_Single/data/2015.jpg,negative,0,0,C:\Users\user\OneDrive\Desktop\KUHNE LOGISTIC UNIVERSITY\SEMESTER 2\Machine Learning\Sentiment-Analysis_ML\data\raw\MVSA_Single\data\2015.jpg
MVSA_Single/data/1271.jpg,neutral,1,1,C:\Users\user\OneDrive\Desktop\KUHNE LOGISTIC UNIVERSITY\SEMESTER 2\Machine Learning\Sentiment-Analysis_ML\data\raw\MVSA_Single\data\1271.jpg
MVSA_Single/data/1806.jpg,positive,2,2,C:\Users\user\OneDrive\Desktop\KUHNE LOGISTIC UNIVERSITY\SEMESTER 2\Machine Learning\Sentiment-Analysis_ML\data\raw\MVSA_Single\data\1806.jpg
MVSA_Single/data/143.jpg,neutral,1,1,C:\Users\user\OneDrive\Desktop\KUHNE LOGISTIC UNIVERSITY\SEMESTER 2\Machine Learning\Sentiment-Analysis_ML\data\raw\MVSA_Single\data\143.jpg
MVSA_Single/data/4088.jpg,neutral,1,1,C:\Users\user\OneDrive\Desktop\KUHNE LOGISTIC UNIVERSITY\SEMESTER 2\Machine Learning\Sentiment-Analysis_ML\data\raw\MVSA_Single\data\4088.jpg
MVSA_Single/data/1505.jpg,positive,2,2,C:\Users\user\OneDrive\Desktop\KUHNE LOGISTIC UNIVERSITY\SEMESTER 2\Machine Learning\Sentiment-Analysis_ML\data\raw\MVSA_Single\data\1505.jpg
MVSA_Single/data/2651.jpg,negative,0,0,C:\Users\user\OneDrive\Desktop\KUHNE LOGISTIC UNIVERSITY\SEMESTER 2\Machine Learning\Sentiment-Analysis_ML\data\raw\MVSA_Single\data\2651.jpg
MVSA_Single/data/3481.jpg,positive,2,2,C:\Users\user\OneDrive\Desktop\KUHNE LOGISTIC UNIVERSITY\SEMESTER 2\Machine Learning\Sentiment-Analysis_ML\data\raw\MVSA_Single\data\3481.jpg
MVSA_Single/data/541.jpg,positive,2,2,C:\Users\user\OneDrive\Desktop\KUHNE LOGISTIC UNIVERSITY\SEMESTER 2\Machine Learning\Sentiment-Analysis_ML\data\raw\MVSA_Single\data\541.jpg
MVSA_Single/data/5102.jpg,neutral,1,1,C:\Users\user\OneDrive\Desktop\KUHNE LOGISTIC UNIVERSITY\SEMESTER 2\Machine Learning\Sentiment-Analysis_ML\data\raw\MVSA_Single\data\5102.jpg
MVSA_Single/data/4982.jpg,negative,0,0,C:\Users\user\OneDrive\Desktop\KUHNE LOGISTIC UNIVERSITY\SEMESTER 2\Machine Learning\Sentiment-Analysis_ML\data\raw\MVSA_Single\data\4982.jpg
MVSA_Single/data/5057.jpg,positive,2,2,C:\Users\user\OneDrive\Desktop\KUHNE LOGISTIC UNIVERSITY\SEMESTER 2\Machine Learning\Sentiment-Analysis_ML\data\raw\MVSA_Single\data\5057.jpg
MVSA_Single/data/2131.jpg,negative,0,0,C:\Users\user\OneDrive\Desktop\KUHNE LOGISTIC UNIVERSITY\SEMESTER 2\Machine Learning\Sentiment-Analysis_ML\data\raw\MVSA_Single\data\2131.jpg
MVSA_Single/data/3959.jpg,positive,2,2,C:\Users\user\OneDrive\Desktop\KUHNE LOGISTIC UNIVERSITY\SEMESTER 2\Machine Learning\Sentiment-Analysis_ML\data\raw\MVSA_Single\data\3959.jpg
MVSA_Single/data/3261.jpg,positive,2,2,C:\Users\user\OneDrive\Desktop\KUHNE LOGISTIC UNIVERSITY\SEMESTER 2\Machine Learning\Sentiment-Analysis_ML\data\raw\MVSA_Single\data\3261.jpg
MVSA_Single/data/4650.jpg,neutral,1,1,C:\Users\user\OneDrive\Desktop\KUHNE LOGISTIC UNIVERSITY\SEMESTER 2\Machine Learning\Sentiment-Analysis_ML\data\raw\MVSA_Single\data\4650.jpg
MVSA_Single/data/598.jpg,positive,2,2,C:\Users\user\OneDrive\Desktop\KUHNE LOGISTIC UNIVERSITY\SEMESTER 2\Machine Learning\Sentiment-Analysis_ML\data\raw\MVSA_Single\data\598.jpg
MVSA_Single/data/4981.jpg,negative,0,0,C:\Users\user\OneDrive\Desktop\KUHNE LOGISTIC UNIVERSITY\SEMESTER 2\Machine Learning\Sentiment-Analysis_ML\data\raw\MVSA_Single\data\4981.jpg
MVSA_Single/data/3444.jpg,negative,0,0,C:\Users\user\OneDrive\Desktop\KUHNE LOGISTIC UNIVERSITY\SEMESTER 2\Machine Learning\Sentiment-Analysis_ML\data\raw\MVSA_Single\data\3444.jpg
MVSA_Single/data/434.jpg,positive,2,2,C:\Users\user\OneDrive\Desktop\KUHNE LOGISTIC UNIVERSITY\SEMESTER 2\Machine Learning\Sentiment-Analysis_ML\data\raw\MVSA_Single\data\434.jpg
MVSA_Single/data/2376.jpg,positive,2,2,C:\Users\user\OneDrive\Desktop\KUHNE LOGISTIC UNIVERSITY\SEMESTER 2\Machine Learning\Sentiment-Analysis_ML\data\raw\MVSA_Single\data\2376.jpg
MVSA_Single/data/1018.jpg,positive,2,2,C:\Users\user\OneDrive\Desktop\KUHNE LOGISTIC UNIVERSITY\SEMESTER 2\Machine Learning\Sentiment-Analysis_ML\data\raw\MVSA_Single\data\1018.jpg
MVSA_Single/data/1087.jpg,negative,0,0,C:\Users\user\OneDrive\Desktop\KUHNE LOGISTIC UNIVERSITY\SEMESTER 2\Machine Learning\Sentiment-Analysis_ML\data\raw\MVSA_Single\data\1087.jpg
MVSA_Single/data/3074.jpg,positive,2,2,C:\Users\user\OneDrive\Desktop\KUHNE LOGISTIC UNIVERSITY\SEMESTER 2\Machine Learning\Sentiment-Analysis_ML\data\raw\MVSA_Single\data\3074.jpg
MVSA_Single/data/3720.jpg,positive,2,2,C:\Users\user\OneDrive\Desktop\KUHNE LOGISTIC UNIVERSITY\SEMESTER 2\Machine Learning\Sentiment-Analysis_ML\data\raw\MVSA_Single\data\3720.jpg
MVSA_Single/data/3233.jpg,negative,0,0,C:\Users\user\OneDrive\Desktop\KUHNE LOGISTIC UNIVERSITY\SEMESTER 2\Machine Learning\Sentiment-Analysis_ML\data\raw\MVSA_Single\data\3233.jpg
MVSA_Single/data/3630.jpg,positive,2,2,C:\Users\user\OneDrive\Desktop\KUHNE LOGISTIC UNIVERSITY\SEMESTER 2\Machine Learning\Sentiment-Analysis_ML\data\raw\MVSA_Single\data\3630.jpg
MVSA_Single/data/4411.jpg,neutral,1,1,C:\Users\user\OneDrive\Desktop\KUHNE LOGISTIC UNIVERSITY\SEMESTER 2\Machine Learning\Sentiment-Analysis_ML\data\raw\MVSA_Single\data\4411.jpg
MVSA_Single/data/3530.jpg,positive,2,2,C:\Users\user\OneDrive\Desktop\KUHNE LOGISTIC UNIVERSITY\SEMESTER 2\Machine Learning\Sentiment-Analysis_ML\data\raw\MVSA_Single\data\3530.jpg
MVSA_Single/data/1254.jpg,negative,0,0,C:\Users\user\OneDrive\Desktop\KUHNE LOGISTIC UNIVERSITY\SEMESTER 2\Machine Learning\Sentiment-Analysis_ML\data\raw\MVSA_Single\data\1254.jpg
MVSA_Single/data/1650.jpg,positive,2,2,C:\Users\user\OneDrive\Desktop\KUHNE LOGISTIC UNIVERSITY\SEMESTER 2\Machine Learning\Sentiment-Analysis_ML\data\raw\MVSA_Single\data\1650.jpg
MVSA_Single/data/371.jpg,negative,0,0,C:\Users\user\OneDrive\Desktop\KUHNE LOGISTIC UNIVERSITY\SEMESTER 2\Machine Learning\Sentiment-Analysis_ML\data\raw\MVSA_Single\data\371.jpg
MVSA_Single/data/1074.jpg,positive,2,2,C:\Users\user\OneDrive\Desktop\KUHNE LOGISTIC UNIVERSITY\SEMESTER 2\Machine Learning\Sentiment-Analysis_ML\data\raw\MVSA_Single\data\1074.jpg
MVSA_Single/data/1148.jpg,positive,2,2,C:\Users\user\OneDrive\Desktop\KUHNE LOGISTIC UNIVERSITY\SEMESTER 2\Machine Learning\Sentiment-Analysis_ML\data\raw\MVSA_Single\data\1148.jpg
MVSA_Single/data/21.jpg,positive,2,2,C:\Users\user\OneDrive\Desktop\KUHNE LOGISTIC UNIVERSITY\SEMESTER 2\Machine Learning\Sentiment-Analysis_ML\data\raw\MVSA_Single\data\21.jpg
MVSA_Single/data/3406.jpg,neutral,1,1,C:\Users\user\OneDrive\Desktop\KUHNE LOGISTIC UNIVERSITY\SEMESTER 2\Machine Learning\Sentiment-Analysis_ML\data\raw\MVSA_Single\data\3406.jpg
MVSA_Single/data/674.jpg,negative,0,0,C:\Users\user\OneDrive\Desktop\KUHNE LOGISTIC UNIVERSITY\SEMESTER 2\Machine Learning\Sentiment-Analysis_ML\data\raw\MVSA_Single\data\674.jpg
MVSA_Single/data/4220.jpg,positive,2,2,C:\Users\user\OneDrive\Desktop\KUHNE LOGISTIC UNIVERSITY\SEMESTER 2\Machine Learning\Sentiment-Analysis_ML\data\raw\MVSA_Single\data\4220.jpg
MVSA_Single/data/55.jpg,negative,0,0,C:\Users\user\OneDrive\Desktop\KUHNE LOGISTIC UNIVERSITY\SEMESTER 2\Machine Learning\Sentiment-Analysis_ML\data\raw\MVSA_Single\data\55.jpg
MVSA_Single/data/3584.jpg,negative,0,0,C:\Users\user\OneDrive\Desktop\KUHNE LOGISTIC UNIVERSITY\SEMESTER 2\Machine Learning\Sentiment-Analysis_ML\data\raw\MVSA_Single\data\3584.jpg
MVSA_Single/data/4191.jpg,negative,0,0,C:\Users\user\OneDrive\Desktop\KUHNE LOGISTIC UNIVERSITY\SEMESTER 2\Machine Learning\Sentiment-Analysis_ML\data\raw\MVSA_Single\data\4191.jpg
MVSA_Single/data/2800.jpg,positive,2,2,C:\Users\user\OneDrive\Desktop\KUHNE LOGISTIC UNIVERSITY\SEMESTER 2\Machine Learning\Sentiment-Analysis_ML\data\raw\MVSA_Single\data\2800.jpg
MVSA_Single/data/2574.jpg,positive,2,2,C:\Users\user\OneDrive\Desktop\KUHNE LOGISTIC UNIVERSITY\SEMESTER 2\Machine Learning\Sentiment-Analysis_ML\data\raw\MVSA_Single\data\2574.jpg
MVSA_Single/data/3126.jpg,positive,2,2,C:\Users\user\OneDrive\Desktop\KUHNE LOGISTIC UNIVERSITY\SEMESTER 2\Machine Learning\Sentiment-Analysis_ML\data\raw\MVSA_Single\data\3126.jpg
MVSA_Single/data/3165.jpg,positive,2,2,C:\Users\user\OneDrive\Desktop\KUHNE LOGISTIC UNIVERSITY\SEMESTER 2\Machine Learning\Sentiment-Analysis_ML\data\raw\MVSA_Single\data\3165.jpg
MVSA_Single/data/263.jpg,positive,2,2,C:\Users\user\OneDrive\Desktop\KUHNE LOGISTIC UNIVERSITY\SEMESTER 2\Machine Learning\Sentiment-Analysis_ML\data\raw\MVSA_Single\data\263.jpg
MVSA_Single/data/1951.jpg,negative,0,0,C:\Users\user\OneDrive\Desktop\KUHNE LOGISTIC UNIVERSITY\SEMESTER 2\Machine Learning\Sentiment-Analysis_ML\data\raw\MVSA_Single\data\1951.jpg
MVSA_Single/data/1808.jpg,neutral,1,1,C:\Users\user\OneDrive\Desktop\KUHNE LOGISTIC UNIVERSITY\SEMESTER 2\Machine Learning\Sentiment-Analysis_ML\data\raw\MVSA_Single\data\1808.jpg
MVSA_Single/data/3729.jpg,positive,2,2,C:\Users\user\OneDrive\Desktop\KUHNE LOGISTIC UNIVERSITY\SEMESTER 2\Machine Learning\Sentiment-Analysis_ML\data\raw\MVSA_Single\data\3729.jpg
MVSA_Single/data/3284.jpg,negative,0,0,C:\Users\user\OneDrive\Desktop\KUHNE LOGISTIC UNIVERSITY\SEMESTER 2\Machine Learning\Sentiment-Analysis_ML\data\raw\MVSA_Single\data\3284.jpg
MVSA_Single/data/1118.jpg,positive,2,2,C:\Users\user\OneDrive\Desktop\KUHNE LOGISTIC UNIVERSITY\SEMESTER 2\Machine Learning\Sentiment-Analysis_ML\data\raw\MVSA_Single\data\1118.jpg
MVSA_Single/data/101.jpg,positive,2,2,C:\Users\user\OneDrive\Desktop\KUHNE LOGISTIC UNIVERSITY\SEMESTER 2\Machine Learning\Sentiment-Analysis_ML\data\raw\MVSA_Single\data\101.jpg
MVSA_Single/data/3049.jpg,positive,2,2,C:\Users\user\OneDrive\Desktop\KUHNE LOGISTIC UNIVERSITY\SEMESTER 2\Machine Learning\Sentiment-Analysis_ML\data\raw\MVSA_Single\data\3049.jpg
MVSA_Single/data/2710.jpg,neutral,1,1,C:\Users\user\OneDrive\Desktop\KUHNE LOGISTIC UNIVERSITY\SEMESTER 2\Machine Learning\Sentiment-Analysis_ML\data\raw\MVSA_Single\data\2710.jpg
MVSA_Single/data/3221.jpg,positive,2,2,C:\Users\user\OneDrive\Desktop\KUHNE LOGISTIC UNIVERSITY\SEMESTER 2\Machine Learning\Sentiment-Analysis_ML\data\raw\MVSA_Single\data\3221.jpg
MVSA_Single/data/113.jpg,positive,2,2,C:\Users\user\OneDrive\Desktop\KUHNE LOGISTIC UNIVERSITY\SEMESTER 2\Machine Learning\Sentiment-Analysis_ML\data\raw\MVSA_Single\data\113.jpg
MVSA_Single/data/137.jpg,positive,2,2,C:\Users\user\OneDrive\Desktop\KUHNE LOGISTIC UNIVERSITY\SEMESTER 2\Machine Learning\Sentiment-Analysis_ML\data\raw\MVSA_Single\data\137.jpg
MVSA_Single/data/3550.jpg,negative,0,0,C:\Users\user\OneDrive\Desktop\KUHNE LOGISTIC UNIVERSITY\SEMESTER 2\Machine Learning\Sentiment-Analysis_ML\data\raw\MVSA_Single\data\3550.jpg
MVSA_Single/data/4055.jpg,positive,2,2,C:\Users\user\OneDrive\Desktop\KUHNE LOGISTIC UNIVERSITY\SEMESTER 2\Machine Learning\Sentiment-Analysis_ML\data\raw\MVSA_Single\data\4055.jpg
MVSA_Single/data/4003.jpg,negative,0,0,C:\Users\user\OneDrive\Desktop\KUHNE LOGISTIC UNIVERSITY\SEMESTER 2\Machine Learning\Sentiment-Analysis_ML\data\raw\MVSA_Single\data\4003.jpg
MVSA_Single/data/3065.jpg,positive,2,2,C:\Users\user\OneDrive\Desktop\KUHNE LOGISTIC UNIVERSITY\SEMESTER 2\Machine Learning\Sentiment-Analysis_ML\data\raw\MVSA_Single\data\3065.jpg
MVSA_Single/data/1197.jpg,positive,2,2,C:\Users\user\OneDrive\Desktop\KUHNE LOGISTIC UNIVERSITY\SEMESTER 2\Machine Learning\Sentiment-Analysis_ML\data\raw\MVSA_Single\data\1197.jpg
MVSA_Single/data/662.jpg,positive,2,2,C:\Users\user\OneDrive\Desktop\KUHNE LOGISTIC UNIVERSITY\SEMESTER 2\Machine Learning\Sentiment-Analysis_ML\data\raw\MVSA_Single\data\662.jpg
MVSA_Single/data/1323.jpg,positive,2,2,C:\Users\user\OneDrive\Desktop\KUHNE LOGISTIC UNIVERSITY\SEMESTER 2\Machine Learning\Sentiment-Analysis_ML\data\raw\MVSA_Single\data\1323.jpg
MVSA_Single/data/3666.jpg,positive,2,2,C:\Users\user\OneDrive\Desktop\KUHNE LOGISTIC UNIVERSITY\SEMESTER 2\Machine Learning\Sentiment-Analysis_ML\data\raw\MVSA_Single\data\3666.jpg
MVSA_Single/data/3529.jpg,neutral,1,1,C:\Users\user\OneDrive\Desktop\KUHNE LOGISTIC UNIVERSITY\SEMESTER 2\Machine Learning\Sentiment-Analysis_ML\data\raw\MVSA_Single\data\3529.jpg
MVSA_Single/data/2728.jpg,neutral,1,1,C:\Users\user\OneDrive\Desktop\KUHNE LOGISTIC UNIVERSITY\SEMESTER 2\Machine Learning\Sentiment-Analysis_ML\data\raw\MVSA_Single\data\2728.jpg
MVSA_Single/data/2562.jpg,positive,2,2,C:\Users\user\OneDrive\Desktop\KUHNE LOGISTIC UNIVERSITY\SEMESTER 2\Machine Learning\Sentiment-Analysis_ML\data\raw\MVSA_Single\data\2562.jpg
MVSA_Single/data/4366.jpg,positive,2,2,C:\Users\user\OneDrive\Desktop\KUHNE LOGISTIC UNIVERSITY\SEMESTER 2\Machine Learning\Sentiment-Analysis_ML\data\raw\MVSA_Single\data\4366.jpg
MVSA_Single/data/4946.jpg,positive,2,2,C:\Users\user\OneDrive\Desktop\KUHNE LOGISTIC UNIVERSITY\SEMESTER 2\Machine Learning\Sentiment-Analysis_ML\data\raw\MVSA_Single\data\4946.jpg
MVSA_Single/data/3390.jpg,positive,2,2,C:\Users\user\OneDrive\Desktop\KUHNE LOGISTIC UNIVERSITY\SEMESTER 2\Machine Learning\Sentiment-Analysis_ML\data\raw\MVSA_Single\data\3390.jpg
MVSA_Single/data/3508.jpg,negative,0,0,C:\Users\user\OneDrive\Desktop\KUHNE LOGISTIC UNIVERSITY\SEMESTER 2\Machine Learning\Sentiment-Analysis_ML\data\raw\MVSA_Single\data\3508.jpg
MVSA_Single/data/793.jpg,neutral,1,1,C:\Users\user\OneDrive\Desktop\KUHNE LOGISTIC UNIVERSITY\SEMESTER 2\Machine Learning\Sentiment-Analysis_ML\data\raw\MVSA_Single\data\793.jpg
MVSA_Single/data/1788.jpg,positive,2,2,C:\Users\user\OneDrive\Desktop\KUHNE LOGISTIC UNIVERSITY\SEMESTER 2\Machine Learning\Sentiment-Analysis_ML\data\raw\MVSA_Single\data\1788.jpg
MVSA_Single/data/1209.jpg,positive,2,2,C:\Users\user\OneDrive\Desktop\KUHNE LOGISTIC UNIVERSITY\SEMESTER 2\Machine Learning\Sentiment-Analysis_ML\data\raw\MVSA_Single\data\1209.jpg
MVSA_Single/data/352.jpg,positive,2,2,C:\Users\user\OneDrive\Desktop\KUHNE LOGISTIC UNIVERSITY\SEMESTER 2\Machine Learning\Sentiment-Analysis_ML\data\raw\MVSA_Single\data\352.jpg
MVSA_Single/data/4026.jpg,neutral,1,1,C:\Users\user\OneDrive\Desktop\KUHNE LOGISTIC UNIVERSITY\SEMESTER 2\Machine Learning\Sentiment-Analysis_ML\data\raw\MVSA_Single\data\4026.jpg
MVSA_Single/data/1194.jpg,positive,2,2,C:\Users\user\OneDrive\Desktop\KUHNE LOGISTIC UNIVERSITY\SEMESTER 2\Machine Learning\Sentiment-Analysis_ML\data\raw\MVSA_Single\data\1194.jpg
MVSA_Single/data/2018.jpg,positive,2,2,C:\Users\user\OneDrive\Desktop\KUHNE LOGISTIC UNIVERSITY\SEMESTER 2\Machine Learning\Sentiment-Analysis_ML\data\raw\MVSA_Single\data\2018.jpg
MVSA_Single/data/244.jpg,positive,2,2,C:\Users\user\OneDrive\Desktop\KUHNE LOGISTIC UNIVERSITY\SEMESTER 2\Machine Learning\Sentiment-Analysis_ML\data\raw\MVSA_Single\data\244.jpg
MVSA_Single/data/4744.jpg,positive,2,2,C:\Users\user\OneDrive\Desktop\KUHNE LOGISTIC UNIVERSITY\SEMESTER 2\Machine Learning\Sentiment-Analysis_ML\data\raw\MVSA_Single\data\4744.jpg
MVSA_Single/data/2579.jpg,positive,2,2,C:\Users\user\OneDrive\Desktop\KUHNE LOGISTIC UNIVERSITY\SEMESTER 2\Machine Learning\Sentiment-Analysis_ML\data\raw\MVSA_Single\data\2579.jpg
MVSA_Single/data/2436.jpg,positive,2,2,C:\Users\user\OneDrive\Desktop\KUHNE LOGISTIC UNIVERSITY\SEMESTER 2\Machine Learning\Sentiment-Analysis_ML\data\raw\MVSA_Single\data\2436.jpg
MVSA_Single/data/1587.jpg,positive,2,2,C:\Users\user\OneDrive\Desktop\KUHNE LOGISTIC UNIVERSITY\SEMESTER 2\Machine Learning\Sentiment-Analysis_ML\data\raw\MVSA_Single\data\1587.jpg
MVSA_Single/data/5003.jpg,neutral,1,1,C:\Users\user\OneDrive\Desktop\KUHNE LOGISTIC UNIVERSITY\SEMESTER 2\Machine Learning\Sentiment-Analysis_ML\data\raw\MVSA_Single\data\5003.jpg
MVSA_Single/data/858.jpg,positive,2,2,C:\Users\user\OneDrive\Desktop\KUHNE LOGISTIC UNIVERSITY\SEMESTER 2\Machine Learning\Sentiment-Analysis_ML\data\raw\MVSA_Single\data\858.jpg
MVSA_Single/data/4036.jpg,positive,2,2,C:\Users\user\OneDrive\Desktop\KUHNE LOGISTIC UNIVERSITY\SEMESTER 2\Machine Learning\Sentiment-Analysis_ML\data\raw\MVSA_Single\data\4036.jpg
MVSA_Single/data/275.jpg,positive,2,2,C:\Users\user\OneDrive\Desktop\KUHNE LOGISTIC UNIVERSITY\SEMESTER 2\Machine Learning\Sentiment-Analysis_ML\data\raw\MVSA_Single\data\275.jpg
MVSA_Single/data/1872.jpg,neutral,1,1,C:\Users\user\OneDrive\Desktop\KUHNE LOGISTIC UNIVERSITY\SEMESTER 2\Machine Learning\Sentiment-Analysis_ML\data\raw\MVSA_Single\data\1872.jpg
MVSA_Single/data/3586.jpg,positive,2,2,C:\Users\user\OneDrive\Desktop\KUHNE LOGISTIC UNIVERSITY\SEMESTER 2\Machine Learning\Sentiment-Analysis_ML\data\raw\MVSA_Single\data\3586.jpg
MVSA_Single/data/4870.jpg,negative,0,0,C:\Users\user\OneDrive\Desktop\KUHNE LOGISTIC UNIVERSITY\SEMESTER 2\Machine Learning\Sentiment-Analysis_ML\data\raw\MVSA_Single\data\4870.jpg
MVSA_Single/data/1182.jpg,positive,2,2,C:\Users\user\OneDrive\Desktop\KUHNE LOGISTIC UNIVERSITY\SEMESTER 2\Machine Learning\Sentiment-Analysis_ML\data\raw\MVSA_Single\data\1182.jpg
MVSA_Single/data/3888.jpg,positive,2,2,C:\Users\user\OneDrive\Desktop\KUHNE LOGISTIC UNIVERSITY\SEMESTER 2\Machine Learning\Sentiment-Analysis_ML\data\raw\MVSA_Single\data\3888.jpg
MVSA_Single/data/3927.jpg,positive,2,2,C:\Users\user\OneDrive\Desktop\KUHNE LOGISTIC UNIVERSITY\SEMESTER 2\Machine Learning\Sentiment-Analysis_ML\data\raw\MVSA_Single\data\3927.jpg
MVSA_Single/data/4904.jpg,negative,0,0,C:\Users\user\OneDrive\Desktop\KUHNE LOGISTIC UNIVERSITY\SEMESTER 2\Machine Learning\Sentiment-Analysis_ML\data\raw\MVSA_Single\data\4904.jpg
MVSA_Single/data/402.jpg,negative,0,0,C:\Users\user\OneDrive\Desktop\KUHNE LOGISTIC UNIVERSITY\SEMESTER 2\Machine Learning\Sentiment-Analysis_ML\data\raw\MVSA_Single\data\402.jpg
MVSA_Single/data/1135.jpg,positive,2,2,C:\Users\user\OneDrive\Desktop\KUHNE LOGISTIC UNIVERSITY\SEMESTER 2\Machine Learning\Sentiment-Analysis_ML\data\raw\MVSA_Single\data\1135.jpg
MVSA_Single/data/1688.jpg,positive,2,2,C:\Users\user\OneDrive\Desktop\KUHNE LOGISTIC UNIVERSITY\SEMESTER 2\Machine Learning\Sentiment-Analysis_ML\data\raw\MVSA_Single\data\1688.jpg
MVSA_Single/data/1162.jpg,neutral,1,1,C:\Users\user\OneDrive\Desktop\KUHNE LOGISTIC UNIVERSITY\SEMESTER 2\Machine Learning\Sentiment-Analysis_ML\data\raw\MVSA_Single\data\1162.jpg
MVSA_Single/data/4060.jpg,positive,2,2,C:\Users\user\OneDrive\Desktop\KUHNE LOGISTIC UNIVERSITY\SEMESTER 2\Machine Learning\Sentiment-Analysis_ML\data\raw\MVSA_Single\data\4060.jpg
MVSA_Single/data/193.jpg,positive,2,2,C:\Users\user\OneDrive\Desktop\KUHNE LOGISTIC UNIVERSITY\SEMESTER 2\Machine Learning\Sentiment-Analysis_ML\data\raw\MVSA_Single\data\193.jpg
MVSA_Single/data/3463.jpg,neutral,1,1,C:\Users\user\OneDrive\Desktop\KUHNE LOGISTIC UNIVERSITY\SEMESTER 2\Machine Learning\Sentiment-Analysis_ML\data\raw\MVSA_Single\data\3463.jpg
MVSA_Single/data/2044.jpg,neutral,1,1,C:\Users\user\OneDrive\Desktop\KUHNE LOGISTIC UNIVERSITY\SEMESTER 2\Machine Learning\Sentiment-Analysis_ML\data\raw\MVSA_Single\data\2044.jpg
MVSA_Single/data/4515.jpg,neutral,1,1,C:\Users\user\OneDrive\Desktop\KUHNE LOGISTIC UNIVERSITY\SEMESTER 2\Machine Learning\Sentiment-Analysis_ML\data\raw\MVSA_Single\data\4515.jpg
MVSA_Single/data/2112.jpg,positive,2,2,C:\Users\user\OneDrive\Desktop\KUHNE LOGISTIC UNIVERSITY\SEMESTER 2\Machine Learning\Sentiment-Analysis_ML\data\raw\MVSA_Single\data\2112.jpg
MVSA_Single/data/896.jpg,positive,2,2,C:\Users\user\OneDrive\Desktop\KUHNE LOGISTIC UNIVERSITY\SEMESTER 2\Machine Learning\Sentiment-Analysis_ML\data\raw\MVSA_Single\data\896.jpg
MVSA_Single/data/1618.jpg,positive,2,2,C:\Users\user\OneDrive\Desktop\KUHNE LOGISTIC UNIVERSITY\SEMESTER 2\Machine Learning\Sentiment-Analysis_ML\data\raw\MVSA_Single\data\1618.jpg
MVSA_Single/data/956.jpg,positive,2,2,C:\Users\user\OneDrive\Desktop\KUHNE LOGISTIC UNIVERSITY\SEMESTER 2\Machine Learning\Sentiment-Analysis_ML\data\raw\MVSA_Single\data\956.jpg
MVSA_Single/data/362.jpg,negative,0,0,C:\Users\user\OneDrive\Desktop\KUHNE LOGISTIC UNIVERSITY\SEMESTER 2\Machine Learning\Sentiment-Analysis_ML\data\raw\MVSA_Single\data\362.jpg
MVSA_Single/data/3542.jpg,positive,2,2,C:\Users\user\OneDrive\Desktop\KUHNE LOGISTIC UNIVERSITY\SEMESTER 2\Machine Learning\Sentiment-Analysis_ML\data\raw\MVSA_Single\data\3542.jpg
MVSA_Single/data/708.jpg,neutral,1,1,C:\Users\user\OneDrive\Desktop\KUHNE LOGISTIC UNIVERSITY\SEMESTER 2\Machine Learning\Sentiment-Analysis_ML\data\raw\MVSA_Single\data\708.jpg
MVSA_Single/data/4587.jpg,negative,0,0,C:\Users\user\OneDrive\Desktop\KUHNE LOGISTIC UNIVERSITY\SEMESTER 2\Machine Learning\Sentiment-Analysis_ML\data\raw\MVSA_Single\data\4587.jpg
MVSA_Single/data/622.jpg,neutral,1,1,C:\Users\user\OneDrive\Desktop\KUHNE LOGISTIC UNIVERSITY\SEMESTER 2\Machine Learning\Sentiment-Analysis_ML\data\raw\MVSA_Single\data\622.jpg
MVSA_Single/data/759.jpg,positive,2,2,C:\Users\user\OneDrive\Desktop\KUHNE LOGISTIC UNIVERSITY\SEMESTER 2\Machine Learning\Sentiment-Analysis_ML\data\raw\MVSA_Single\data\759.jpg
MVSA_Single/data/1810.jpg,positive,2,2,C:\Users\user\OneDrive\Desktop\KUHNE LOGISTIC UNIVERSITY\SEMESTER 2\Machine Learning\Sentiment-Analysis_ML\data\raw\MVSA_Single\data\1810.jpg
MVSA_Single/data/2009.jpg,positive,2,2,C:\Users\user\OneDrive\Desktop\KUHNE LOGISTIC UNIVERSITY\SEMESTER 2\Machine Learning\Sentiment-Analysis_ML\data\raw\MVSA_Single\data\2009.jpg
MVSA_Single/data/590.jpg,positive,2,2,C:\Users\user\OneDrive\Desktop\KUHNE LOGISTIC UNIVERSITY\SEMESTER 2\Machine Learning\Sentiment-Analysis_ML\data\raw\MVSA_Single\data\590.jpg
MVSA_Single/data/2523.jpg,positive,2,2,C:\Users\user\OneDrive\Desktop\KUHNE LOGISTIC UNIVERSITY\SEMESTER 2\Machine Learning\Sentiment-Analysis_ML\data\raw\MVSA_Single\data\2523.jpg
MVSA_Single/data/1414.jpg,positive,2,2,C:\Users\user\OneDrive\Desktop\KUHNE LOGISTIC UNIVERSITY\SEMESTER 2\Machine Learning\Sentiment-Analysis_ML\data\raw\MVSA_Single\data\1414.jpg
MVSA_Single/data/1407.jpg,positive,2,2,C:\Users\user\OneDrive\Desktop\KUHNE LOGISTIC UNIVERSITY\SEMESTER 2\Machine Learning\Sentiment-Analysis_ML\data\raw\MVSA_Single\data\1407.jpg
MVSA_Single/data/2498.jpg,positive,2,2,C:\Users\user\OneDrive\Desktop\KUHNE LOGISTIC UNIVERSITY\SEMESTER 2\Machine Learning\Sentiment-Analysis_ML\data\raw\MVSA_Single\data\2498.jpg
MVSA_Single/data/2630.jpg,negative,0,0,C:\Users\user\OneDrive\Desktop\KUHNE LOGISTIC UNIVERSITY\SEMESTER 2\Machine Learning\Sentiment-Analysis_ML\data\raw\MVSA_Single\data\2630.jpg
MVSA_Single/data/1058.jpg,neutral,1,1,C:\Users\user\OneDrive\Desktop\KUHNE LOGISTIC UNIVERSITY\SEMESTER 2\Machine Learning\Sentiment-Analysis_ML\data\raw\MVSA_Single\data\1058.jpg
MVSA_Single/data/4698.jpg,neutral,1,1,C:\Users\user\OneDrive\Desktop\KUHNE LOGISTIC UNIVERSITY\SEMESTER 2\Machine Learning\Sentiment-Analysis_ML\data\raw\MVSA_Single\data\4698.jpg
MVSA_Single/data/2107.jpg,negative,0,0,C:\Users\user\OneDrive\Desktop\KUHNE LOGISTIC UNIVERSITY\SEMESTER 2\Machine Learning\Sentiment-Analysis_ML\data\raw\MVSA_Single\data\2107.jpg
MVSA_Single/data/2563.jpg,positive,2,2,C:\Users\user\OneDrive\Desktop\KUHNE LOGISTIC UNIVERSITY\SEMESTER 2\Machine Learning\Sentiment-Analysis_ML\data\raw\MVSA_Single\data\2563.jpg
MVSA_Single/data/1576.jpg,negative,0,0,C:\Users\user\OneDrive\Desktop\KUHNE LOGISTIC UNIVERSITY\SEMESTER 2\Machine Learning\Sentiment-Analysis_ML\data\raw\MVSA_Single\data\1576.jpg
MVSA_Single/data/3582.jpg,positive,2,2,C:\Users\user\OneDrive\Desktop\KUHNE LOGISTIC UNIVERSITY\SEMESTER 2\Machine Learning\Sentiment-Analysis_ML\data\raw\MVSA_Single\data\3582.jpg
MVSA_Single/data/2696.jpg,neutral,1,1,C:\Users\user\OneDrive\Desktop\KUHNE LOGISTIC UNIVERSITY\SEMESTER 2\Machine Learning\Sentiment-Analysis_ML\data\raw\MVSA_Single\data\2696.jpg
MVSA_Single/data/2778.jpg,positive,2,2,C:\Users\user\OneDrive\Desktop\KUHNE LOGISTIC UNIVERSITY\SEMESTER 2\Machine Learning\Sentiment-Analysis_ML\data\raw\MVSA_Single\data\2778.jpg
MVSA_Single/data/3487.jpg,positive,2,2,C:\Users\user\OneDrive\Desktop\KUHNE LOGISTIC UNIVERSITY\SEMESTER 2\Machine Learning\Sentiment-Analysis_ML\data\raw\MVSA_Single\data\3487.jpg
MVSA_Single/data/2014.jpg,positive,2,2,C:\Users\user\OneDrive\Desktop\KUHNE LOGISTIC UNIVERSITY\SEMESTER 2\Machine Learning\Sentiment-Analysis_ML\data\raw\MVSA_Single\data\2014.jpg
MVSA_Single/data/581.jpg,neutral,1,1,C:\Users\user\OneDrive\Desktop\KUHNE LOGISTIC UNIVERSITY\SEMESTER 2\Machine Learning\Sentiment-Analysis_ML\data\raw\MVSA_Single\data\581.jpg
MVSA_Single/data/2163.jpg,negative,0,0,C:\Users\user\OneDrive\Desktop\KUHNE LOGISTIC UNIVERSITY\SEMESTER 2\Machine Learning\Sentiment-Analysis_ML\data\raw\MVSA_Single\data\2163.jpg
MVSA_Single/data/947.jpg,negative,0,0,C:\Users\user\OneDrive\Desktop\KUHNE LOGISTIC UNIVERSITY\SEMESTER 2\Machine Learning\Sentiment-Analysis_ML\data\raw\MVSA_Single\data\947.jpg
MVSA_Single/data/5.jpg,positive,2,2,C:\Users\user\OneDrive\Desktop\KUHNE LOGISTIC UNIVERSITY\SEMESTER 2\Machine Learning\Sentiment-Analysis_ML\data\raw\MVSA_Single\data\5.jpg
MVSA_Single/data/2706.jpg,negative,0,0,C:\Users\user\OneDrive\Desktop\KUHNE LOGISTIC UNIVERSITY\SEMESTER 2\Machine Learning\Sentiment-Analysis_ML\data\raw\MVSA_Single\data\2706.jpg
MVSA_Single/data/3289.jpg,positive,2,2,C:\Users\user\OneDrive\Desktop\KUHNE LOGISTIC UNIVERSITY\SEMESTER 2\Machine Learning\Sentiment-Analysis_ML\data\raw\MVSA_Single\data\3289.jpg
MVSA_Single/data/1781.jpg,neutral,1,1,C:\Users\user\OneDrive\Desktop\KUHNE LOGISTIC UNIVERSITY\SEMESTER 2\Machine Learning\Sentiment-Analysis_ML\data\raw\MVSA_Single\data\1781.jpg
MVSA_Single/data/3296.jpg,positive,2,2,C:\Users\user\OneDrive\Desktop\KUHNE LOGISTIC UNIVERSITY\SEMESTER 2\Machine Learning\Sentiment-Analysis_ML\data\raw\MVSA_Single\data\3296.jpg
MVSA_Single/data/4408.jpg,neutral,1,1,C:\Users\user\OneDrive\Desktop\KUHNE LOGISTIC UNIVERSITY\SEMESTER 2\Machine Learning\Sentiment-Analysis_ML\data\raw\MVSA_Single\data\4408.jpg
MVSA_Single/data/2762.jpg,neutral,1,1,C:\Users\user\OneDrive\Desktop\KUHNE LOGISTIC UNIVERSITY\SEMESTER 2\Machine Learning\Sentiment-Analysis_ML\data\raw\MVSA_Single\data\2762.jpg
MVSA_Single/data/1477.jpg,positive,2,2,C:\Users\user\OneDrive\Desktop\KUHNE LOGISTIC UNIVERSITY\SEMESTER 2\Machine Learning\Sentiment-Analysis_ML\data\raw\MVSA_Single\data\1477.jpg
MVSA_Single/data/1419.jpg,neutral,1,1,C:\Users\user\OneDrive\Desktop\KUHNE LOGISTIC UNIVERSITY\SEMESTER 2\Machine Learning\Sentiment-Analysis_ML\data\raw\MVSA_Single\data\1419.jpg
MVSA_Single/data/1497.jpg,positive,2,2,C:\Users\user\OneDrive\Desktop\KUHNE LOGISTIC UNIVERSITY\SEMESTER 2\Machine Learning\Sentiment-Analysis_ML\data\raw\MVSA_Single\data\1497.jpg
MVSA_Single/data/995.jpg,neutral,1,1,C:\Users\user\OneDrive\Desktop\KUHNE LOGISTIC UNIVERSITY\SEMESTER 2\Machine Learning\Sentiment-Analysis_ML\data\raw\MVSA_Single\data\995.jpg
MVSA_Single/data/843.jpg,positive,2,2,C:\Users\user\OneDrive\Desktop\KUHNE LOGISTIC UNIVERSITY\SEMESTER 2\Machine Learning\Sentiment-Analysis_ML\data\raw\MVSA_Single\data\843.jpg
MVSA_Single/data/300.jpg,positive,2,2,C:\Users\user\OneDrive\Desktop\KUHNE LOGISTIC UNIVERSITY\SEMESTER 2\Machine Learning\Sentiment-Analysis_ML\data\raw\MVSA_Single\data\300.jpg
MVSA_Single/data/3969.jpg,positive,2,2,C:\Users\user\OneDrive\Desktop\KUHNE LOGISTIC UNIVERSITY\SEMESTER 2\Machine Learning\Sentiment-Analysis_ML\data\raw\MVSA_Single\data\3969.jpg
MVSA_Single/data/2843.jpg,negative,0,0,C:\Users\user\OneDrive\Desktop\KUHNE LOGISTIC UNIVERSITY\SEMESTER 2\Machine Learning\Sentiment-Analysis_ML\data\raw\MVSA_Single\data\2843.jpg
MVSA_Single/data/1035.jpg,positive,2,2,C:\Users\user\OneDrive\Desktop\KUHNE LOGISTIC UNIVERSITY\SEMESTER 2\Machine Learning\Sentiment-Analysis_ML\data\raw\MVSA_Single\data\1035.jpg
MVSA_Single/data/4132.jpg,negative,0,0,C:\Users\user\OneDrive\Desktop\KUHNE LOGISTIC UNIVERSITY\SEMESTER 2\Machine Learning\Sentiment-Analysis_ML\data\raw\MVSA_Single\data\4132.jpg
MVSA_Single/data/3276.jpg,positive,2,2,C:\Users\user\OneDrive\Desktop\KUHNE LOGISTIC UNIVERSITY\SEMESTER 2\Machine Learning\Sentiment-Analysis_ML\data\raw\MVSA_Single\data\3276.jpg
MVSA_Single/data/4574.jpg,positive,2,2,C:\Users\user\OneDrive\Desktop\KUHNE LOGISTIC UNIVERSITY\SEMESTER 2\Machine Learning\Sentiment-Analysis_ML\data\raw\MVSA_Single\data\4574.jpg
MVSA_Single/data/3032.jpg,positive,2,2,C:\Users\user\OneDrive\Desktop\KUHNE LOGISTIC UNIVERSITY\SEMESTER 2\Machine Learning\Sentiment-Analysis_ML\data\raw\MVSA_Single\data\3032.jpg
MVSA_Single/data/381.jpg,neutral,1,1,C:\Users\user\OneDrive\Desktop\KUHNE LOGISTIC UNIVERSITY\SEMESTER 2\Machine Learning\Sentiment-Analysis_ML\data\raw\MVSA_Single\data\381.jpg
MVSA_Single/data/1600.jpg,positive,2,2,C:\Users\user\OneDrive\Desktop\KUHNE LOGISTIC UNIVERSITY\SEMESTER 2\Machine Learning\Sentiment-Analysis_ML\data\raw\MVSA_Single\data\1600.jpg
MVSA_Single/data/2066.jpg,positive,2,2,C:\Users\user\OneDrive\Desktop\KUHNE LOGISTIC UNIVERSITY\SEMESTER 2\Machine Learning\Sentiment-Analysis_ML\data\raw\MVSA_Single\data\2066.jpg
MVSA_Single/data/1841.jpg,negative,0,0,C:\Users\user\OneDrive\Desktop\KUHNE LOGISTIC UNIVERSITY\SEMESTER 2\Machine Learning\Sentiment-Analysis_ML\data\raw\MVSA_Single\data\1841.jpg
MVSA_Single/data/4689.jpg,positive,2,2,C:\Users\user\OneDrive\Desktop\KUHNE LOGISTIC UNIVERSITY\SEMESTER 2\Machine Learning\Sentiment-Analysis_ML\data\raw\MVSA_Single\data\4689.jpg
MVSA_Single/data/1374.jpg,positive,2,2,C:\Users\user\OneDrive\Desktop\KUHNE LOGISTIC UNIVERSITY\SEMESTER 2\Machine Learning\Sentiment-Analysis_ML\data\raw\MVSA_Single\data\1374.jpg
MVSA_Single/data/3245.jpg,positive,2,2,C:\Users\user\OneDrive\Desktop\KUHNE LOGISTIC UNIVERSITY\SEMESTER 2\Machine Learning\Sentiment-Analysis_ML\data\raw\MVSA_Single\data\3245.jpg
MVSA_Single/data/2527.jpg,positive,2,2,C:\Users\user\OneDrive\Desktop\KUHNE LOGISTIC UNIVERSITY\SEMESTER 2\Machine Learning\Sentiment-Analysis_ML\data\raw\MVSA_Single\data\2527.jpg
MVSA_Single/data/2140.jpg,positive,2,2,C:\Users\user\OneDrive\Desktop\KUHNE LOGISTIC UNIVERSITY\SEMESTER 2\Machine Learning\Sentiment-Analysis_ML\data\raw\MVSA_Single\data\2140.jpg
MVSA_Single/data/3684.jpg,positive,2,2,C:\Users\user\OneDrive\Desktop\KUHNE LOGISTIC UNIVERSITY\SEMESTER 2\Machine Learning\Sentiment-Analysis_ML\data\raw\MVSA_Single\data\3684.jpg
MVSA_Single/data/2817.jpg,negative,0,0,C:\Users\user\OneDrive\Desktop\KUHNE LOGISTIC UNIVERSITY\SEMESTER 2\Machine Learning\Sentiment-Analysis_ML\data\raw\MVSA_Single\data\2817.jpg
MVSA_Single/data/1394.jpg,neutral,1,1,C:\Users\user\OneDrive\Desktop\KUHNE LOGISTIC UNIVERSITY\SEMESTER 2\Machine Learning\Sentiment-Analysis_ML\data\raw\MVSA_Single\data\1394.jpg
MVSA_Single/data/295.jpg,positive,2,2,C:\Users\user\OneDrive\Desktop\KUHNE LOGISTIC UNIVERSITY\SEMESTER 2\Machine Learning\Sentiment-Analysis_ML\data\raw\MVSA_Single\data\295.jpg
MVSA_Single/data/2807.jpg,positive,2,2,C:\Users\user\OneDrive\Desktop\KUHNE LOGISTIC UNIVERSITY\SEMESTER 2\Machine Learning\Sentiment-Analysis_ML\data\raw\MVSA_Single\data\2807.jpg
MVSA_Single/data/1769.jpg,negative,0,0,C:\Users\user\OneDrive\Desktop\KUHNE LOGISTIC UNIVERSITY\SEMESTER 2\Machine Learning\Sentiment-Analysis_ML\data\raw\MVSA_Single\data\1769.jpg
MVSA_Single/data/4279.jpg,neutral,1,1,C:\Users\user\OneDrive\Desktop\KUHNE LOGISTIC UNIVERSITY\SEMESTER 2\Machine Learning\Sentiment-Analysis_ML\data\raw\MVSA_Single\data\4279.jpg
MVSA_Single/data/3176.jpg,positive,2,2,C:\Users\user\OneDrive\Desktop\KUHNE LOGISTIC UNIVERSITY\SEMESTER 2\Machine Learning\Sentiment-Analysis_ML\data\raw\MVSA_Single\data\3176.jpg
MVSA_Single/data/2920.jpg,negative,0,0,C:\Users\user\OneDrive\Desktop\KUHNE LOGISTIC UNIVERSITY\SEMESTER 2\Machine Learning\Sentiment-Analysis_ML\data\raw\MVSA_Single\data\2920.jpg
MVSA_Single/data/431.jpg,positive,2,2,C:\Users\user\OneDrive\Desktop\KUHNE LOGISTIC UNIVERSITY\SEMESTER 2\Machine Learning\Sentiment-Analysis_ML\data\raw\MVSA_Single\data\431.jpg
MVSA_Single/data/3112.jpg,neutral,1,1,C:\Users\user\OneDrive\Desktop\KUHNE LOGISTIC UNIVERSITY\SEMESTER 2\Machine Learning\Sentiment-Analysis_ML\data\raw\MVSA_Single\data\3112.jpg
MVSA_Single/data/4009.jpg,positive,2,2,C:\Users\user\OneDrive\Desktop\KUHNE LOGISTIC UNIVERSITY\SEMESTER 2\Machine Learning\Sentiment-Analysis_ML\data\raw\MVSA_Single\data\4009.jpg
MVSA_Single/data/3027.jpg,positive,2,2,C:\Users\user\OneDrive\Desktop\KUHNE LOGISTIC UNIVERSITY\SEMESTER 2\Machine Learning\Sentiment-Analysis_ML\data\raw\MVSA_Single\data\3027.jpg
MVSA_Single/data/4286.jpg,positive,2,2,C:\Users\user\OneDrive\Desktop\KUHNE LOGISTIC UNIVERSITY\SEMESTER 2\Machine Learning\Sentiment-Analysis_ML\data\raw\MVSA_Single\data\4286.jpg
MVSA_Single/data/2426.jpg,positive,2,2,C:\Users\user\OneDrive\Desktop\KUHNE LOGISTIC UNIVERSITY\SEMESTER 2\Machine Learning\Sentiment-Analysis_ML\data\raw\MVSA_Single\data\2426.jpg
MVSA_Single/data/599.jpg,positive,2,2,C:\Users\user\OneDrive\Desktop\KUHNE LOGISTIC UNIVERSITY\SEMESTER 2\Machine Learning\Sentiment-Analysis_ML\data\raw\MVSA_Single\data\599.jpg
MVSA_Single/data/1319.jpg,negative,0,0,C:\Users\user\OneDrive\Desktop\KUHNE LOGISTIC UNIVERSITY\SEMESTER 2\Machine Learning\Sentiment-Analysis_ML\data\raw\MVSA_Single\data\1319.jpg
MVSA_Single/data/801.jpg,positive,2,2,C:\Users\user\OneDrive\Desktop\KUHNE LOGISTIC UNIVERSITY\SEMESTER 2\Machine Learning\Sentiment-Analysis_ML\data\raw\MVSA_Single\data\801.jpg
MVSA_Single/data/1960.jpg,positive,2,2,C:\Users\user\OneDrive\Desktop\KUHNE LOGISTIC UNIVERSITY\SEMESTER 2\Machine Learning\Sentiment-Analysis_ML\data\raw\MVSA_Single\data\1960.jpg
MVSA_Single/data/4965.jpg,positive,2,2,C:\Users\user\OneDrive\Desktop\KUHNE LOGISTIC UNIVERSITY\SEMESTER 2\Machine Learning\Sentiment-Analysis_ML\data\raw\MVSA_Single\data\4965.jpg
MVSA_Single/data/3753.jpg,positive,2,2,C:\Users\user\OneDrive\Desktop\KUHNE LOGISTIC UNIVERSITY\SEMESTER 2\Machine Learning\Sentiment-Analysis_ML\data\raw\MVSA_Single\data\3753.jpg
MVSA_Single/data/2098.jpg,positive,2,2,C:\Users\user\OneDrive\Desktop\KUHNE LOGISTIC UNIVERSITY\SEMESTER 2\Machine Learning\Sentiment-Analysis_ML\data\raw\MVSA_Single\data\2098.jpg
MVSA_Single/data/3258.jpg,positive,2,2,C:\Users\user\OneDrive\Desktop\KUHNE LOGISTIC UNIVERSITY\SEMESTER 2\Machine Learning\Sentiment-Analysis_ML\data\raw\MVSA_Single\data\3258.jpg
MVSA_Single/data/1389.jpg,negative,0,0,C:\Users\user\OneDrive\Desktop\KUHNE LOGISTIC UNIVERSITY\SEMESTER 2\Machine Learning\Sentiment-Analysis_ML\data\raw\MVSA_Single\data\1389.jpg
MVSA_Single/data/3552.jpg,positive,2,2,C:\Users\user\OneDrive\Desktop\KUHNE LOGISTIC UNIVERSITY\SEMESTER 2\Machine Learning\Sentiment-Analysis_ML\data\raw\MVSA_Single\data\3552.jpg
MVSA_Single/data/2024.jpg,neutral,1,1,C:\Users\user\OneDrive\Desktop\KUHNE LOGISTIC UNIVERSITY\SEMESTER 2\Machine Learning\Sentiment-Analysis_ML\data\raw\MVSA_Single\data\2024.jpg
MVSA_Single/data/3881.jpg,positive,2,2,C:\Users\user\OneDrive\Desktop\KUHNE LOGISTIC UNIVERSITY\SEMESTER 2\Machine Learning\Sentiment-Analysis_ML\data\raw\MVSA_Single\data\3881.jpg
MVSA_Single/data/3629.jpg,positive,2,2,C:\Users\user\OneDrive\Desktop\KUHNE LOGISTIC UNIVERSITY\SEMESTER 2\Machine Learning\Sentiment-Analysis_ML\data\raw\MVSA_Single\data\3629.jpg
MVSA_Single/data/1925.jpg,positive,2,2,C:\Users\user\OneDrive\Desktop\KUHNE LOGISTIC UNIVERSITY\SEMESTER 2\Machine Learning\Sentiment-Analysis_ML\data\raw\MVSA_Single\data\1925.jpg
MVSA_Single/data/1464.jpg,positive,2,2,C:\Users\user\OneDrive\Desktop\KUHNE LOGISTIC UNIVERSITY\SEMESTER 2\Machine Learning\Sentiment-Analysis_ML\data\raw\MVSA_Single\data\1464.jpg
MVSA_Single/data/2775.jpg,positive,2,2,C:\Users\user\OneDrive\Desktop\KUHNE LOGISTIC UNIVERSITY\SEMESTER 2\Machine Learning\Sentiment-Analysis_ML\data\raw\MVSA_Single\data\2775.jpg
MVSA_Single/data/4159.jpg,negative,0,0,C:\Users\user\OneDrive\Desktop\KUHNE LOGISTIC UNIVERSITY\SEMESTER 2\Machine Learning\Sentiment-Analysis_ML\data\raw\MVSA_Single\data\4159.jpg
MVSA_Single/data/4900.jpg,positive,2,2,C:\Users\user\OneDrive\Desktop\KUHNE LOGISTIC UNIVERSITY\SEMESTER 2\Machine Learning\Sentiment-Analysis_ML\data\raw\MVSA_Single\data\4900.jpg
MVSA_Single/data/3482.jpg,negative,0,0,C:\Users\user\OneDrive\Desktop\KUHNE LOGISTIC UNIVERSITY\SEMESTER 2\Machine Learning\Sentiment-Analysis_ML\data\raw\MVSA_Single\data\3482.jpg
MVSA_Single/data/1160.jpg,positive,2,2,C:\Users\user\OneDrive\Desktop\KUHNE LOGISTIC UNIVERSITY\SEMESTER 2\Machine Learning\Sentiment-Analysis_ML\data\raw\MVSA_Single\data\1160.jpg
MVSA_Single/data/1800.jpg,neutral,1,1,C:\Users\user\OneDrive\Desktop\KUHNE LOGISTIC UNIVERSITY\SEMESTER 2\Machine Learning\Sentiment-Analysis_ML\data\raw\MVSA_Single\data\1800.jpg
MVSA_Single/data/3551.jpg,negative,0,0,C:\Users\user\OneDrive\Desktop\KUHNE LOGISTIC UNIVERSITY\SEMESTER 2\Machine Learning\Sentiment-Analysis_ML\data\raw\MVSA_Single\data\3551.jpg
MVSA_Single/data/1502.jpg,negative,0,0,C:\Users\user\OneDrive\Desktop\KUHNE LOGISTIC UNIVERSITY\SEMESTER 2\Machine Learning\Sentiment-Analysis_ML\data\raw\MVSA_Single\data\1502.jpg
MVSA_Single/data/1092.jpg,positive,2,2,C:\Users\user\OneDrive\Desktop\KUHNE LOGISTIC UNIVERSITY\SEMESTER 2\Machine Learning\Sentiment-Analysis_ML\data\raw\MVSA_Single\data\1092.jpg
MVSA_Single/data/3749.jpg,positive,2,2,C:\Users\user\OneDrive\Desktop\KUHNE LOGISTIC UNIVERSITY\SEMESTER 2\Machine Learning\Sentiment-Analysis_ML\data\raw\MVSA_Single\data\3749.jpg
MVSA_Single/data/1873.jpg,negative,0,0,C:\Users\user\OneDrive\Desktop\KUHNE LOGISTIC UNIVERSITY\SEMESTER 2\Machine Learning\Sentiment-Analysis_ML\data\raw\MVSA_Single\data\1873.jpg
MVSA_Single/data/2094.jpg,positive,2,2,C:\Users\user\OneDrive\Desktop\KUHNE LOGISTIC UNIVERSITY\SEMESTER 2\Machine Learning\Sentiment-Analysis_ML\data\raw\MVSA_Single\data\2094.jpg
MVSA_Single/data/651.jpg,positive,2,2,C:\Users\user\OneDrive\Desktop\KUHNE LOGISTIC UNIVERSITY\SEMESTER 2\Machine Learning\Sentiment-Analysis_ML\data\raw\MVSA_Single\data\651.jpg
MVSA_Single/data/4768.jpg,positive,2,2,C:\Users\user\OneDrive\Desktop\KUHNE LOGISTIC UNIVERSITY\SEMESTER 2\Machine Learning\Sentiment-Analysis_ML\data\raw\MVSA_Single\data\4768.jpg
MVSA_Single/data/1821.jpg,positive,2,2,C:\Users\user\OneDrive\Desktop\KUHNE LOGISTIC UNIVERSITY\SEMESTER 2\Machine Learning\Sentiment-Analysis_ML\data\raw\MVSA_Single\data\1821.jpg
MVSA_Single/data/1172.jpg,positive,2,2,C:\Users\user\OneDrive\Desktop\KUHNE LOGISTIC UNIVERSITY\SEMESTER 2\Machine Learning\Sentiment-Analysis_ML\data\raw\MVSA_Single\data\1172.jpg
MVSA_Single/data/3526.jpg,positive,2,2,C:\Users\user\OneDrive\Desktop\KUHNE LOGISTIC UNIVERSITY\SEMESTER 2\Machine Learning\Sentiment-Analysis_ML\data\raw\MVSA_Single\data\3526.jpg
MVSA_Single/data/1850.jpg,neutral,1,1,C:\Users\user\OneDrive\Desktop\KUHNE LOGISTIC UNIVERSITY\SEMESTER 2\Machine Learning\Sentiment-Analysis_ML\data\raw\MVSA_Single\data\1850.jpg
MVSA_Single/data/2139.jpg,neutral,1,1,C:\Users\user\OneDrive\Desktop\KUHNE LOGISTIC UNIVERSITY\SEMESTER 2\Machine Learning\Sentiment-Analysis_ML\data\raw\MVSA_Single\data\2139.jpg
MVSA_Single/data/4842.jpg,positive,2,2,C:\Users\user\OneDrive\Desktop\KUHNE LOGISTIC UNIVERSITY\SEMESTER 2\Machine Learning\Sentiment-Analysis_ML\data\raw\MVSA_Single\data\4842.jpg
MVSA_Single/data/358.jpg,neutral,1,1,C:\Users\user\OneDrive\Desktop\KUHNE LOGISTIC UNIVERSITY\SEMESTER 2\Machine Learning\Sentiment-Analysis_ML\data\raw\MVSA_Single\data\358.jpg
MVSA_Single/data/3515.jpg,neutral,1,1,C:\Users\user\OneDrive\Desktop\KUHNE LOGISTIC UNIVERSITY\SEMESTER 2\Machine Learning\Sentiment-Analysis_ML\data\raw\MVSA_Single\data\3515.jpg
MVSA_Single/data/3939.jpg,positive,2,2,C:\Users\user\OneDrive\Desktop\KUHNE LOGISTIC UNIVERSITY\SEMESTER 2\Machine Learning\Sentiment-Analysis_ML\data\raw\MVSA_Single\data\3939.jpg
MVSA_Single/data/3576.jpg,positive,2,2,C:\Users\user\OneDrive\Desktop\KUHNE LOGISTIC UNIVERSITY\SEMESTER 2\Machine Learning\Sentiment-Analysis_ML\data\raw\MVSA_Single\data\3576.jpg
MVSA_Single/data/3738.jpg,neutral,1,1,C:\Users\user\OneDrive\Desktop\KUHNE LOGISTIC UNIVERSITY\SEMESTER 2\Machine Learning\Sentiment-Analysis_ML\data\raw\MVSA_Single\data\3738.jpg
MVSA_Single/data/4863.jpg,neutral,1,1,C:\Users\user\OneDrive\Desktop\KUHNE LOGISTIC UNIVERSITY\SEMESTER 2\Machine Learning\Sentiment-Analysis_ML\data\raw\MVSA_Single\data\4863.jpg
MVSA_Single/data/2328.jpg,negative,0,0,C:\Users\user\OneDrive\Desktop\KUHNE LOGISTIC UNIVERSITY\SEMESTER 2\Machine Learning\Sentiment-Analysis_ML\data\raw\MVSA_Single\data\2328.jpg
MVSA_Single/data/2479.jpg,positive,2,2,C:\Users\user\OneDrive\Desktop\KUHNE LOGISTIC UNIVERSITY\SEMESTER 2\Machine Learning\Sentiment-Analysis_ML\data\raw\MVSA_Single\data\2479.jpg
MVSA_Single/data/1778.jpg,negative,0,0,C:\Users\user\OneDrive\Desktop\KUHNE LOGISTIC UNIVERSITY\SEMESTER 2\Machine Learning\Sentiment-Analysis_ML\data\raw\MVSA_Single\data\1778.jpg
MVSA_Single/data/938.jpg,neutral,1,1,C:\Users\user\OneDrive\Desktop\KUHNE LOGISTIC UNIVERSITY\SEMESTER 2\Machine Learning\Sentiment-Analysis_ML\data\raw\MVSA_Single\data\938.jpg
MVSA_Single/data/2799.jpg,positive,2,2,C:\Users\user\OneDrive\Desktop\KUHNE LOGISTIC UNIVERSITY\SEMESTER 2\Machine Learning\Sentiment-Analysis_ML\data\raw\MVSA_Single\data\2799.jpg
MVSA_Single/data/1155.jpg,positive,2,2,C:\Users\user\OneDrive\Desktop\KUHNE LOGISTIC UNIVERSITY\SEMESTER 2\Machine Learning\Sentiment-Analysis_ML\data\raw\MVSA_Single\data\1155.jpg
MVSA_Single/data/2361.jpg,neutral,1,1,C:\Users\user\OneDrive\Desktop\KUHNE LOGISTIC UNIVERSITY\SEMESTER 2\Machine Learning\Sentiment-Analysis_ML\data\raw\MVSA_Single\data\2361.jpg
MVSA_Single/data/215.jpg,positive,2,2,C:\Users\user\OneDrive\Desktop\KUHNE LOGISTIC UNIVERSITY\SEMESTER 2\Machine Learning\Sentiment-Analysis_ML\data\raw\MVSA_Single\data\215.jpg
MVSA_Single/data/561.jpg,positive,2,2,C:\Users\user\OneDrive\Desktop\KUHNE LOGISTIC UNIVERSITY\SEMESTER 2\Machine Learning\Sentiment-Analysis_ML\data\raw\MVSA_Single\data\561.jpg
MVSA_Single/data/485.jpg,negative,0,0,C:\Users\user\OneDrive\Desktop\KUHNE LOGISTIC UNIVERSITY\SEMESTER 2\Machine Learning\Sentiment-Analysis_ML\data\raw\MVSA_Single\data\485.jpg
MVSA_Single/data/1513.jpg,negative,0,0,C:\Users\user\OneDrive\Desktop\KUHNE LOGISTIC UNIVERSITY\SEMESTER 2\Machine Learning\Sentiment-Analysis_ML\data\raw\MVSA_Single\data\1513.jpg
MVSA_Single/data/2627.jpg,positive,2,2,C:\Users\user\OneDrive\Desktop\KUHNE LOGISTIC UNIVERSITY\SEMESTER 2\Machine Learning\Sentiment-Analysis_ML\data\raw\MVSA_Single\data\2627.jpg
MVSA_Single/data/3995.jpg,positive,2,2,C:\Users\user\OneDrive\Desktop\KUHNE LOGISTIC UNIVERSITY\SEMESTER 2\Machine Learning\Sentiment-Analysis_ML\data\raw\MVSA_Single\data\3995.jpg
MVSA_Single/data/132.jpg,positive,2,2,C:\Users\user\OneDrive\Desktop\KUHNE LOGISTIC UNIVERSITY\SEMESTER 2\Machine Learning\Sentiment-Analysis_ML\data\raw\MVSA_Single\data\132.jpg
MVSA_Single/data/2007.jpg,neutral,1,1,C:\Users\user\OneDrive\Desktop\KUHNE LOGISTIC UNIVERSITY\SEMESTER 2\Machine Learning\Sentiment-Analysis_ML\data\raw\MVSA_Single\data\2007.jpg
MVSA_Single/data/3418.jpg,positive,2,2,C:\Users\user\OneDrive\Desktop\KUHNE LOGISTIC UNIVERSITY\SEMESTER 2\Machine Learning\Sentiment-Analysis_ML\data\raw\MVSA_Single\data\3418.jpg
MVSA_Single/data/2637.jpg,positive,2,2,C:\Users\user\OneDrive\Desktop\KUHNE LOGISTIC UNIVERSITY\SEMESTER 2\Machine Learning\Sentiment-Analysis_ML\data\raw\MVSA_Single\data\2637.jpg
MVSA_Single/data/730.jpg,negative,0,0,C:\Users\user\OneDrive\Desktop\KUHNE LOGISTIC UNIVERSITY\SEMESTER 2\Machine Learning\Sentiment-Analysis_ML\data\raw\MVSA_Single\data\730.jpg
MVSA_Single/data/4576.jpg,positive,2,2,C:\Users\user\OneDrive\Desktop\KUHNE LOGISTIC UNIVERSITY\SEMESTER 2\Machine Learning\Sentiment-Analysis_ML\data\raw\MVSA_Single\data\4576.jpg
MVSA_Single/data/1509.jpg,neutral,1,1,C:\Users\user\OneDrive\Desktop\KUHNE LOGISTIC UNIVERSITY\SEMESTER 2\Machine Learning\Sentiment-Analysis_ML\data\raw\MVSA_Single\data\1509.jpg
MVSA_Single/data/3215.jpg,neutral,1,1,C:\Users\user\OneDrive\Desktop\KUHNE LOGISTIC UNIVERSITY\SEMESTER 2\Machine Learning\Sentiment-Analysis_ML\data\raw\MVSA_Single\data\3215.jpg
MVSA_Single/data/1796.jpg,positive,2,2,C:\Users\user\OneDrive\Desktop\KUHNE LOGISTIC UNIVERSITY\SEMESTER 2\Machine Learning\Sentiment-Analysis_ML\data\raw\MVSA_Single\data\1796.jpg
MVSA_Single/data/96.jpg,positive,2,2,C:\Users\user\OneDrive\Desktop\KUHNE LOGISTIC UNIVERSITY\SEMESTER 2\Machine Learning\Sentiment-Analysis_ML\data\raw\MVSA_Single\data\96.jpg
MVSA_Single/data/4902.jpg,negative,0,0,C:\Users\user\OneDrive\Desktop\KUHNE LOGISTIC UNIVERSITY\SEMESTER 2\Machine Learning\Sentiment-Analysis_ML\data\raw\MVSA_Single\data\4902.jpg
MVSA_Single/data/261.jpg,positive,2,2,C:\Users\user\OneDrive\Desktop\KUHNE LOGISTIC UNIVERSITY\SEMESTER 2\Machine Learning\Sentiment-Analysis_ML\data\raw\MVSA_Single\data\261.jpg
MVSA_Single/data/1327.jpg,negative,0,0,C:\Users\user\OneDrive\Desktop\KUHNE LOGISTIC UNIVERSITY\SEMESTER 2\Machine Learning\Sentiment-Analysis_ML\data\raw\MVSA_Single\data\1327.jpg
MVSA_Single/data/2144.jpg,positive,2,2,C:\Users\user\OneDrive\Desktop\KUHNE LOGISTIC UNIVERSITY\SEMESTER 2\Machine Learning\Sentiment-Analysis_ML\data\raw\MVSA_Single\data\2144.jpg
MVSA_Single/data/3748.jpg,neutral,1,1,C:\Users\user\OneDrive\Desktop\KUHNE LOGISTIC UNIVERSITY\SEMESTER 2\Machine Learning\Sentiment-Analysis_ML\data\raw\MVSA_Single\data\3748.jpg
MVSA_Single/data/3575.jpg,negative,0,0,C:\Users\user\OneDrive\Desktop\KUHNE LOGISTIC UNIVERSITY\SEMESTER 2\Machine Learning\Sentiment-Analysis_ML\data\raw\MVSA_Single\data\3575.jpg
MVSA_Single/data/760.jpg,neutral,1,1,C:\Users\user\OneDrive\Desktop\KUHNE LOGISTIC UNIVERSITY\SEMESTER 2\Machine Learning\Sentiment-Analysis_ML\data\raw\MVSA_Single\data\760.jpg
MVSA_Single/data/3620.jpg,neutral,1,1,C:\Users\user\OneDrive\Desktop\KUHNE LOGISTIC UNIVERSITY\SEMESTER 2\Machine Learning\Sentiment-Analysis_ML\data\raw\MVSA_Single\data\3620.jpg
MVSA_Single/data/917.jpg,positive,2,2,C:\Users\user\OneDrive\Desktop\KUHNE LOGISTIC UNIVERSITY\SEMESTER 2\Machine Learning\Sentiment-Analysis_ML\data\raw\MVSA_Single\data\917.jpg
MVSA_Single/data/2676.jpg,positive,2,2,C:\Users\user\OneDrive\Desktop\KUHNE LOGISTIC UNIVERSITY\SEMESTER 2\Machine Learning\Sentiment-Analysis_ML\data\raw\MVSA_Single\data\2676.jpg
MVSA_Single/data/5065.jpg,neutral,1,1,C:\Users\user\OneDrive\Desktop\KUHNE LOGISTIC UNIVERSITY\SEMESTER 2\Machine Learning\Sentiment-Analysis_ML\data\raw\MVSA_Single\data\5065.jpg
MVSA_Single/data/4960.jpg,positive,2,2,C:\Users\user\OneDrive\Desktop\KUHNE LOGISTIC UNIVERSITY\SEMESTER 2\Machine Learning\Sentiment-Analysis_ML\data\raw\MVSA_Single\data\4960.jpg
MVSA_Single/data/1434.jpg,positive,2,2,C:\Users\user\OneDrive\Desktop\KUHNE LOGISTIC UNIVERSITY\SEMESTER 2\Machine Learning\Sentiment-Analysis_ML\data\raw\MVSA_Single\data\1434.jpg
MVSA_Single/data/1612.jpg,neutral,1,1,C:\Users\user\OneDrive\Desktop\KUHNE LOGISTIC UNIVERSITY\SEMESTER 2\Machine Learning\Sentiment-Analysis_ML\data\raw\MVSA_Single\data\1612.jpg
MVSA_Single/data/1481.jpg,neutral,1,1,C:\Users\user\OneDrive\Desktop\KUHNE LOGISTIC UNIVERSITY\SEMESTER 2\Machine Learning\Sentiment-Analysis_ML\data\raw\MVSA_Single\data\1481.jpg
MVSA_Single/data/4487.jpg,negative,0,0,C:\Users\user\OneDrive\Desktop\KUHNE LOGISTIC UNIVERSITY\SEMESTER 2\Machine Learning\Sentiment-Analysis_ML\data\raw\MVSA_Single\data\4487.jpg
MVSA_Single/data/1360.jpg,positive,2,2,C:\Users\user\OneDrive\Desktop\KUHNE LOGISTIC UNIVERSITY\SEMESTER 2\Machine Learning\Sentiment-Analysis_ML\data\raw\MVSA_Single\data\1360.jpg
MVSA_Single/data/1480.jpg,negative,0,0,C:\Users\user\OneDrive\Desktop\KUHNE LOGISTIC UNIVERSITY\SEMESTER 2\Machine Learning\Sentiment-Analysis_ML\data\raw\MVSA_Single\data\1480.jpg
MVSA_Single/data/656.jpg,negative,0,0,C:\Users\user\OneDrive\Desktop\KUHNE LOGISTIC UNIVERSITY\SEMESTER 2\Machine Learning\Sentiment-Analysis_ML\data\raw\MVSA_Single\data\656.jpg
MVSA_Single/data/1820.jpg,positive,2,2,C:\Users\user\OneDrive\Desktop\KUHNE LOGISTIC UNIVERSITY\SEMESTER 2\Machine Learning\Sentiment-Analysis_ML\data\raw\MVSA_Single\data\1820.jpg
MVSA_Single/data/3035.jpg,negative,0,0,C:\Users\user\OneDrive\Desktop\KUHNE LOGISTIC UNIVERSITY\SEMESTER 2\Machine Learning\Sentiment-Analysis_ML\data\raw\MVSA_Single\data\3035.jpg
MVSA_Single/data/1195.jpg,positive,2,2,C:\Users\user\OneDrive\Desktop\KUHNE LOGISTIC UNIVERSITY\SEMESTER 2\Machine Learning\Sentiment-Analysis_ML\data\raw\MVSA_Single\data\1195.jpg
MVSA_Single/data/4105.jpg,neutral,1,1,C:\Users\user\OneDrive\Desktop\KUHNE LOGISTIC UNIVERSITY\SEMESTER 2\Machine Learning\Sentiment-Analysis_ML\data\raw\MVSA_Single\data\4105.jpg
MVSA_Single/data/1413.jpg,negative,0,0,C:\Users\user\OneDrive\Desktop\KUHNE LOGISTIC UNIVERSITY\SEMESTER 2\Machine Learning\Sentiment-Analysis_ML\data\raw\MVSA_Single\data\1413.jpg
MVSA_Single/data/1460.jpg,negative,0,0,C:\Users\user\OneDrive\Desktop\KUHNE LOGISTIC UNIVERSITY\SEMESTER 2\Machine Learning\Sentiment-Analysis_ML\data\raw\MVSA_Single\data\1460.jpg
MVSA_Single/data/4548.jpg,positive,2,2,C:\Users\user\OneDrive\Desktop\KUHNE LOGISTIC UNIVERSITY\SEMESTER 2\Machine Learning\Sentiment-Analysis_ML\data\raw\MVSA_Single\data\4548.jpg
MVSA_Single/data/3184.jpg,negative,0,0,C:\Users\user\OneDrive\Desktop\KUHNE LOGISTIC UNIVERSITY\SEMESTER 2\Machine Learning\Sentiment-Analysis_ML\data\raw\MVSA_Single\data\3184.jpg
MVSA_Single/data/1287.jpg,positive,2,2,C:\Users\user\OneDrive\Desktop\KUHNE LOGISTIC UNIVERSITY\SEMESTER 2\Machine Learning\Sentiment-Analysis_ML\data\raw\MVSA_Single\data\1287.jpg
MVSA_Single/data/5004.jpg,negative,0,0,C:\Users\user\OneDrive\Desktop\KUHNE LOGISTIC UNIVERSITY\SEMESTER 2\Machine Learning\Sentiment-Analysis_ML\data\raw\MVSA_Single\data\5004.jpg
MVSA_Single/data/4262.jpg,negative,0,0,C:\Users\user\OneDrive\Desktop\KUHNE LOGISTIC UNIVERSITY\SEMESTER 2\Machine Learning\Sentiment-Analysis_ML\data\raw\MVSA_Single\data\4262.jpg
MVSA_Single/data/4261.jpg,positive,2,2,C:\Users\user\OneDrive\Desktop\KUHNE LOGISTIC UNIVERSITY\SEMESTER 2\Machine Learning\Sentiment-Analysis_ML\data\raw\MVSA_Single\data\4261.jpg
MVSA_Single/data/454.jpg,negative,0,0,C:\Users\user\OneDrive\Desktop\KUHNE LOGISTIC UNIVERSITY\SEMESTER 2\Machine Learning\Sentiment-Analysis_ML\data\raw\MVSA_Single\data\454.jpg
MVSA_Single/data/2938.jpg,positive,2,2,C:\Users\user\OneDrive\Desktop\KUHNE LOGISTIC UNIVERSITY\SEMESTER 2\Machine Learning\Sentiment-Analysis_ML\data\raw\MVSA_Single\data\2938.jpg
MVSA_Single/data/18.jpg,positive,2,2,C:\Users\user\OneDrive\Desktop\KUHNE LOGISTIC UNIVERSITY\SEMESTER 2\Machine Learning\Sentiment-Analysis_ML\data\raw\MVSA_Single\data\18.jpg
MVSA_Single/data/1897.jpg,positive,2,2,C:\Users\user\OneDrive\Desktop\KUHNE LOGISTIC UNIVERSITY\SEMESTER 2\Machine Learning\Sentiment-Analysis_ML\data\raw\MVSA_Single\data\1897.jpg
MVSA_Single/data/4348.jpg,neutral,1,1,C:\Users\user\OneDrive\Desktop\KUHNE LOGISTIC UNIVERSITY\SEMESTER 2\Machine Learning\Sentiment-Analysis_ML\data\raw\MVSA_Single\data\4348.jpg
MVSA_Single/data/2462.jpg,negative,0,0,C:\Users\user\OneDrive\Desktop\KUHNE LOGISTIC UNIVERSITY\SEMESTER 2\Machine Learning\Sentiment-Analysis_ML\data\raw\MVSA_Single\data\2462.jpg
MVSA_Single/data/631.jpg,positive,2,2,C:\Users\user\OneDrive\Desktop\KUHNE LOGISTIC UNIVERSITY\SEMESTER 2\Machine Learning\Sentiment-Analysis_ML\data\raw\MVSA_Single\data\631.jpg
MVSA_Single/data/354.jpg,negative,0,0,C:\Users\user\OneDrive\Desktop\KUHNE LOGISTIC UNIVERSITY\SEMESTER 2\Machine Learning\Sentiment-Analysis_ML\data\raw\MVSA_Single\data\354.jpg
MVSA_Single/data/922.jpg,negative,0,0,C:\Users\user\OneDrive\Desktop\KUHNE LOGISTIC UNIVERSITY\SEMESTER 2\Machine Learning\Sentiment-Analysis_ML\data\raw\MVSA_Single\data\922.jpg
MVSA_Single/data/3924.jpg,negative,0,0,C:\Users\user\OneDrive\Desktop\KUHNE LOGISTIC UNIVERSITY\SEMESTER 2\Machine Learning\Sentiment-Analysis_ML\data\raw\MVSA_Single\data\3924.jpg
MVSA_Single/data/2747.jpg,negative,0,0,C:\Users\user\OneDrive\Desktop\KUHNE LOGISTIC UNIVERSITY\SEMESTER 2\Machine Learning\Sentiment-Analysis_ML\data\raw\MVSA_Single\data\2747.jpg
MVSA_Single/data/1475.jpg,positive,2,2,C:\Users\user\OneDrive\Desktop\KUHNE LOGISTIC UNIVERSITY\SEMESTER 2\Machine Learning\Sentiment-Analysis_ML\data\raw\MVSA_Single\data\1475.jpg
MVSA_Single/data/225.jpg,positive,2,2,C:\Users\user\OneDrive\Desktop\KUHNE LOGISTIC UNIVERSITY\SEMESTER 2\Machine Learning\Sentiment-Analysis_ML\data\raw\MVSA_Single\data\225.jpg
MVSA_Single/data/731.jpg,negative,0,0,C:\Users\user\OneDrive\Desktop\KUHNE LOGISTIC UNIVERSITY\SEMESTER 2\Machine Learning\Sentiment-Analysis_ML\data\raw\MVSA_Single\data\731.jpg
MVSA_Single/data/1127.jpg,positive,2,2,C:\Users\user\OneDrive\Desktop\KUHNE LOGISTIC UNIVERSITY\SEMESTER 2\Machine Learning\Sentiment-Analysis_ML\data\raw\MVSA_Single\data\1127.jpg
MVSA_Single/data/3193.jpg,neutral,1,1,C:\Users\user\OneDrive\Desktop\KUHNE LOGISTIC UNIVERSITY\SEMESTER 2\Machine Learning\Sentiment-Analysis_ML\data\raw\MVSA_Single\data\3193.jpg
MVSA_Single/data/47.jpg,positive,2,2,C:\Users\user\OneDrive\Desktop\KUHNE LOGISTIC UNIVERSITY\SEMESTER 2\Machine Learning\Sentiment-Analysis_ML\data\raw\MVSA_Single\data\47.jpg
MVSA_Single/data/4826.jpg,neutral,1,1,C:\Users\user\OneDrive\Desktop\KUHNE LOGISTIC UNIVERSITY\SEMESTER 2\Machine Learning\Sentiment-Analysis_ML\data\raw\MVSA_Single\data\4826.jpg
MVSA_Single/data/1548.jpg,negative,0,0,C:\Users\user\OneDrive\Desktop\KUHNE LOGISTIC UNIVERSITY\SEMESTER 2\Machine Learning\Sentiment-Analysis_ML\data\raw\MVSA_Single\data\1548.jpg
MVSA_Single/data/1614.jpg,neutral,1,1,C:\Users\user\OneDrive\Desktop\KUHNE LOGISTIC UNIVERSITY\SEMESTER 2\Machine Learning\Sentiment-Analysis_ML\data\raw\MVSA_Single\data\1614.jpg
MVSA_Single/data/4507.jpg,neutral,1,1,C:\Users\user\OneDrive\Desktop\KUHNE LOGISTIC UNIVERSITY\SEMESTER 2\Machine Learning\Sentiment-Analysis_ML\data\raw\MVSA_Single\data\4507.jpg
MVSA_Single/data/548.jpg,positive,2,2,C:\Users\user\OneDrive\Desktop\KUHNE LOGISTIC UNIVERSITY\SEMESTER 2\Machine Learning\Sentiment-Analysis_ML\data\raw\MVSA_Single\data\548.jpg
MVSA_Single/data/161.jpg,positive,2,2,C:\Users\user\OneDrive\Desktop\KUHNE LOGISTIC UNIVERSITY\SEMESTER 2\Machine Learning\Sentiment-Analysis_ML\data\raw\MVSA_Single\data\161.jpg
MVSA_Single/data/302.jpg,negative,0,0,C:\Users\user\OneDrive\Desktop\KUHNE LOGISTIC UNIVERSITY\SEMESTER 2\Machine Learning\Sentiment-Analysis_ML\data\raw\MVSA_Single\data\302.jpg
MVSA_Single/data/4223.jpg,positive,2,2,C:\Users\user\OneDrive\Desktop\KUHNE LOGISTIC UNIVERSITY\SEMESTER 2\Machine Learning\Sentiment-Analysis_ML\data\raw\MVSA_Single\data\4223.jpg
MVSA_Single/data/1967.jpg,negative,0,0,C:\Users\user\OneDrive\Desktop\KUHNE LOGISTIC UNIVERSITY\SEMESTER 2\Machine Learning\Sentiment-Analysis_ML\data\raw\MVSA_Single\data\1967.jpg
MVSA_Single/data/1922.jpg,positive,2,2,C:\Users\user\OneDrive\Desktop\KUHNE LOGISTIC UNIVERSITY\SEMESTER 2\Machine Learning\Sentiment-Analysis_ML\data\raw\MVSA_Single\data\1922.jpg
MVSA_Single/data/2581.jpg,negative,0,0,C:\Users\user\OneDrive\Desktop\KUHNE LOGISTIC UNIVERSITY\SEMESTER 2\Machine Learning\Sentiment-Analysis_ML\data\raw\MVSA_Single\data\2581.jpg
MVSA_Single/data/4547.jpg,positive,2,2,C:\Users\user\OneDrive\Desktop\KUHNE LOGISTIC UNIVERSITY\SEMESTER 2\Machine Learning\Sentiment-Analysis_ML\data\raw\MVSA_Single\data\4547.jpg
MVSA_Single/data/48.jpg,positive,2,2,C:\Users\user\OneDrive\Desktop\KUHNE LOGISTIC UNIVERSITY\SEMESTER 2\Machine Learning\Sentiment-Analysis_ML\data\raw\MVSA_Single\data\48.jpg
MVSA_Single/data/3286.jpg,positive,2,2,C:\Users\user\OneDrive\Desktop\KUHNE LOGISTIC UNIVERSITY\SEMESTER 2\Machine Learning\Sentiment-Analysis_ML\data\raw\MVSA_Single\data\3286.jpg
MVSA_Single/data/803.jpg,positive,2,2,C:\Users\user\OneDrive\Desktop\KUHNE LOGISTIC UNIVERSITY\SEMESTER 2\Machine Learning\Sentiment-Analysis_ML\data\raw\MVSA_Single\data\803.jpg
MVSA_Single/data/2149.jpg,neutral,1,1,C:\Users\user\OneDrive\Desktop\KUHNE LOGISTIC UNIVERSITY\SEMESTER 2\Machine Learning\Sentiment-Analysis_ML\data\raw\MVSA_Single\data\2149.jpg
MVSA_Single/data/1338.jpg,positive,2,2,C:\Users\user\OneDrive\Desktop\KUHNE LOGISTIC UNIVERSITY\SEMESTER 2\Machine Learning\Sentiment-Analysis_ML\data\raw\MVSA_Single\data\1338.jpg
MVSA_Single/data/248.jpg,negative,0,0,C:\Users\user\OneDrive\Desktop\KUHNE LOGISTIC UNIVERSITY\SEMESTER 2\Machine Learning\Sentiment-Analysis_ML\data\raw\MVSA_Single\data\248.jpg
MVSA_Single/data/3845.jpg,positive,2,2,C:\Users\user\OneDrive\Desktop\KUHNE LOGISTIC UNIVERSITY\SEMESTER 2\Machine Learning\Sentiment-Analysis_ML\data\raw\MVSA_Single\data\3845.jpg
MVSA_Single/data/5059.jpg,positive,2,2,C:\Users\user\OneDrive\Desktop\KUHNE LOGISTIC UNIVERSITY\SEMESTER 2\Machine Learning\Sentiment-Analysis_ML\data\raw\MVSA_Single\data\5059.jpg
MVSA_Single/data/314.jpg,positive,2,2,C:\Users\user\OneDrive\Desktop\KUHNE LOGISTIC UNIVERSITY\SEMESTER 2\Machine Learning\Sentiment-Analysis_ML\data\raw\MVSA_Single\data\314.jpg
MVSA_Single/data/4259.jpg,positive,2,2,C:\Users\user\OneDrive\Desktop\KUHNE LOGISTIC UNIVERSITY\SEMESTER 2\Machine Learning\Sentiment-Analysis_ML\data\raw\MVSA_Single\data\4259.jpg
MVSA_Single/data/1354.jpg,positive,2,2,C:\Users\user\OneDrive\Desktop\KUHNE LOGISTIC UNIVERSITY\SEMESTER 2\Machine Learning\Sentiment-Analysis_ML\data\raw\MVSA_Single\data\1354.jpg
MVSA_Single/data/4005.jpg,negative,0,0,C:\Users\user\OneDrive\Desktop\KUHNE LOGISTIC UNIVERSITY\SEMESTER 2\Machine Learning\Sentiment-Analysis_ML\data\raw\MVSA_Single\data\4005.jpg
MVSA_Single/data/3026.jpg,positive,2,2,C:\Users\user\OneDrive\Desktop\KUHNE LOGISTIC UNIVERSITY\SEMESTER 2\Machine Learning\Sentiment-Analysis_ML\data\raw\MVSA_Single\data\3026.jpg
MVSA_Single/data/2506.jpg,positive,2,2,C:\Users\user\OneDrive\Desktop\KUHNE LOGISTIC UNIVERSITY\SEMESTER 2\Machine Learning\Sentiment-Analysis_ML\data\raw\MVSA_Single\data\2506.jpg
MVSA_Single/data/1336.jpg,negative,0,0,C:\Users\user\OneDrive\Desktop\KUHNE LOGISTIC UNIVERSITY\SEMESTER 2\Machine Learning\Sentiment-Analysis_ML\data\raw\MVSA_Single\data\1336.jpg
MVSA_Single/data/1075.jpg,positive,2,2,C:\Users\user\OneDrive\Desktop\KUHNE LOGISTIC UNIVERSITY\SEMESTER 2\Machine Learning\Sentiment-Analysis_ML\data\raw\MVSA_Single\data\1075.jpg
MVSA_Single/data/2961.jpg,negative,0,0,C:\Users\user\OneDrive\Desktop\KUHNE LOGISTIC UNIVERSITY\SEMESTER 2\Machine Learning\Sentiment-Analysis_ML\data\raw\MVSA_Single\data\2961.jpg
MVSA_Single/data/4437.jpg,positive,2,2,C:\Users\user\OneDrive\Desktop\KUHNE LOGISTIC UNIVERSITY\SEMESTER 2\Machine Learning\Sentiment-Analysis_ML\data\raw\MVSA_Single\data\4437.jpg
MVSA_Single/data/2446.jpg,positive,2,2,C:\Users\user\OneDrive\Desktop\KUHNE LOGISTIC UNIVERSITY\SEMESTER 2\Machine Learning\Sentiment-Analysis_ML\data\raw\MVSA_Single\data\2446.jpg
MVSA_Single/data/1705.jpg,negative,0,0,C:\Users\user\OneDrive\Desktop\KUHNE LOGISTIC UNIVERSITY\SEMESTER 2\Machine Learning\Sentiment-Analysis_ML\data\raw\MVSA_Single\data\1705.jpg
MVSA_Single/data/3840.jpg,positive,2,2,C:\Users\user\OneDrive\Desktop\KUHNE LOGISTIC UNIVERSITY\SEMESTER 2\Machine Learning\Sentiment-Analysis_ML\data\raw\MVSA_Single\data\3840.jpg
MVSA_Single/data/3206.jpg,positive,2,2,C:\Users\user\OneDrive\Desktop\KUHNE LOGISTIC UNIVERSITY\SEMESTER 2\Machine Learning\Sentiment-Analysis_ML\data\raw\MVSA_Single\data\3206.jpg
MVSA_Single/data/3370.jpg,neutral,1,1,C:\Users\user\OneDrive\Desktop\KUHNE LOGISTIC UNIVERSITY\SEMESTER 2\Machine Learning\Sentiment-Analysis_ML\data\raw\MVSA_Single\data\3370.jpg
MVSA_Single/data/277.jpg,positive,2,2,C:\Users\user\OneDrive\Desktop\KUHNE LOGISTIC UNIVERSITY\SEMESTER 2\Machine Learning\Sentiment-Analysis_ML\data\raw\MVSA_Single\data\277.jpg
MVSA_Single/data/280.jpg,negative,0,0,C:\Users\user\OneDrive\Desktop\KUHNE LOGISTIC UNIVERSITY\SEMESTER 2\Machine Learning\Sentiment-Analysis_ML\data\raw\MVSA_Single\data\280.jpg
MVSA_Single/data/4766.jpg,positive,2,2,C:\Users\user\OneDrive\Desktop\KUHNE LOGISTIC UNIVERSITY\SEMESTER 2\Machine Learning\Sentiment-Analysis_ML\data\raw\MVSA_Single\data\4766.jpg
MVSA_Single/data/1138.jpg,neutral,1,1,C:\Users\user\OneDrive\Desktop\KUHNE LOGISTIC UNIVERSITY\SEMESTER 2\Machine Learning\Sentiment-Analysis_ML\data\raw\MVSA_Single\data\1138.jpg
MVSA_Single/data/1120.jpg,positive,2,2,C:\Users\user\OneDrive\Desktop\KUHNE LOGISTIC UNIVERSITY\SEMESTER 2\Machine Learning\Sentiment-Analysis_ML\data\raw\MVSA_Single\data\1120.jpg
MVSA_Single/data/4106.jpg,neutral,1,1,C:\Users\user\OneDrive\Desktop\KUHNE LOGISTIC UNIVERSITY\SEMESTER 2\Machine Learning\Sentiment-Analysis_ML\data\raw\MVSA_Single\data\4106.jpg
MVSA_Single/data/1550.jpg,positive,2,2,C:\Users\user\OneDrive\Desktop\KUHNE LOGISTIC UNIVERSITY\SEMESTER 2\Machine Learning\Sentiment-Analysis_ML\data\raw\MVSA_Single\data\1550.jpg
MVSA_Single/data/1506.jpg,positive,2,2,C:\Users\user\OneDrive\Desktop\KUHNE LOGISTIC UNIVERSITY\SEMESTER 2\Machine Learning\Sentiment-Analysis_ML\data\raw\MVSA_Single\data\1506.jpg
MVSA_Single/data/4362.jpg,negative,0,0,C:\Users\user\OneDrive\Desktop\KUHNE LOGISTIC UNIVERSITY\SEMESTER 2\Machine Learning\Sentiment-Analysis_ML\data\raw\MVSA_Single\data\4362.jpg
MVSA_Single/data/761.jpg,neutral,1,1,C:\Users\user\OneDrive\Desktop\KUHNE LOGISTIC UNIVERSITY\SEMESTER 2\Machine Learning\Sentiment-Analysis_ML\data\raw\MVSA_Single\data\761.jpg
MVSA_Single/data/822.jpg,positive,2,2,C:\Users\user\OneDrive\Desktop\KUHNE LOGISTIC UNIVERSITY\SEMESTER 2\Machine Learning\Sentiment-Analysis_ML\data\raw\MVSA_Single\data\822.jpg
MVSA_Single/data/3005.jpg,positive,2,2,C:\Users\user\OneDrive\Desktop\KUHNE LOGISTIC UNIVERSITY\SEMESTER 2\Machine Learning\Sentiment-Analysis_ML\data\raw\MVSA_Single\data\3005.jpg
MVSA_Single/data/891.jpg,positive,2,2,C:\Users\user\OneDrive\Desktop\KUHNE LOGISTIC UNIVERSITY\SEMESTER 2\Machine Learning\Sentiment-Analysis_ML\data\raw\MVSA_Single\data\891.jpg
MVSA_Single/data/1359.jpg,negative,0,0,C:\Users\user\OneDrive\Desktop\KUHNE LOGISTIC UNIVERSITY\SEMESTER 2\Machine Learning\Sentiment-Analysis_ML\data\raw\MVSA_Single\data\1359.jpg
MVSA_Single/data/2828.jpg,negative,0,0,C:\Users\user\OneDrive\Desktop\KUHNE LOGISTIC UNIVERSITY\SEMESTER 2\Machine Learning\Sentiment-Analysis_ML\data\raw\MVSA_Single\data\2828.jpg
MVSA_Single/data/524.jpg,positive,2,2,C:\Users\user\OneDrive\Desktop\KUHNE LOGISTIC UNIVERSITY\SEMESTER 2\Machine Learning\Sentiment-Analysis_ML\data\raw\MVSA_Single\data\524.jpg
MVSA_Single/data/3619.jpg,positive,2,2,C:\Users\user\OneDrive\Desktop\KUHNE LOGISTIC UNIVERSITY\SEMESTER 2\Machine Learning\Sentiment-Analysis_ML\data\raw\MVSA_Single\data\3619.jpg
MVSA_Single/data/4484.jpg,positive,2,2,C:\Users\user\OneDrive\Desktop\KUHNE LOGISTIC UNIVERSITY\SEMESTER 2\Machine Learning\Sentiment-Analysis_ML\data\raw\MVSA_Single\data\4484.jpg
MVSA_Single/data/307.jpg,neutral,1,1,C:\Users\user\OneDrive\Desktop\KUHNE LOGISTIC UNIVERSITY\SEMESTER 2\Machine Learning\Sentiment-Analysis_ML\data\raw\MVSA_Single\data\307.jpg
MVSA_Single/data/1370.jpg,positive,2,2,C:\Users\user\OneDrive\Desktop\KUHNE LOGISTIC UNIVERSITY\SEMESTER 2\Machine Learning\Sentiment-Analysis_ML\data\raw\MVSA_Single\data\1370.jpg
MVSA_Single/data/990.jpg,positive,2,2,C:\Users\user\OneDrive\Desktop\KUHNE LOGISTIC UNIVERSITY\SEMESTER 2\Machine Learning\Sentiment-Analysis_ML\data\raw\MVSA_Single\data\990.jpg
MVSA_Single/data/69.jpg,negative,0,0,C:\Users\user\OneDrive\Desktop\KUHNE LOGISTIC UNIVERSITY\SEMESTER 2\Machine Learning\Sentiment-Analysis_ML\data\raw\MVSA_Single\data\69.jpg
MVSA_Single/data/4958.jpg,negative,0,0,C:\Users\user\OneDrive\Desktop\KUHNE LOGISTIC UNIVERSITY\SEMESTER 2\Machine Learning\Sentiment-Analysis_ML\data\raw\MVSA_Single\data\4958.jpg
MVSA_Single/data/1543.jpg,negative,0,0,C:\Users\user\OneDrive\Desktop\KUHNE LOGISTIC UNIVERSITY\SEMESTER 2\Machine Learning\Sentiment-Analysis_ML\data\raw\MVSA_Single\data\1543.jpg
MVSA_Single/data/4133.jpg,positive,2,2,C:\Users\user\OneDrive\Desktop\KUHNE LOGISTIC UNIVERSITY\SEMESTER 2\Machine Learning\Sentiment-Analysis_ML\data\raw\MVSA_Single\data\4133.jpg
MVSA_Single/data/4229.jpg,positive,2,2,C:\Users\user\OneDrive\Desktop\KUHNE LOGISTIC UNIVERSITY\SEMESTER 2\Machine Learning\Sentiment-Analysis_ML\data\raw\MVSA_Single\data\4229.jpg
MVSA_Single/data/719.jpg,negative,0,0,C:\Users\user\OneDrive\Desktop\KUHNE LOGISTIC UNIVERSITY\SEMESTER 2\Machine Learning\Sentiment-Analysis_ML\data\raw\MVSA_Single\data\719.jpg
MVSA_Single/data/4455.jpg,positive,2,2,C:\Users\user\OneDrive\Desktop\KUHNE LOGISTIC UNIVERSITY\SEMESTER 2\Machine Learning\Sentiment-Analysis_ML\data\raw\MVSA_Single\data\4455.jpg
MVSA_Single/data/3693.jpg,neutral,1,1,C:\Users\user\OneDrive\Desktop\KUHNE LOGISTIC UNIVERSITY\SEMESTER 2\Machine Learning\Sentiment-Analysis_ML\data\raw\MVSA_Single\data\3693.jpg
MVSA_Single/data/3015.jpg,neutral,1,1,C:\Users\user\OneDrive\Desktop\KUHNE LOGISTIC UNIVERSITY\SEMESTER 2\Machine Learning\Sentiment-Analysis_ML\data\raw\MVSA_Single\data\3015.jpg
MVSA_Single/data/3395.jpg,positive,2,2,C:\Users\user\OneDrive\Desktop\KUHNE LOGISTIC UNIVERSITY\SEMESTER 2\Machine Learning\Sentiment-Analysis_ML\data\raw\MVSA_Single\data\3395.jpg
MVSA_Single/data/3163.jpg,neutral,1,1,C:\Users\user\OneDrive\Desktop\KUHNE LOGISTIC UNIVERSITY\SEMESTER 2\Machine Learning\Sentiment-Analysis_ML\data\raw\MVSA_Single\data\3163.jpg
MVSA_Single/data/3990.jpg,positive,2,2,C:\Users\user\OneDrive\Desktop\KUHNE LOGISTIC UNIVERSITY\SEMESTER 2\Machine Learning\Sentiment-Analysis_ML\data\raw\MVSA_Single\data\3990.jpg
MVSA_Single/data/3428.jpg,positive,2,2,C:\Users\user\OneDrive\Desktop\KUHNE LOGISTIC UNIVERSITY\SEMESTER 2\Machine Learning\Sentiment-Analysis_ML\data\raw\MVSA_Single\data\3428.jpg
MVSA_Single/data/45.jpg,positive,2,2,C:\Users\user\OneDrive\Desktop\KUHNE LOGISTIC UNIVERSITY\SEMESTER 2\Machine Learning\Sentiment-Analysis_ML\data\raw\MVSA_Single\data\45.jpg
MVSA_Single/data/4312.jpg,positive,2,2,C:\Users\user\OneDrive\Desktop\KUHNE LOGISTIC UNIVERSITY\SEMESTER 2\Machine Learning\Sentiment-Analysis_ML\data\raw\MVSA_Single\data\4312.jpg
MVSA_Single/data/5019.jpg,neutral,1,1,C:\Users\user\OneDrive\Desktop\KUHNE LOGISTIC UNIVERSITY\SEMESTER 2\Machine Learning\Sentiment-Analysis_ML\data\raw\MVSA_Single\data\5019.jpg
MVSA_Single/data/1595.jpg,positive,2,2,C:\Users\user\OneDrive\Desktop\KUHNE LOGISTIC UNIVERSITY\SEMESTER 2\Machine Learning\Sentiment-Analysis_ML\data\raw\MVSA_Single\data\1595.jpg
MVSA_Single/data/893.jpg,positive,2,2,C:\Users\user\OneDrive\Desktop\KUHNE LOGISTIC UNIVERSITY\SEMESTER 2\Machine Learning\Sentiment-Analysis_ML\data\raw\MVSA_Single\data\893.jpg
MVSA_Single/data/3249.jpg,positive,2,2,C:\Users\user\OneDrive\Desktop\KUHNE LOGISTIC UNIVERSITY\SEMESTER 2\Machine Learning\Sentiment-Analysis_ML\data\raw\MVSA_Single\data\3249.jpg
MVSA_Single/data/1680.jpg,positive,2,2,C:\Users\user\OneDrive\Desktop\KUHNE LOGISTIC UNIVERSITY\SEMESTER 2\Machine Learning\Sentiment-Analysis_ML\data\raw\MVSA_Single\data\1680.jpg
MVSA_Single/data/3992.jpg,negative,0,0,C:\Users\user\OneDrive\Desktop\KUHNE LOGISTIC UNIVERSITY\SEMESTER 2\Machine Learning\Sentiment-Analysis_ML\data\raw\MVSA_Single\data\3992.jpg
MVSA_Single/data/835.jpg,positive,2,2,C:\Users\user\OneDrive\Desktop\KUHNE LOGISTIC UNIVERSITY\SEMESTER 2\Machine Learning\Sentiment-Analysis_ML\data\raw\MVSA_Single\data\835.jpg
MVSA_Single/data/1381.jpg,negative,0,0,C:\Users\user\OneDrive\Desktop\KUHNE LOGISTIC UNIVERSITY\SEMESTER 2\Machine Learning\Sentiment-Analysis_ML\data\raw\MVSA_Single\data\1381.jpg
MVSA_Single/data/4492.jpg,positive,2,2,C:\Users\user\OneDrive\Desktop\KUHNE LOGISTIC UNIVERSITY\SEMESTER 2\Machine Learning\Sentiment-Analysis_ML\data\raw\MVSA_Single\data\4492.jpg
MVSA_Single/data/4185.jpg,negative,0,0,C:\Users\user\OneDrive\Desktop\KUHNE LOGISTIC UNIVERSITY\SEMESTER 2\Machine Learning\Sentiment-Analysis_ML\data\raw\MVSA_Single\data\4185.jpg
MVSA_Single/data/1593.jpg,negative,0,0,C:\Users\user\OneDrive\Desktop\KUHNE LOGISTIC UNIVERSITY\SEMESTER 2\Machine Learning\Sentiment-Analysis_ML\data\raw\MVSA_Single\data\1593.jpg
MVSA_Single/data/4908.jpg,negative,0,0,C:\Users\user\OneDrive\Desktop\KUHNE LOGISTIC UNIVERSITY\SEMESTER 2\Machine Learning\Sentiment-Analysis_ML\data\raw\MVSA_Single\data\4908.jpg
MVSA_Single/data/5120.jpg,positive,2,2,C:\Users\user\OneDrive\Desktop\KUHNE LOGISTIC UNIVERSITY\SEMESTER 2\Machine Learning\Sentiment-Analysis_ML\data\raw\MVSA_Single\data\5120.jpg
MVSA_Single/data/2669.jpg,positive,2,2,C:\Users\user\OneDrive\Desktop\KUHNE LOGISTIC UNIVERSITY\SEMESTER 2\Machine Learning\Sentiment-Analysis_ML\data\raw\MVSA_Single\data\2669.jpg
MVSA_Single/data/2097.jpg,positive,2,2,C:\Users\user\OneDrive\Desktop\KUHNE LOGISTIC UNIVERSITY\SEMESTER 2\Machine Learning\Sentiment-Analysis_ML\data\raw\MVSA_Single\data\2097.jpg
MVSA_Single/data/943.jpg,negative,0,0,C:\Users\user\OneDrive\Desktop\KUHNE LOGISTIC UNIVERSITY\SEMESTER 2\Machine Learning\Sentiment-Analysis_ML\data\raw\MVSA_Single\data\943.jpg
MVSA_Single/data/1695.jpg,negative,0,0,C:\Users\user\OneDrive\Desktop\KUHNE LOGISTIC UNIVERSITY\SEMESTER 2\Machine Learning\Sentiment-Analysis_ML\data\raw\MVSA_Single\data\1695.jpg
MVSA_Single/data/4980.jpg,negative,0,0,C:\Users\user\OneDrive\Desktop\KUHNE LOGISTIC UNIVERSITY\SEMESTER 2\Machine Learning\Sentiment-Analysis_ML\data\raw\MVSA_Single\data\4980.jpg
MVSA_Single/data/1572.jpg,negative,0,0,C:\Users\user\OneDrive\Desktop\KUHNE LOGISTIC UNIVERSITY\SEMESTER 2\Machine Learning\Sentiment-Analysis_ML\data\raw\MVSA_Single\data\1572.jpg
MVSA_Single/data/1077.jpg,positive,2,2,C:\Users\user\OneDrive\Desktop\KUHNE LOGISTIC UNIVERSITY\SEMESTER 2\Machine Learning\Sentiment-Analysis_ML\data\raw\MVSA_Single\data\1077.jpg
MVSA_Single/data/1536.jpg,positive,2,2,C:\Users\user\OneDrive\Desktop\KUHNE LOGISTIC UNIVERSITY\SEMESTER 2\Machine Learning\Sentiment-Analysis_ML\data\raw\MVSA_Single\data\1536.jpg
MVSA_Single/data/3033.jpg,positive,2,2,C:\Users\user\OneDrive\Desktop\KUHNE LOGISTIC UNIVERSITY\SEMESTER 2\Machine Learning\Sentiment-Analysis_ML\data\raw\MVSA_Single\data\3033.jpg
MVSA_Single/data/4500.jpg,negative,0,0,C:\Users\user\OneDrive\Desktop\KUHNE LOGISTIC UNIVERSITY\SEMESTER 2\Machine Learning\Sentiment-Analysis_ML\data\raw\MVSA_Single\data\4500.jpg
MVSA_Single/data/4483.jpg,positive,2,2,C:\Users\user\OneDrive\Desktop\KUHNE LOGISTIC UNIVERSITY\SEMESTER 2\Machine Learning\Sentiment-Analysis_ML\data\raw\MVSA_Single\data\4483.jpg
MVSA_Single/data/3217.jpg,positive,2,2,C:\Users\user\OneDrive\Desktop\KUHNE LOGISTIC UNIVERSITY\SEMESTER 2\Machine Learning\Sentiment-Analysis_ML\data\raw\MVSA_Single\data\3217.jpg
MVSA_Single/data/3267.jpg,neutral,1,1,C:\Users\user\OneDrive\Desktop\KUHNE LOGISTIC UNIVERSITY\SEMESTER 2\Machine Learning\Sentiment-Analysis_ML\data\raw\MVSA_Single\data\3267.jpg
MVSA_Single/data/4311.jpg,positive,2,2,C:\Users\user\OneDrive\Desktop\KUHNE LOGISTIC UNIVERSITY\SEMESTER 2\Machine Learning\Sentiment-Analysis_ML\data\raw\MVSA_Single\data\4311.jpg
MVSA_Single/data/733.jpg,positive,2,2,C:\Users\user\OneDrive\Desktop\KUHNE LOGISTIC UNIVERSITY\SEMESTER 2\Machine Learning\Sentiment-Analysis_ML\data\raw\MVSA_Single\data\733.jpg
MVSA_Single/data/4278.jpg,positive,2,2,C:\Users\user\OneDrive\Desktop\KUHNE LOGISTIC UNIVERSITY\SEMESTER 2\Machine Learning\Sentiment-Analysis_ML\data\raw\MVSA_Single\data\4278.jpg
MVSA_Single/data/2431.jpg,positive,2,2,C:\Users\user\OneDrive\Desktop\KUHNE LOGISTIC UNIVERSITY\SEMESTER 2\Machine Learning\Sentiment-Analysis_ML\data\raw\MVSA_Single\data\2431.jpg
MVSA_Single/data/4596.jpg,negative,0,0,C:\Users\user\OneDrive\Desktop\KUHNE LOGISTIC UNIVERSITY\SEMESTER 2\Machine Learning\Sentiment-Analysis_ML\data\raw\MVSA_Single\data\4596.jpg
MVSA_Single/data/2535.jpg,positive,2,2,C:\Users\user\OneDrive\Desktop\KUHNE LOGISTIC UNIVERSITY\SEMESTER 2\Machine Learning\Sentiment-Analysis_ML\data\raw\MVSA_Single\data\2535.jpg
MVSA_Single/data/2983.jpg,negative,0,0,C:\Users\user\OneDrive\Desktop\KUHNE LOGISTIC UNIVERSITY\SEMESTER 2\Machine Learning\Sentiment-Analysis_ML\data\raw\MVSA_Single\data\2983.jpg
MVSA_Single/data/513.jpg,positive,2,2,C:\Users\user\OneDrive\Desktop\KUHNE LOGISTIC UNIVERSITY\SEMESTER 2\Machine Learning\Sentiment-Analysis_ML\data\raw\MVSA_Single\data\513.jpg
MVSA_Single/data/2622.jpg,positive,2,2,C:\Users\user\OneDrive\Desktop\KUHNE LOGISTIC UNIVERSITY\SEMESTER 2\Machine Learning\Sentiment-Analysis_ML\data\raw\MVSA_Single\data\2622.jpg
MVSA_Single/data/3119.jpg,neutral,1,1,C:\Users\user\OneDrive\Desktop\KUHNE LOGISTIC UNIVERSITY\SEMESTER 2\Machine Learning\Sentiment-Analysis_ML\data\raw\MVSA_Single\data\3119.jpg
MVSA_Single/data/3043.jpg,neutral,1,1,C:\Users\user\OneDrive\Desktop\KUHNE LOGISTIC UNIVERSITY\SEMESTER 2\Machine Learning\Sentiment-Analysis_ML\data\raw\MVSA_Single\data\3043.jpg
MVSA_Single/data/1177.jpg,positive,2,2,C:\Users\user\OneDrive\Desktop\KUHNE LOGISTIC UNIVERSITY\SEMESTER 2\Machine Learning\Sentiment-Analysis_ML\data\raw\MVSA_Single\data\1177.jpg
MVSA_Single/data/4236.jpg,positive,2,2,C:\Users\user\OneDrive\Desktop\KUHNE LOGISTIC UNIVERSITY\SEMESTER 2\Machine Learning\Sentiment-Analysis_ML\data\raw\MVSA_Single\data\4236.jpg
MVSA_Single/data/2601.jpg,positive,2,2,C:\Users\user\OneDrive\Desktop\KUHNE LOGISTIC UNIVERSITY\SEMESTER 2\Machine Learning\Sentiment-Analysis_ML\data\raw\MVSA_Single\data\2601.jpg
MVSA_Single/data/1527.jpg,negative,0,0,C:\Users\user\OneDrive\Desktop\KUHNE LOGISTIC UNIVERSITY\SEMESTER 2\Machine Learning\Sentiment-Analysis_ML\data\raw\MVSA_Single\data\1527.jpg
MVSA_Single/data/555.jpg,positive,2,2,C:\Users\user\OneDrive\Desktop\KUHNE LOGISTIC UNIVERSITY\SEMESTER 2\Machine Learning\Sentiment-Analysis_ML\data\raw\MVSA_Single\data\555.jpg
MVSA_Single/data/2129.jpg,neutral,1,1,C:\Users\user\OneDrive\Desktop\KUHNE LOGISTIC UNIVERSITY\SEMESTER 2\Machine Learning\Sentiment-Analysis_ML\data\raw\MVSA_Single\data\2129.jpg
MVSA_Single/data/614.jpg,neutral,1,1,C:\Users\user\OneDrive\Desktop\KUHNE LOGISTIC UNIVERSITY\SEMESTER 2\Machine Learning\Sentiment-Analysis_ML\data\raw\MVSA_Single\data\614.jpg
MVSA_Single/data/2090.jpg,positive,2,2,C:\Users\user\OneDrive\Desktop\KUHNE LOGISTIC UNIVERSITY\SEMESTER 2\Machine Learning\Sentiment-Analysis_ML\data\raw\MVSA_Single\data\2090.jpg
MVSA_Single/data/4158.jpg,negative,0,0,C:\Users\user\OneDrive\Desktop\KUHNE LOGISTIC UNIVERSITY\SEMESTER 2\Machine Learning\Sentiment-Analysis_ML\data\raw\MVSA_Single\data\4158.jpg
MVSA_Single/data/3491.jpg,negative,0,0,C:\Users\user\OneDrive\Desktop\KUHNE LOGISTIC UNIVERSITY\SEMESTER 2\Machine Learning\Sentiment-Analysis_ML\data\raw\MVSA_Single\data\3491.jpg
MVSA_Single/data/4251.jpg,positive,2,2,C:\Users\user\OneDrive\Desktop\KUHNE LOGISTIC UNIVERSITY\SEMESTER 2\Machine Learning\Sentiment-Analysis_ML\data\raw\MVSA_Single\data\4251.jpg
MVSA_Single/data/4985.jpg,positive,2,2,C:\Users\user\OneDrive\Desktop\KUHNE LOGISTIC UNIVERSITY\SEMESTER 2\Machine Learning\Sentiment-Analysis_ML\data\raw\MVSA_Single\data\4985.jpg
MVSA_Single/data/4742.jpg,positive,2,2,C:\Users\user\OneDrive\Desktop\KUHNE LOGISTIC UNIVERSITY\SEMESTER 2\Machine Learning\Sentiment-Analysis_ML\data\raw\MVSA_Single\data\4742.jpg
MVSA_Single/data/2950.jpg,negative,0,0,C:\Users\user\OneDrive\Desktop\KUHNE LOGISTIC UNIVERSITY\SEMESTER 2\Machine Learning\Sentiment-Analysis_ML\data\raw\MVSA_Single\data\2950.jpg
MVSA_Single/data/1442.jpg,positive,2,2,C:\Users\user\OneDrive\Desktop\KUHNE LOGISTIC UNIVERSITY\SEMESTER 2\Machine Learning\Sentiment-Analysis_ML\data\raw\MVSA_Single\data\1442.jpg
MVSA_Single/data/4308.jpg,positive,2,2,C:\Users\user\OneDrive\Desktop\KUHNE LOGISTIC UNIVERSITY\SEMESTER 2\Machine Learning\Sentiment-Analysis_ML\data\raw\MVSA_Single\data\4308.jpg
MVSA_Single/data/2875.jpg,neutral,1,1,C:\Users\user\OneDrive\Desktop\KUHNE LOGISTIC UNIVERSITY\SEMESTER 2\Machine Learning\Sentiment-Analysis_ML\data\raw\MVSA_Single\data\2875.jpg
MVSA_Single/data/2736.jpg,neutral,1,1,C:\Users\user\OneDrive\Desktop\KUHNE LOGISTIC UNIVERSITY\SEMESTER 2\Machine Learning\Sentiment-Analysis_ML\data\raw\MVSA_Single\data\2736.jpg
MVSA_Single/data/5118.jpg,positive,2,2,C:\Users\user\OneDrive\Desktop\KUHNE LOGISTIC UNIVERSITY\SEMESTER 2\Machine Learning\Sentiment-Analysis_ML\data\raw\MVSA_Single\data\5118.jpg
MVSA_Single/data/4578.jpg,neutral,1,1,C:\Users\user\OneDrive\Desktop\KUHNE LOGISTIC UNIVERSITY\SEMESTER 2\Machine Learning\Sentiment-Analysis_ML\data\raw\MVSA_Single\data\4578.jpg
MVSA_Single/data/4855.jpg,negative,0,0,C:\Users\user\OneDrive\Desktop\KUHNE LOGISTIC UNIVERSITY\SEMESTER 2\Machine Learning\Sentiment-Analysis_ML\data\raw\MVSA_Single\data\4855.jpg
MVSA_Single/data/172.jpg,positive,2,2,C:\Users\user\OneDrive\Desktop\KUHNE LOGISTIC UNIVERSITY\SEMESTER 2\Machine Learning\Sentiment-Analysis_ML\data\raw\MVSA_Single\data\172.jpg
MVSA_Single/data/3292.jpg,neutral,1,1,C:\Users\user\OneDrive\Desktop\KUHNE LOGISTIC UNIVERSITY\SEMESTER 2\Machine Learning\Sentiment-Analysis_ML\data\raw\MVSA_Single\data\3292.jpg
MVSA_Single/data/554.jpg,positive,2,2,C:\Users\user\OneDrive\Desktop\KUHNE LOGISTIC UNIVERSITY\SEMESTER 2\Machine Learning\Sentiment-Analysis_ML\data\raw\MVSA_Single\data\554.jpg
MVSA_Single/data/2088.jpg,positive,2,2,C:\Users\user\OneDrive\Desktop\KUHNE LOGISTIC UNIVERSITY\SEMESTER 2\Machine Learning\Sentiment-Analysis_ML\data\raw\MVSA_Single\data\2088.jpg
MVSA_Single/data/1451.jpg,negative,0,0,C:\Users\user\OneDrive\Desktop\KUHNE LOGISTIC UNIVERSITY\SEMESTER 2\Machine Learning\Sentiment-Analysis_ML\data\raw\MVSA_Single\data\1451.jpg
MVSA_Single/data/2404.jpg,negative,0,0,C:\Users\user\OneDrive\Desktop\KUHNE LOGISTIC UNIVERSITY\SEMESTER 2\Machine Learning\Sentiment-Analysis_ML\data\raw\MVSA_Single\data\2404.jpg
MVSA_Single/data/198.jpg,neutral,1,1,C:\Users\user\OneDrive\Desktop\KUHNE LOGISTIC UNIVERSITY\SEMESTER 2\Machine Learning\Sentiment-Analysis_ML\data\raw\MVSA_Single\data\198.jpg
MVSA_Single/data/2966.jpg,positive,2,2,C:\Users\user\OneDrive\Desktop\KUHNE LOGISTIC UNIVERSITY\SEMESTER 2\Machine Learning\Sentiment-Analysis_ML\data\raw\MVSA_Single\data\2966.jpg
MVSA_Single/data/5094.jpg,neutral,1,1,C:\Users\user\OneDrive\Desktop\KUHNE LOGISTIC UNIVERSITY\SEMESTER 2\Machine Learning\Sentiment-Analysis_ML\data\raw\MVSA_Single\data\5094.jpg
MVSA_Single/data/4080.jpg,neutral,1,1,C:\Users\user\OneDrive\Desktop\KUHNE LOGISTIC UNIVERSITY\SEMESTER 2\Machine Learning\Sentiment-Analysis_ML\data\raw\MVSA_Single\data\4080.jpg
MVSA_Single/data/5081.jpg,negative,0,0,C:\Users\user\OneDrive\Desktop\KUHNE LOGISTIC UNIVERSITY\SEMESTER 2\Machine Learning\Sentiment-Analysis_ML\data\raw\MVSA_Single\data\5081.jpg
MVSA_Single/data/4303.jpg,neutral,1,1,C:\Users\user\OneDrive\Desktop\KUHNE LOGISTIC UNIVERSITY\SEMESTER 2\Machine Learning\Sentiment-Analysis_ML\data\raw\MVSA_Single\data\4303.jpg
MVSA_Single/data/899.jpg,negative,0,0,C:\Users\user\OneDrive\Desktop\KUHNE LOGISTIC UNIVERSITY\SEMESTER 2\Machine Learning\Sentiment-Analysis_ML\data\raw\MVSA_Single\data\899.jpg
MVSA_Single/data/600.jpg,positive,2,2,C:\Users\user\OneDrive\Desktop\KUHNE LOGISTIC UNIVERSITY\SEMESTER 2\Machine Learning\Sentiment-Analysis_ML\data\raw\MVSA_Single\data\600.jpg
MVSA_Single/data/1403.jpg,negative,0,0,C:\Users\user\OneDrive\Desktop\KUHNE LOGISTIC UNIVERSITY\SEMESTER 2\Machine Learning\Sentiment-Analysis_ML\data\raw\MVSA_Single\data\1403.jpg
MVSA_Single/data/1341.jpg,positive,2,2,C:\Users\user\OneDrive\Desktop\KUHNE LOGISTIC UNIVERSITY\SEMESTER 2\Machine Learning\Sentiment-Analysis_ML\data\raw\MVSA_Single\data\1341.jpg
MVSA_Single/data/1260.jpg,positive,2,2,C:\Users\user\OneDrive\Desktop\KUHNE LOGISTIC UNIVERSITY\SEMESTER 2\Machine Learning\Sentiment-Analysis_ML\data\raw\MVSA_Single\data\1260.jpg
MVSA_Single/data/904.jpg,positive,2,2,C:\Users\user\OneDrive\Desktop\KUHNE LOGISTIC UNIVERSITY\SEMESTER 2\Machine Learning\Sentiment-Analysis_ML\data\raw\MVSA_Single\data\904.jpg
MVSA_Single/data/3166.jpg,negative,0,0,C:\Users\user\OneDrive\Desktop\KUHNE LOGISTIC UNIVERSITY\SEMESTER 2\Machine Learning\Sentiment-Analysis_ML\data\raw\MVSA_Single\data\3166.jpg
MVSA_Single/data/881.jpg,negative,0,0,C:\Users\user\OneDrive\Desktop\KUHNE LOGISTIC UNIVERSITY\SEMESTER 2\Machine Learning\Sentiment-Analysis_ML\data\raw\MVSA_Single\data\881.jpg
MVSA_Single/data/4839.jpg,positive,2,2,C:\Users\user\OneDrive\Desktop\KUHNE LOGISTIC UNIVERSITY\SEMESTER 2\Machine Learning\Sentiment-Analysis_ML\data\raw\MVSA_Single\data\4839.jpg
MVSA_Single/data/3588.jpg,positive,2,2,C:\Users\user\OneDrive\Desktop\KUHNE LOGISTIC UNIVERSITY\SEMESTER 2\Machine Learning\Sentiment-Analysis_ML\data\raw\MVSA_Single\data\3588.jpg
MVSA_Single/data/4253.jpg,positive,2,2,C:\Users\user\OneDrive\Desktop\KUHNE LOGISTIC UNIVERSITY\SEMESTER 2\Machine Learning\Sentiment-Analysis_ML\data\raw\MVSA_Single\data\4253.jpg
MVSA_Single/data/2529.jpg,positive,2,2,C:\Users\user\OneDrive\Desktop\KUHNE LOGISTIC UNIVERSITY\SEMESTER 2\Machine Learning\Sentiment-Analysis_ML\data\raw\MVSA_Single\data\2529.jpg
MVSA_Single/data/2741.jpg,negative,0,0,C:\Users\user\OneDrive\Desktop\KUHNE LOGISTIC UNIVERSITY\SEMESTER 2\Machine Learning\Sentiment-Analysis_ML\data\raw\MVSA_Single\data\2741.jpg
MVSA_Single/data/1342.jpg,positive,2,2,C:\Users\user\OneDrive\Desktop\KUHNE LOGISTIC UNIVERSITY\SEMESTER 2\Machine Learning\Sentiment-Analysis_ML\data\raw\MVSA_Single\data\1342.jpg
MVSA_Single/data/1531.jpg,positive,2,2,C:\Users\user\OneDrive\Desktop\KUHNE LOGISTIC UNIVERSITY\SEMESTER 2\Machine Learning\Sentiment-Analysis_ML\data\raw\MVSA_Single\data\1531.jpg
MVSA_Single/data/1877.jpg,positive,2,2,C:\Users\user\OneDrive\Desktop\KUHNE LOGISTIC UNIVERSITY\SEMESTER 2\Machine Learning\Sentiment-Analysis_ML\data\raw\MVSA_Single\data\1877.jpg
MVSA_Single/data/2665.jpg,neutral,1,1,C:\Users\user\OneDrive\Desktop\KUHNE LOGISTIC UNIVERSITY\SEMESTER 2\Machine Learning\Sentiment-Analysis_ML\data\raw\MVSA_Single\data\2665.jpg
MVSA_Single/data/638.jpg,positive,2,2,C:\Users\user\OneDrive\Desktop\KUHNE LOGISTIC UNIVERSITY\SEMESTER 2\Machine Learning\Sentiment-Analysis_ML\data\raw\MVSA_Single\data\638.jpg
MVSA_Single/data/4063.jpg,negative,0,0,C:\Users\user\OneDrive\Desktop\KUHNE LOGISTIC UNIVERSITY\SEMESTER 2\Machine Learning\Sentiment-Analysis_ML\data\raw\MVSA_Single\data\4063.jpg
MVSA_Single/data/353.jpg,neutral,1,1,C:\Users\user\OneDrive\Desktop\KUHNE LOGISTIC UNIVERSITY\SEMESTER 2\Machine Learning\Sentiment-Analysis_ML\data\raw\MVSA_Single\data\353.jpg
MVSA_Single/data/3625.jpg,negative,0,0,C:\Users\user\OneDrive\Desktop\KUHNE LOGISTIC UNIVERSITY\SEMESTER 2\Machine Learning\Sentiment-Analysis_ML\data\raw\MVSA_Single\data\3625.jpg
MVSA_Single/data/4632.jpg,negative,0,0,C:\Users\user\OneDrive\Desktop\KUHNE LOGISTIC UNIVERSITY\SEMESTER 2\Machine Learning\Sentiment-Analysis_ML\data\raw\MVSA_Single\data\4632.jpg
MVSA_Single/data/2525.jpg,positive,2,2,C:\Users\user\OneDrive\Desktop\KUHNE LOGISTIC UNIVERSITY\SEMESTER 2\Machine Learning\Sentiment-Analysis_ML\data\raw\MVSA_Single\data\2525.jpg
MVSA_Single/data/44.jpg,positive,2,2,C:\Users\user\OneDrive\Desktop\KUHNE LOGISTIC UNIVERSITY\SEMESTER 2\Machine Learning\Sentiment-Analysis_ML\data\raw\MVSA_Single\data\44.jpg
MVSA_Single/data/4656.jpg,positive,2,2,C:\Users\user\OneDrive\Desktop\KUHNE LOGISTIC UNIVERSITY\SEMESTER 2\Machine Learning\Sentiment-Analysis_ML\data\raw\MVSA_Single\data\4656.jpg
MVSA_Single/data/155.jpg,neutral,1,1,C:\Users\user\OneDrive\Desktop\KUHNE LOGISTIC UNIVERSITY\SEMESTER 2\Machine Learning\Sentiment-Analysis_ML\data\raw\MVSA_Single\data\155.jpg
MVSA_Single/data/3040.jpg,negative,0,0,C:\Users\user\OneDrive\Desktop\KUHNE LOGISTIC UNIVERSITY\SEMESTER 2\Machine Learning\Sentiment-Analysis_ML\data\raw\MVSA_Single\data\3040.jpg
MVSA_Single/data/4248.jpg,positive,2,2,C:\Users\user\OneDrive\Desktop\KUHNE LOGISTIC UNIVERSITY\SEMESTER 2\Machine Learning\Sentiment-Analysis_ML\data\raw\MVSA_Single\data\4248.jpg
MVSA_Single/data/3779.jpg,negative,0,0,C:\Users\user\OneDrive\Desktop\KUHNE LOGISTIC UNIVERSITY\SEMESTER 2\Machine Learning\Sentiment-Analysis_ML\data\raw\MVSA_Single\data\3779.jpg
MVSA_Single/data/1151.jpg,positive,2,2,C:\Users\user\OneDrive\Desktop\KUHNE LOGISTIC UNIVERSITY\SEMESTER 2\Machine Learning\Sentiment-Analysis_ML\data\raw\MVSA_Single\data\1151.jpg
MVSA_Single/data/1256.jpg,positive,2,2,C:\Users\user\OneDrive\Desktop\KUHNE LOGISTIC UNIVERSITY\SEMESTER 2\Machine Learning\Sentiment-Analysis_ML\data\raw\MVSA_Single\data\1256.jpg
MVSA_Single/data/3874.jpg,positive,2,2,C:\Users\user\OneDrive\Desktop\KUHNE LOGISTIC UNIVERSITY\SEMESTER 2\Machine Learning\Sentiment-Analysis_ML\data\raw\MVSA_Single\data\3874.jpg
MVSA_Single/data/4990.jpg,positive,2,2,C:\Users\user\OneDrive\Desktop\KUHNE LOGISTIC UNIVERSITY\SEMESTER 2\Machine Learning\Sentiment-Analysis_ML\data\raw\MVSA_Single\data\4990.jpg
MVSA_Single/data/1910.jpg,negative,0,0,C:\Users\user\OneDrive\Desktop\KUHNE LOGISTIC UNIVERSITY\SEMESTER 2\Machine Learning\Sentiment-Analysis_ML\data\raw\MVSA_Single\data\1910.jpg
MVSA_Single/data/5063.jpg,neutral,1,1,C:\Users\user\OneDrive\Desktop\KUHNE LOGISTIC UNIVERSITY\SEMESTER 2\Machine Learning\Sentiment-Analysis_ML\data\raw\MVSA_Single\data\5063.jpg
MVSA_Single/data/4200.jpg,negative,0,0,C:\Users\user\OneDrive\Desktop\KUHNE LOGISTIC UNIVERSITY\SEMESTER 2\Machine Learning\Sentiment-Analysis_ML\data\raw\MVSA_Single\data\4200.jpg
MVSA_Single/data/3760.jpg,neutral,1,1,C:\Users\user\OneDrive\Desktop\KUHNE LOGISTIC UNIVERSITY\SEMESTER 2\Machine Learning\Sentiment-Analysis_ML\data\raw\MVSA_Single\data\3760.jpg
MVSA_Single/data/518.jpg,negative,0,0,C:\Users\user\OneDrive\Desktop\KUHNE LOGISTIC UNIVERSITY\SEMESTER 2\Machine Learning\Sentiment-Analysis_ML\data\raw\MVSA_Single\data\518.jpg
MVSA_Single/data/1079.jpg,positive,2,2,C:\Users\user\OneDrive\Desktop\KUHNE LOGISTIC UNIVERSITY\SEMESTER 2\Machine Learning\Sentiment-Analysis_ML\data\raw\MVSA_Single\data\1079.jpg
MVSA_Single/data/491.jpg,positive,2,2,C:\Users\user\OneDrive\Desktop\KUHNE LOGISTIC UNIVERSITY\SEMESTER 2\Machine Learning\Sentiment-Analysis_ML\data\raw\MVSA_Single\data\491.jpg
MVSA_Single/data/2663.jpg,negative,0,0,C:\Users\user\OneDrive\Desktop\KUHNE LOGISTIC UNIVERSITY\SEMESTER 2\Machine Learning\Sentiment-Analysis_ML\data\raw\MVSA_Single\data\2663.jpg
MVSA_Single/data/2488.jpg,positive,2,2,C:\Users\user\OneDrive\Desktop\KUHNE LOGISTIC UNIVERSITY\SEMESTER 2\Machine Learning\Sentiment-Analysis_ML\data\raw\MVSA_Single\data\2488.jpg
MVSA_Single/data/2890.jpg,negative,0,0,C:\Users\user\OneDrive\Desktop\KUHNE LOGISTIC UNIVERSITY\SEMESTER 2\Machine Learning\Sentiment-Analysis_ML\data\raw\MVSA_Single\data\2890.jpg
MVSA_Single/data/3657.jpg,neutral,1,1,C:\Users\user\OneDrive\Desktop\KUHNE LOGISTIC UNIVERSITY\SEMESTER 2\Machine Learning\Sentiment-Analysis_ML\data\raw\MVSA_Single\data\3657.jpg
MVSA_Single/data/3480.jpg,negative,0,0,C:\Users\user\OneDrive\Desktop\KUHNE LOGISTIC UNIVERSITY\SEMESTER 2\Machine Learning\Sentiment-Analysis_ML\data\raw\MVSA_Single\data\3480.jpg
MVSA_Single/data/2886.jpg,positive,2,2,C:\Users\user\OneDrive\Desktop\KUHNE LOGISTIC UNIVERSITY\SEMESTER 2\Machine Learning\Sentiment-Analysis_ML\data\raw\MVSA_Single\data\2886.jpg
MVSA_Single/data/3688.jpg,positive,2,2,C:\Users\user\OneDrive\Desktop\KUHNE LOGISTIC UNIVERSITY\SEMESTER 2\Machine Learning\Sentiment-Analysis_ML\data\raw\MVSA_Single\data\3688.jpg
MVSA_Single/data/4202.jpg,positive,2,2,C:\Users\user\OneDrive\Desktop\KUHNE LOGISTIC UNIVERSITY\SEMESTER 2\Machine Learning\Sentiment-Analysis_ML\data\raw\MVSA_Single\data\4202.jpg
MVSA_Single/data/714.jpg,positive,2,2,C:\Users\user\OneDrive\Desktop\KUHNE LOGISTIC UNIVERSITY\SEMESTER 2\Machine Learning\Sentiment-Analysis_ML\data\raw\MVSA_Single\data\714.jpg
MVSA_Single/data/1223.jpg,positive,2,2,C:\Users\user\OneDrive\Desktop\KUHNE LOGISTIC UNIVERSITY\SEMESTER 2\Machine Learning\Sentiment-Analysis_ML\data\raw\MVSA_Single\data\1223.jpg
MVSA_Single/data/1324.jpg,positive,2,2,C:\Users\user\OneDrive\Desktop\KUHNE LOGISTIC UNIVERSITY\SEMESTER 2\Machine Learning\Sentiment-Analysis_ML\data\raw\MVSA_Single\data\1324.jpg
MVSA_Single/data/3048.jpg,negative,0,0,C:\Users\user\OneDrive\Desktop\KUHNE LOGISTIC UNIVERSITY\SEMESTER 2\Machine Learning\Sentiment-Analysis_ML\data\raw\MVSA_Single\data\3048.jpg
MVSA_Single/data/515.jpg,positive,2,2,C:\Users\user\OneDrive\Desktop\KUHNE LOGISTIC UNIVERSITY\SEMESTER 2\Machine Learning\Sentiment-Analysis_ML\data\raw\MVSA_Single\data\515.jpg
MVSA_Single/data/3346.jpg,negative,0,0,C:\Users\user\OneDrive\Desktop\KUHNE LOGISTIC UNIVERSITY\SEMESTER 2\Machine Learning\Sentiment-Analysis_ML\data\raw\MVSA_Single\data\3346.jpg
MVSA_Single/data/3764.jpg,neutral,1,1,C:\Users\user\OneDrive\Desktop\KUHNE LOGISTIC UNIVERSITY\SEMESTER 2\Machine Learning\Sentiment-Analysis_ML\data\raw\MVSA_Single\data\3764.jpg
MVSA_Single/data/2641.jpg,negative,0,0,C:\Users\user\OneDrive\Desktop\KUHNE LOGISTIC UNIVERSITY\SEMESTER 2\Machine Learning\Sentiment-Analysis_ML\data\raw\MVSA_Single\data\2641.jpg
MVSA_Single/data/147.jpg,positive,2,2,C:\Users\user\OneDrive\Desktop\KUHNE LOGISTIC UNIVERSITY\SEMESTER 2\Machine Learning\Sentiment-Analysis_ML\data\raw\MVSA_Single\data\147.jpg
MVSA_Single/data/4808.jpg,positive,2,2,C:\Users\user\OneDrive\Desktop\KUHNE LOGISTIC UNIVERSITY\SEMESTER 2\Machine Learning\Sentiment-Analysis_ML\data\raw\MVSA_Single\data\4808.jpg
MVSA_Single/data/2962.jpg,positive,2,2,C:\Users\user\OneDrive\Desktop\KUHNE LOGISTIC UNIVERSITY\SEMESTER 2\Machine Learning\Sentiment-Analysis_ML\data\raw\MVSA_Single\data\2962.jpg
MVSA_Single/data/3159.jpg,neutral,1,1,C:\Users\user\OneDrive\Desktop\KUHNE LOGISTIC UNIVERSITY\SEMESTER 2\Machine Learning\Sentiment-Analysis_ML\data\raw\MVSA_Single\data\3159.jpg
MVSA_Single/data/4533.jpg,neutral,1,1,C:\Users\user\OneDrive\Desktop\KUHNE LOGISTIC UNIVERSITY\SEMESTER 2\Machine Learning\Sentiment-Analysis_ML\data\raw\MVSA_Single\data\4533.jpg
MVSA_Single/data/3300.jpg,negative,0,0,C:\Users\user\OneDrive\Desktop\KUHNE LOGISTIC UNIVERSITY\SEMESTER 2\Machine Learning\Sentiment-Analysis_ML\data\raw\MVSA_Single\data\3300.jpg
MVSA_Single/data/4224.jpg,negative,0,0,C:\Users\user\OneDrive\Desktop\KUHNE LOGISTIC UNIVERSITY\SEMESTER 2\Machine Learning\Sentiment-Analysis_ML\data\raw\MVSA_Single\data\4224.jpg
MVSA_Single/data/2089.jpg,positive,2,2,C:\Users\user\OneDrive\Desktop\KUHNE LOGISTIC UNIVERSITY\SEMESTER 2\Machine Learning\Sentiment-Analysis_ML\data\raw\MVSA_Single\data\2089.jpg
MVSA_Single/data/66.jpg,positive,2,2,C:\Users\user\OneDrive\Desktop\KUHNE LOGISTIC UNIVERSITY\SEMESTER 2\Machine Learning\Sentiment-Analysis_ML\data\raw\MVSA_Single\data\66.jpg
MVSA_Single/data/3800.jpg,negative,0,0,C:\Users\user\OneDrive\Desktop\KUHNE LOGISTIC UNIVERSITY\SEMESTER 2\Machine Learning\Sentiment-Analysis_ML\data\raw\MVSA_Single\data\3800.jpg
MVSA_Single/data/4038.jpg,negative,0,0,C:\Users\user\OneDrive\Desktop\KUHNE LOGISTIC UNIVERSITY\SEMESTER 2\Machine Learning\Sentiment-Analysis_ML\data\raw\MVSA_Single\data\4038.jpg
MVSA_Single/data/1822.jpg,negative,0,0,C:\Users\user\OneDrive\Desktop\KUHNE LOGISTIC UNIVERSITY\SEMESTER 2\Machine Learning\Sentiment-Analysis_ML\data\raw\MVSA_Single\data\1822.jpg
MVSA_Single/data/3786.jpg,negative,0,0,C:\Users\user\OneDrive\Desktop\KUHNE LOGISTIC UNIVERSITY\SEMESTER 2\Machine Learning\Sentiment-Analysis_ML\data\raw\MVSA_Single\data\3786.jpg
MVSA_Single/data/1645.jpg,positive,2,2,C:\Users\user\OneDrive\Desktop\KUHNE LOGISTIC UNIVERSITY\SEMESTER 2\Machine Learning\Sentiment-Analysis_ML\data\raw\MVSA_Single\data\1645.jpg
MVSA_Single/data/171.jpg,positive,2,2,C:\Users\user\OneDrive\Desktop\KUHNE LOGISTIC UNIVERSITY\SEMESTER 2\Machine Learning\Sentiment-Analysis_ML\data\raw\MVSA_Single\data\171.jpg
MVSA_Single/data/533.jpg,positive,2,2,C:\Users\user\OneDrive\Desktop\KUHNE LOGISTIC UNIVERSITY\SEMESTER 2\Machine Learning\Sentiment-Analysis_ML\data\raw\MVSA_Single\data\533.jpg
MVSA_Single/data/2449.jpg,positive,2,2,C:\Users\user\OneDrive\Desktop\KUHNE LOGISTIC UNIVERSITY\SEMESTER 2\Machine Learning\Sentiment-Analysis_ML\data\raw\MVSA_Single\data\2449.jpg
MVSA_Single/data/536.jpg,positive,2,2,C:\Users\user\OneDrive\Desktop\KUHNE LOGISTIC UNIVERSITY\SEMESTER 2\Machine Learning\Sentiment-Analysis_ML\data\raw\MVSA_Single\data\536.jpg
MVSA_Single/data/824.jpg,positive,2,2,C:\Users\user\OneDrive\Desktop\KUHNE LOGISTIC UNIVERSITY\SEMESTER 2\Machine Learning\Sentiment-Analysis_ML\data\raw\MVSA_Single\data\824.jpg
MVSA_Single/data/4687.jpg,negative,0,0,C:\Users\user\OneDrive\Desktop\KUHNE LOGISTIC UNIVERSITY\SEMESTER 2\Machine Learning\Sentiment-Analysis_ML\data\raw\MVSA_Single\data\4687.jpg
MVSA_Single/data/2330.jpg,negative,0,0,C:\Users\user\OneDrive\Desktop\KUHNE LOGISTIC UNIVERSITY\SEMESTER 2\Machine Learning\Sentiment-Analysis_ML\data\raw\MVSA_Single\data\2330.jpg
MVSA_Single/data/3902.jpg,neutral,1,1,C:\Users\user\OneDrive\Desktop\KUHNE LOGISTIC UNIVERSITY\SEMESTER 2\Machine Learning\Sentiment-Analysis_ML\data\raw\MVSA_Single\data\3902.jpg
MVSA_Single/data/117.jpg,neutral,1,1,C:\Users\user\OneDrive\Desktop\KUHNE LOGISTIC UNIVERSITY\SEMESTER 2\Machine Learning\Sentiment-Analysis_ML\data\raw\MVSA_Single\data\117.jpg
MVSA_Single/data/1288.jpg,negative,0,0,C:\Users\user\OneDrive\Desktop\KUHNE LOGISTIC UNIVERSITY\SEMESTER 2\Machine Learning\Sentiment-Analysis_ML\data\raw\MVSA_Single\data\1288.jpg
MVSA_Single/data/4594.jpg,positive,2,2,C:\Users\user\OneDrive\Desktop\KUHNE LOGISTIC UNIVERSITY\SEMESTER 2\Machine Learning\Sentiment-Analysis_ML\data\raw\MVSA_Single\data\4594.jpg
MVSA_Single/data/4306.jpg,neutral,1,1,C:\Users\user\OneDrive\Desktop\KUHNE LOGISTIC UNIVERSITY\SEMESTER 2\Machine Learning\Sentiment-Analysis_ML\data\raw\MVSA_Single\data\4306.jpg
MVSA_Single/data/293.jpg,positive,2,2,C:\Users\user\OneDrive\Desktop\KUHNE LOGISTIC UNIVERSITY\SEMESTER 2\Machine Learning\Sentiment-Analysis_ML\data\raw\MVSA_Single\data\293.jpg
MVSA_Single/data/469.jpg,negative,0,0,C:\Users\user\OneDrive\Desktop\KUHNE LOGISTIC UNIVERSITY\SEMESTER 2\Machine Learning\Sentiment-Analysis_ML\data\raw\MVSA_Single\data\469.jpg
MVSA_Single/data/4451.jpg,positive,2,2,C:\Users\user\OneDrive\Desktop\KUHNE LOGISTIC UNIVERSITY\SEMESTER 2\Machine Learning\Sentiment-Analysis_ML\data\raw\MVSA_Single\data\4451.jpg
MVSA_Single/data/2855.jpg,positive,2,2,C:\Users\user\OneDrive\Desktop\KUHNE LOGISTIC UNIVERSITY\SEMESTER 2\Machine Learning\Sentiment-Analysis_ML\data\raw\MVSA_Single\data\2855.jpg
MVSA_Single/data/3571.jpg,negative,0,0,C:\Users\user\OneDrive\Desktop\KUHNE LOGISTIC UNIVERSITY\SEMESTER 2\Machine Learning\Sentiment-Analysis_ML\data\raw\MVSA_Single\data\3571.jpg
MVSA_Single/data/2006.jpg,positive,2,2,C:\Users\user\OneDrive\Desktop\KUHNE LOGISTIC UNIVERSITY\SEMESTER 2\Machine Learning\Sentiment-Analysis_ML\data\raw\MVSA_Single\data\2006.jpg
MVSA_Single/data/3747.jpg,positive,2,2,C:\Users\user\OneDrive\Desktop\KUHNE LOGISTIC UNIVERSITY\SEMESTER 2\Machine Learning\Sentiment-Analysis_ML\data\raw\MVSA_Single\data\3747.jpg
MVSA_Single/data/5041.jpg,positive,2,2,C:\Users\user\OneDrive\Desktop\KUHNE LOGISTIC UNIVERSITY\SEMESTER 2\Machine Learning\Sentiment-Analysis_ML\data\raw\MVSA_Single\data\5041.jpg
MVSA_Single/data/3618.jpg,positive,2,2,C:\Users\user\OneDrive\Desktop\KUHNE LOGISTIC UNIVERSITY\SEMESTER 2\Machine Learning\Sentiment-Analysis_ML\data\raw\MVSA_Single\data\3618.jpg
MVSA_Single/data/3767.jpg,positive,2,2,C:\Users\user\OneDrive\Desktop\KUHNE LOGISTIC UNIVERSITY\SEMESTER 2\Machine Learning\Sentiment-Analysis_ML\data\raw\MVSA_Single\data\3767.jpg
MVSA_Single/data/4000.jpg,positive,2,2,C:\Users\user\OneDrive\Desktop\KUHNE LOGISTIC UNIVERSITY\SEMESTER 2\Machine Learning\Sentiment-Analysis_ML\data\raw\MVSA_Single\data\4000.jpg
MVSA_Single/data/1987.jpg,positive,2,2,C:\Users\user\OneDrive\Desktop\KUHNE LOGISTIC UNIVERSITY\SEMESTER 2\Machine Learning\Sentiment-Analysis_ML\data\raw\MVSA_Single\data\1987.jpg
MVSA_Single/data/3359.jpg,positive,2,2,C:\Users\user\OneDrive\Desktop\KUHNE LOGISTIC UNIVERSITY\SEMESTER 2\Machine Learning\Sentiment-Analysis_ML\data\raw\MVSA_Single\data\3359.jpg
MVSA_Single/data/1125.jpg,neutral,1,1,C:\Users\user\OneDrive\Desktop\KUHNE LOGISTIC UNIVERSITY\SEMESTER 2\Machine Learning\Sentiment-Analysis_ML\data\raw\MVSA_Single\data\1125.jpg
MVSA_Single/data/1892.jpg,negative,0,0,C:\Users\user\OneDrive\Desktop\KUHNE LOGISTIC UNIVERSITY\SEMESTER 2\Machine Learning\Sentiment-Analysis_ML\data\raw\MVSA_Single\data\1892.jpg
MVSA_Single/data/2748.jpg,positive,2,2,C:\Users\user\OneDrive\Desktop\KUHNE LOGISTIC UNIVERSITY\SEMESTER 2\Machine Learning\Sentiment-Analysis_ML\data\raw\MVSA_Single\data\2748.jpg
MVSA_Single/data/1703.jpg,negative,0,0,C:\Users\user\OneDrive\Desktop\KUHNE LOGISTIC UNIVERSITY\SEMESTER 2\Machine Learning\Sentiment-Analysis_ML\data\raw\MVSA_Single\data\1703.jpg
MVSA_Single/data/4372.jpg,positive,2,2,C:\Users\user\OneDrive\Desktop\KUHNE LOGISTIC UNIVERSITY\SEMESTER 2\Machine Learning\Sentiment-Analysis_ML\data\raw\MVSA_Single\data\4372.jpg
MVSA_Single/data/3961.jpg,positive,2,2,C:\Users\user\OneDrive\Desktop\KUHNE LOGISTIC UNIVERSITY\SEMESTER 2\Machine Learning\Sentiment-Analysis_ML\data\raw\MVSA_Single\data\3961.jpg
MVSA_Single/data/3334.jpg,positive,2,2,C:\Users\user\OneDrive\Desktop\KUHNE LOGISTIC UNIVERSITY\SEMESTER 2\Machine Learning\Sentiment-Analysis_ML\data\raw\MVSA_Single\data\3334.jpg
MVSA_Single/data/4233.jpg,positive,2,2,C:\Users\user\OneDrive\Desktop\KUHNE LOGISTIC UNIVERSITY\SEMESTER 2\Machine Learning\Sentiment-Analysis_ML\data\raw\MVSA_Single\data\4233.jpg
MVSA_Single/data/2964.jpg,positive,2,2,C:\Users\user\OneDrive\Desktop\KUHNE LOGISTIC UNIVERSITY\SEMESTER 2\Machine Learning\Sentiment-Analysis_ML\data\raw\MVSA_Single\data\2964.jpg
MVSA_Single/data/397.jpg,positive,2,2,C:\Users\user\OneDrive\Desktop\KUHNE LOGISTIC UNIVERSITY\SEMESTER 2\Machine Learning\Sentiment-Analysis_ML\data\raw\MVSA_Single\data\397.jpg
MVSA_Single/data/4015.jpg,positive,2,2,C:\Users\user\OneDrive\Desktop\KUHNE LOGISTIC UNIVERSITY\SEMESTER 2\Machine Learning\Sentiment-Analysis_ML\data\raw\MVSA_Single\data\4015.jpg
MVSA_Single/data/319.jpg,negative,0,0,C:\Users\user\OneDrive\Desktop\KUHNE LOGISTIC UNIVERSITY\SEMESTER 2\Machine Learning\Sentiment-Analysis_ML\data\raw\MVSA_Single\data\319.jpg
MVSA_Single/data/2472.jpg,positive,2,2,C:\Users\user\OneDrive\Desktop\KUHNE LOGISTIC UNIVERSITY\SEMESTER 2\Machine Learning\Sentiment-Analysis_ML\data\raw\MVSA_Single\data\2472.jpg
MVSA_Single/data/346.jpg,positive,2,2,C:\Users\user\OneDrive\Desktop\KUHNE LOGISTIC UNIVERSITY\SEMESTER 2\Machine Learning\Sentiment-Analysis_ML\data\raw\MVSA_Single\data\346.jpg
MVSA_Single/data/4950.jpg,positive,2,2,C:\Users\user\OneDrive\Desktop\KUHNE LOGISTIC UNIVERSITY\SEMESTER 2\Machine Learning\Sentiment-Analysis_ML\data\raw\MVSA_Single\data\4950.jpg
MVSA_Single/data/4360.jpg,negative,0,0,C:\Users\user\OneDrive\Desktop\KUHNE LOGISTIC UNIVERSITY\SEMESTER 2\Machine Learning\Sentiment-Analysis_ML\data\raw\MVSA_Single\data\4360.jpg
MVSA_Single/data/4057.jpg,negative,0,0,C:\Users\user\OneDrive\Desktop\KUHNE LOGISTIC UNIVERSITY\SEMESTER 2\Machine Learning\Sentiment-Analysis_ML\data\raw\MVSA_Single\data\4057.jpg
MVSA_Single/data/78.jpg,positive,2,2,C:\Users\user\OneDrive\Desktop\KUHNE LOGISTIC UNIVERSITY\SEMESTER 2\Machine Learning\Sentiment-Analysis_ML\data\raw\MVSA_Single\data\78.jpg
MVSA_Single/data/4571.jpg,negative,0,0,C:\Users\user\OneDrive\Desktop\KUHNE LOGISTIC UNIVERSITY\SEMESTER 2\Machine Learning\Sentiment-Analysis_ML\data\raw\MVSA_Single\data\4571.jpg
MVSA_Single/data/2670.jpg,negative,0,0,C:\Users\user\OneDrive\Desktop\KUHNE LOGISTIC UNIVERSITY\SEMESTER 2\Machine Learning\Sentiment-Analysis_ML\data\raw\MVSA_Single\data\2670.jpg
MVSA_Single/data/2040.jpg,negative,0,0,C:\Users\user\OneDrive\Desktop\KUHNE LOGISTIC UNIVERSITY\SEMESTER 2\Machine Learning\Sentiment-Analysis_ML\data\raw\MVSA_Single\data\2040.jpg
MVSA_Single/data/4910.jpg,positive,2,2,C:\Users\user\OneDrive\Desktop\KUHNE LOGISTIC UNIVERSITY\SEMESTER 2\Machine Learning\Sentiment-Analysis_ML\data\raw\MVSA_Single\data\4910.jpg
MVSA_Single/data/784.jpg,neutral,1,1,C:\Users\user\OneDrive\Desktop\KUHNE LOGISTIC UNIVERSITY\SEMESTER 2\Machine Learning\Sentiment-Analysis_ML\data\raw\MVSA_Single\data\784.jpg
MVSA_Single/data/1157.jpg,negative,0,0,C:\Users\user\OneDrive\Desktop\KUHNE LOGISTIC UNIVERSITY\SEMESTER 2\Machine Learning\Sentiment-Analysis_ML\data\raw\MVSA_Single\data\1157.jpg
MVSA_Single/data/3612.jpg,neutral,1,1,C:\Users\user\OneDrive\Desktop\KUHNE LOGISTIC UNIVERSITY\SEMESTER 2\Machine Learning\Sentiment-Analysis_ML\data\raw\MVSA_Single\data\3612.jpg
MVSA_Single/data/1918.jpg,positive,2,2,C:\Users\user\OneDrive\Desktop\KUHNE LOGISTIC UNIVERSITY\SEMESTER 2\Machine Learning\Sentiment-Analysis_ML\data\raw\MVSA_Single\data\1918.jpg
MVSA_Single/data/4712.jpg,neutral,1,1,C:\Users\user\OneDrive\Desktop\KUHNE LOGISTIC UNIVERSITY\SEMESTER 2\Machine Learning\Sentiment-Analysis_ML\data\raw\MVSA_Single\data\4712.jpg
MVSA_Single/data/1168.jpg,neutral,1,1,C:\Users\user\OneDrive\Desktop\KUHNE LOGISTIC UNIVERSITY\SEMESTER 2\Machine Learning\Sentiment-Analysis_ML\data\raw\MVSA_Single\data\1168.jpg
MVSA_Single/data/4722.jpg,positive,2,2,C:\Users\user\OneDrive\Desktop\KUHNE LOGISTIC UNIVERSITY\SEMESTER 2\Machine Learning\Sentiment-Analysis_ML\data\raw\MVSA_Single\data\4722.jpg
MVSA_Single/data/33.jpg,neutral,1,1,C:\Users\user\OneDrive\Desktop\KUHNE LOGISTIC UNIVERSITY\SEMESTER 2\Machine Learning\Sentiment-Analysis_ML\data\raw\MVSA_Single\data\33.jpg
MVSA_Single/data/1068.jpg,neutral,1,1,C:\Users\user\OneDrive\Desktop\KUHNE LOGISTIC UNIVERSITY\SEMESTER 2\Machine Learning\Sentiment-Analysis_ML\data\raw\MVSA_Single\data\1068.jpg
MVSA_Single/data/2440.jpg,positive,2,2,C:\Users\user\OneDrive\Desktop\KUHNE LOGISTIC UNIVERSITY\SEMESTER 2\Machine Learning\Sentiment-Analysis_ML\data\raw\MVSA_Single\data\2440.jpg
MVSA_Single/data/3816.jpg,positive,2,2,C:\Users\user\OneDrive\Desktop\KUHNE LOGISTIC UNIVERSITY\SEMESTER 2\Machine Learning\Sentiment-Analysis_ML\data\raw\MVSA_Single\data\3816.jpg
MVSA_Single/data/1753.jpg,positive,2,2,C:\Users\user\OneDrive\Desktop\KUHNE LOGISTIC UNIVERSITY\SEMESTER 2\Machine Learning\Sentiment-Analysis_ML\data\raw\MVSA_Single\data\1753.jpg
MVSA_Single/data/3031.jpg,positive,2,2,C:\Users\user\OneDrive\Desktop\KUHNE LOGISTIC UNIVERSITY\SEMESTER 2\Machine Learning\Sentiment-Analysis_ML\data\raw\MVSA_Single\data\3031.jpg
MVSA_Single/data/3248.jpg,neutral,1,1,C:\Users\user\OneDrive\Desktop\KUHNE LOGISTIC UNIVERSITY\SEMESTER 2\Machine Learning\Sentiment-Analysis_ML\data\raw\MVSA_Single\data\3248.jpg
MVSA_Single/data/1661.jpg,neutral,1,1,C:\Users\user\OneDrive\Desktop\KUHNE LOGISTIC UNIVERSITY\SEMESTER 2\Machine Learning\Sentiment-Analysis_ML\data\raw\MVSA_Single\data\1661.jpg
MVSA_Single/data/4295.jpg,neutral,1,1,C:\Users\user\OneDrive\Desktop\KUHNE LOGISTIC UNIVERSITY\SEMESTER 2\Machine Learning\Sentiment-Analysis_ML\data\raw\MVSA_Single\data\4295.jpg
MVSA_Single/data/2877.jpg,positive,2,2,C:\Users\user\OneDrive\Desktop\KUHNE LOGISTIC UNIVERSITY\SEMESTER 2\Machine Learning\Sentiment-Analysis_ML\data\raw\MVSA_Single\data\2877.jpg
MVSA_Single/data/3299.jpg,neutral,1,1,C:\Users\user\OneDrive\Desktop\KUHNE LOGISTIC UNIVERSITY\SEMESTER 2\Machine Learning\Sentiment-Analysis_ML\data\raw\MVSA_Single\data\3299.jpg
MVSA_Single/data/2102.jpg,neutral,1,1,C:\Users\user\OneDrive\Desktop\KUHNE LOGISTIC UNIVERSITY\SEMESTER 2\Machine Learning\Sentiment-Analysis_ML\data\raw\MVSA_Single\data\2102.jpg
MVSA_Single/data/2337.jpg,positive,2,2,C:\Users\user\OneDrive\Desktop\KUHNE LOGISTIC UNIVERSITY\SEMESTER 2\Machine Learning\Sentiment-Analysis_ML\data\raw\MVSA_Single\data\2337.jpg
MVSA_Single/data/3656.jpg,neutral,1,1,C:\Users\user\OneDrive\Desktop\KUHNE LOGISTIC UNIVERSITY\SEMESTER 2\Machine Learning\Sentiment-Analysis_ML\data\raw\MVSA_Single\data\3656.jpg
MVSA_Single/data/1966.jpg,positive,2,2,C:\Users\user\OneDrive\Desktop\KUHNE LOGISTIC UNIVERSITY\SEMESTER 2\Machine Learning\Sentiment-Analysis_ML\data\raw\MVSA_Single\data\1966.jpg
MVSA_Single/data/2043.jpg,positive,2,2,C:\Users\user\OneDrive\Desktop\KUHNE LOGISTIC UNIVERSITY\SEMESTER 2\Machine Learning\Sentiment-Analysis_ML\data\raw\MVSA_Single\data\2043.jpg
MVSA_Single/data/4833.jpg,positive,2,2,C:\Users\user\OneDrive\Desktop\KUHNE LOGISTIC UNIVERSITY\SEMESTER 2\Machine Learning\Sentiment-Analysis_ML\data\raw\MVSA_Single\data\4833.jpg
MVSA_Single/data/3432.jpg,neutral,1,1,C:\Users\user\OneDrive\Desktop\KUHNE LOGISTIC UNIVERSITY\SEMESTER 2\Machine Learning\Sentiment-Analysis_ML\data\raw\MVSA_Single\data\3432.jpg
MVSA_Single/data/931.jpg,negative,0,0,C:\Users\user\OneDrive\Desktop\KUHNE LOGISTIC UNIVERSITY\SEMESTER 2\Machine Learning\Sentiment-Analysis_ML\data\raw\MVSA_Single\data\931.jpg
MVSA_Single/data/2116.jpg,positive,2,2,C:\Users\user\OneDrive\Desktop\KUHNE LOGISTIC UNIVERSITY\SEMESTER 2\Machine Learning\Sentiment-Analysis_ML\data\raw\MVSA_Single\data\2116.jpg
MVSA_Single/data/1040.jpg,positive,2,2,C:\Users\user\OneDrive\Desktop\KUHNE LOGISTIC UNIVERSITY\SEMESTER 2\Machine Learning\Sentiment-Analysis_ML\data\raw\MVSA_Single\data\1040.jpg
MVSA_Single/data/4714.jpg,positive,2,2,C:\Users\user\OneDrive\Desktop\KUHNE LOGISTIC UNIVERSITY\SEMESTER 2\Machine Learning\Sentiment-Analysis_ML\data\raw\MVSA_Single\data\4714.jpg
MVSA_Single/data/876.jpg,positive,2,2,C:\Users\user\OneDrive\Desktop\KUHNE LOGISTIC UNIVERSITY\SEMESTER 2\Machine Learning\Sentiment-Analysis_ML\data\raw\MVSA_Single\data\876.jpg
MVSA_Single/data/3745.jpg,positive,2,2,C:\Users\user\OneDrive\Desktop\KUHNE LOGISTIC UNIVERSITY\SEMESTER 2\Machine Learning\Sentiment-Analysis_ML\data\raw\MVSA_Single\data\3745.jpg
MVSA_Single/data/2808.jpg,positive,2,2,C:\Users\user\OneDrive\Desktop\KUHNE LOGISTIC UNIVERSITY\SEMESTER 2\Machine Learning\Sentiment-Analysis_ML\data\raw\MVSA_Single\data\2808.jpg
MVSA_Single/data/1081.jpg,positive,2,2,C:\Users\user\OneDrive\Desktop\KUHNE LOGISTIC UNIVERSITY\SEMESTER 2\Machine Learning\Sentiment-Analysis_ML\data\raw\MVSA_Single\data\1081.jpg
MVSA_Single/data/3947.jpg,neutral,1,1,C:\Users\user\OneDrive\Desktop\KUHNE LOGISTIC UNIVERSITY\SEMESTER 2\Machine Learning\Sentiment-Analysis_ML\data\raw\MVSA_Single\data\3947.jpg
MVSA_Single/data/1758.jpg,positive,2,2,C:\Users\user\OneDrive\Desktop\KUHNE LOGISTIC UNIVERSITY\SEMESTER 2\Machine Learning\Sentiment-Analysis_ML\data\raw\MVSA_Single\data\1758.jpg
MVSA_Single/data/3692.jpg,neutral,1,1,C:\Users\user\OneDrive\Desktop\KUHNE LOGISTIC UNIVERSITY\SEMESTER 2\Machine Learning\Sentiment-Analysis_ML\data\raw\MVSA_Single\data\3692.jpg
MVSA_Single/data/3802.jpg,positive,2,2,C:\Users\user\OneDrive\Desktop\KUHNE LOGISTIC UNIVERSITY\SEMESTER 2\Machine Learning\Sentiment-Analysis_ML\data\raw\MVSA_Single\data\3802.jpg
MVSA_Single/data/3257.jpg,neutral,1,1,C:\Users\user\OneDrive\Desktop\KUHNE LOGISTIC UNIVERSITY\SEMESTER 2\Machine Learning\Sentiment-Analysis_ML\data\raw\MVSA_Single\data\3257.jpg
MVSA_Single/data/4381.jpg,negative,0,0,C:\Users\user\OneDrive\Desktop\KUHNE LOGISTIC UNIVERSITY\SEMESTER 2\Machine Learning\Sentiment-Analysis_ML\data\raw\MVSA_Single\data\4381.jpg
MVSA_Single/data/4731.jpg,positive,2,2,C:\Users\user\OneDrive\Desktop\KUHNE LOGISTIC UNIVERSITY\SEMESTER 2\Machine Learning\Sentiment-Analysis_ML\data\raw\MVSA_Single\data\4731.jpg
MVSA_Single/data/4630.jpg,neutral,1,1,C:\Users\user\OneDrive\Desktop\KUHNE LOGISTIC UNIVERSITY\SEMESTER 2\Machine Learning\Sentiment-Analysis_ML\data\raw\MVSA_Single\data\4630.jpg
MVSA_Single/data/1012.jpg,neutral,1,1,C:\Users\user\OneDrive\Desktop\KUHNE LOGISTIC UNIVERSITY\SEMESTER 2\Machine Learning\Sentiment-Analysis_ML\data\raw\MVSA_Single\data\1012.jpg
MVSA_Single/data/1564.jpg,negative,0,0,C:\Users\user\OneDrive\Desktop\KUHNE LOGISTIC UNIVERSITY\SEMESTER 2\Machine Learning\Sentiment-Analysis_ML\data\raw\MVSA_Single\data\1564.jpg
MVSA_Single/data/3556.jpg,positive,2,2,C:\Users\user\OneDrive\Desktop\KUHNE LOGISTIC UNIVERSITY\SEMESTER 2\Machine Learning\Sentiment-Analysis_ML\data\raw\MVSA_Single\data\3556.jpg
MVSA_Single/data/3168.jpg,negative,0,0,C:\Users\user\OneDrive\Desktop\KUHNE LOGISTIC UNIVERSITY\SEMESTER 2\Machine Learning\Sentiment-Analysis_ML\data\raw\MVSA_Single\data\3168.jpg
MVSA_Single/data/4358.jpg,positive,2,2,C:\Users\user\OneDrive\Desktop\KUHNE LOGISTIC UNIVERSITY\SEMESTER 2\Machine Learning\Sentiment-Analysis_ML\data\raw\MVSA_Single\data\4358.jpg
MVSA_Single/data/5053.jpg,neutral,1,1,C:\Users\user\OneDrive\Desktop\KUHNE LOGISTIC UNIVERSITY\SEMESTER 2\Machine Learning\Sentiment-Analysis_ML\data\raw\MVSA_Single\data\5053.jpg
MVSA_Single/data/2540.jpg,positive,2,2,C:\Users\user\OneDrive\Desktop\KUHNE LOGISTIC UNIVERSITY\SEMESTER 2\Machine Learning\Sentiment-Analysis_ML\data\raw\MVSA_Single\data\2540.jpg
MVSA_Single/data/643.jpg,positive,2,2,C:\Users\user\OneDrive\Desktop\KUHNE LOGISTIC UNIVERSITY\SEMESTER 2\Machine Learning\Sentiment-Analysis_ML\data\raw\MVSA_Single\data\643.jpg
MVSA_Single/data/4717.jpg,negative,0,0,C:\Users\user\OneDrive\Desktop\KUHNE LOGISTIC UNIVERSITY\SEMESTER 2\Machine Learning\Sentiment-Analysis_ML\data\raw\MVSA_Single\data\4717.jpg
MVSA_Single/data/3606.jpg,positive,2,2,C:\Users\user\OneDrive\Desktop\KUHNE LOGISTIC UNIVERSITY\SEMESTER 2\Machine Learning\Sentiment-Analysis_ML\data\raw\MVSA_Single\data\3606.jpg
MVSA_Single/data/4853.jpg,negative,0,0,C:\Users\user\OneDrive\Desktop\KUHNE LOGISTIC UNIVERSITY\SEMESTER 2\Machine Learning\Sentiment-Analysis_ML\data\raw\MVSA_Single\data\4853.jpg
MVSA_Single/data/2379.jpg,neutral,1,1,C:\Users\user\OneDrive\Desktop\KUHNE LOGISTIC UNIVERSITY\SEMESTER 2\Machine Learning\Sentiment-Analysis_ML\data\raw\MVSA_Single\data\2379.jpg
MVSA_Single/data/3317.jpg,neutral,1,1,C:\Users\user\OneDrive\Desktop\KUHNE LOGISTIC UNIVERSITY\SEMESTER 2\Machine Learning\Sentiment-Analysis_ML\data\raw\MVSA_Single\data\3317.jpg
MVSA_Single/data/3503.jpg,neutral,1,1,C:\Users\user\OneDrive\Desktop\KUHNE LOGISTIC UNIVERSITY\SEMESTER 2\Machine Learning\Sentiment-Analysis_ML\data\raw\MVSA_Single\data\3503.jpg
MVSA_Single/data/3903.jpg,positive,2,2,C:\Users\user\OneDrive\Desktop\KUHNE LOGISTIC UNIVERSITY\SEMESTER 2\Machine Learning\Sentiment-Analysis_ML\data\raw\MVSA_Single\data\3903.jpg
MVSA_Single/data/3880.jpg,negative,0,0,C:\Users\user\OneDrive\Desktop\KUHNE LOGISTIC UNIVERSITY\SEMESTER 2\Machine Learning\Sentiment-Analysis_ML\data\raw\MVSA_Single\data\3880.jpg
MVSA_Single/data/2658.jpg,neutral,1,1,C:\Users\user\OneDrive\Desktop\KUHNE LOGISTIC UNIVERSITY\SEMESTER 2\Machine Learning\Sentiment-Analysis_ML\data\raw\MVSA_Single\data\2658.jpg
MVSA_Single/data/3109.jpg,positive,2,2,C:\Users\user\OneDrive\Desktop\KUHNE LOGISTIC UNIVERSITY\SEMESTER 2\Machine Learning\Sentiment-Analysis_ML\data\raw\MVSA_Single\data\3109.jpg
MVSA_Single/data/4243.jpg,positive,2,2,C:\Users\user\OneDrive\Desktop\KUHNE LOGISTIC UNIVERSITY\SEMESTER 2\Machine Learning\Sentiment-Analysis_ML\data\raw\MVSA_Single\data\4243.jpg
MVSA_Single/data/3805.jpg,positive,2,2,C:\Users\user\OneDrive\Desktop\KUHNE LOGISTIC UNIVERSITY\SEMESTER 2\Machine Learning\Sentiment-Analysis_ML\data\raw\MVSA_Single\data\3805.jpg
MVSA_Single/data/3662.jpg,negative,0,0,C:\Users\user\OneDrive\Desktop\KUHNE LOGISTIC UNIVERSITY\SEMESTER 2\Machine Learning\Sentiment-Analysis_ML\data\raw\MVSA_Single\data\3662.jpg
MVSA_Single/data/3420.jpg,neutral,1,1,C:\Users\user\OneDrive\Desktop\KUHNE LOGISTIC UNIVERSITY\SEMESTER 2\Machine Learning\Sentiment-Analysis_ML\data\raw\MVSA_Single\data\3420.jpg
MVSA_Single/data/2763.jpg,negative,0,0,C:\Users\user\OneDrive\Desktop\KUHNE LOGISTIC UNIVERSITY\SEMESTER 2\Machine Learning\Sentiment-Analysis_ML\data\raw\MVSA_Single\data\2763.jpg
MVSA_Single/data/799.jpg,positive,2,2,C:\Users\user\OneDrive\Desktop\KUHNE LOGISTIC UNIVERSITY\SEMESTER 2\Machine Learning\Sentiment-Analysis_ML\data\raw\MVSA_Single\data\799.jpg
MVSA_Single/data/535.jpg,positive,2,2,C:\Users\user\OneDrive\Desktop\KUHNE LOGISTIC UNIVERSITY\SEMESTER 2\Machine Learning\Sentiment-Analysis_ML\data\raw\MVSA_Single\data\535.jpg
MVSA_Single/data/4326.jpg,positive,2,2,C:\Users\user\OneDrive\Desktop\KUHNE LOGISTIC UNIVERSITY\SEMESTER 2\Machine Learning\Sentiment-Analysis_ML\data\raw\MVSA_Single\data\4326.jpg
MVSA_Single/data/4806.jpg,neutral,1,1,C:\Users\user\OneDrive\Desktop\KUHNE LOGISTIC UNIVERSITY\SEMESTER 2\Machine Learning\Sentiment-Analysis_ML\data\raw\MVSA_Single\data\4806.jpg
MVSA_Single/data/1952.jpg,negative,0,0,C:\Users\user\OneDrive\Desktop\KUHNE LOGISTIC UNIVERSITY\SEMESTER 2\Machine Learning\Sentiment-Analysis_ML\data\raw\MVSA_Single\data\1952.jpg
MVSA_Single/data/256.jpg,neutral,1,1,C:\Users\user\OneDrive\Desktop\KUHNE LOGISTIC UNIVERSITY\SEMESTER 2\Machine Learning\Sentiment-Analysis_ML\data\raw\MVSA_Single\data\256.jpg
MVSA_Single/data/1264.jpg,negative,0,0,C:\Users\user\OneDrive\Desktop\KUHNE LOGISTIC UNIVERSITY\SEMESTER 2\Machine Learning\Sentiment-Analysis_ML\data\raw\MVSA_Single\data\1264.jpg
MVSA_Single/data/2869.jpg,neutral,1,1,C:\Users\user\OneDrive\Desktop\KUHNE LOGISTIC UNIVERSITY\SEMESTER 2\Machine Learning\Sentiment-Analysis_ML\data\raw\MVSA_Single\data\2869.jpg
MVSA_Single/data/4073.jpg,negative,0,0,C:\Users\user\OneDrive\Desktop\KUHNE LOGISTIC UNIVERSITY\SEMESTER 2\Machine Learning\Sentiment-Analysis_ML\data\raw\MVSA_Single\data\4073.jpg
MVSA_Single/data/3761.jpg,positive,2,2,C:\Users\user\OneDrive\Desktop\KUHNE LOGISTIC UNIVERSITY\SEMESTER 2\Machine Learning\Sentiment-Analysis_ML\data\raw\MVSA_Single\data\3761.jpg
MVSA_Single/data/1575.jpg,negative,0,0,C:\Users\user\OneDrive\Desktop\KUHNE LOGISTIC UNIVERSITY\SEMESTER 2\Machine Learning\Sentiment-Analysis_ML\data\raw\MVSA_Single\data\1575.jpg
MVSA_Single/data/4917.jpg,negative,0,0,C:\Users\user\OneDrive\Desktop\KUHNE LOGISTIC UNIVERSITY\SEMESTER 2\Machine Learning\Sentiment-Analysis_ML\data\raw\MVSA_Single\data\4917.jpg
MVSA_Single/data/2381.jpg,positive,2,2,C:\Users\user\OneDrive\Desktop\KUHNE LOGISTIC UNIVERSITY\SEMESTER 2\Machine Learning\Sentiment-Analysis_ML\data\raw\MVSA_Single\data\2381.jpg
MVSA_Single/data/1306.jpg,neutral,1,1,C:\Users\user\OneDrive\Desktop\KUHNE LOGISTIC UNIVERSITY\SEMESTER 2\Machine Learning\Sentiment-Analysis_ML\data\raw\MVSA_Single\data\1306.jpg
MVSA_Single/data/1322.jpg,neutral,1,1,C:\Users\user\OneDrive\Desktop\KUHNE LOGISTIC UNIVERSITY\SEMESTER 2\Machine Learning\Sentiment-Analysis_ML\data\raw\MVSA_Single\data\1322.jpg
MVSA_Single/data/569.jpg,positive,2,2,C:\Users\user\OneDrive\Desktop\KUHNE LOGISTIC UNIVERSITY\SEMESTER 2\Machine Learning\Sentiment-Analysis_ML\data\raw\MVSA_Single\data\569.jpg
MVSA_Single/data/3146.jpg,positive,2,2,C:\Users\user\OneDrive\Desktop\KUHNE LOGISTIC UNIVERSITY\SEMESTER 2\Machine Learning\Sentiment-Analysis_ML\data\raw\MVSA_Single\data\3146.jpg
MVSA_Single/data/4353.jpg,positive,2,2,C:\Users\user\OneDrive\Desktop\KUHNE LOGISTIC UNIVERSITY\SEMESTER 2\Machine Learning\Sentiment-Analysis_ML\data\raw\MVSA_Single\data\4353.jpg
MVSA_Single/data/4343.jpg,negative,0,0,C:\Users\user\OneDrive\Desktop\KUHNE LOGISTIC UNIVERSITY\SEMESTER 2\Machine Learning\Sentiment-Analysis_ML\data\raw\MVSA_Single\data\4343.jpg
MVSA_Single/data/3983.jpg,positive,2,2,C:\Users\user\OneDrive\Desktop\KUHNE LOGISTIC UNIVERSITY\SEMESTER 2\Machine Learning\Sentiment-Analysis_ML\data\raw\MVSA_Single\data\3983.jpg
MVSA_Single/data/2137.jpg,positive,2,2,C:\Users\user\OneDrive\Desktop\KUHNE LOGISTIC UNIVERSITY\SEMESTER 2\Machine Learning\Sentiment-Analysis_ML\data\raw\MVSA_Single\data\2137.jpg
MVSA_Single/data/1632.jpg,positive,2,2,C:\Users\user\OneDrive\Desktop\KUHNE LOGISTIC UNIVERSITY\SEMESTER 2\Machine Learning\Sentiment-Analysis_ML\data\raw\MVSA_Single\data\1632.jpg
MVSA_Single/data/2824.jpg,positive,2,2,C:\Users\user\OneDrive\Desktop\KUHNE LOGISTIC UNIVERSITY\SEMESTER 2\Machine Learning\Sentiment-Analysis_ML\data\raw\MVSA_Single\data\2824.jpg
MVSA_Single/data/978.jpg,positive,2,2,C:\Users\user\OneDrive\Desktop\KUHNE LOGISTIC UNIVERSITY\SEMESTER 2\Machine Learning\Sentiment-Analysis_ML\data\raw\MVSA_Single\data\978.jpg
MVSA_Single/data/1982.jpg,neutral,1,1,C:\Users\user\OneDrive\Desktop\KUHNE LOGISTIC UNIVERSITY\SEMESTER 2\Machine Learning\Sentiment-Analysis_ML\data\raw\MVSA_Single\data\1982.jpg
MVSA_Single/data/4077.jpg,positive,2,2,C:\Users\user\OneDrive\Desktop\KUHNE LOGISTIC UNIVERSITY\SEMESTER 2\Machine Learning\Sentiment-Analysis_ML\data\raw\MVSA_Single\data\4077.jpg
MVSA_Single/data/2804.jpg,neutral,1,1,C:\Users\user\OneDrive\Desktop\KUHNE LOGISTIC UNIVERSITY\SEMESTER 2\Machine Learning\Sentiment-Analysis_ML\data\raw\MVSA_Single\data\2804.jpg
MVSA_Single/data/4427.jpg,negative,0,0,C:\Users\user\OneDrive\Desktop\KUHNE LOGISTIC UNIVERSITY\SEMESTER 2\Machine Learning\Sentiment-Analysis_ML\data\raw\MVSA_Single\data\4427.jpg
MVSA_Single/data/4755.jpg,negative,0,0,C:\Users\user\OneDrive\Desktop\KUHNE LOGISTIC UNIVERSITY\SEMESTER 2\Machine Learning\Sentiment-Analysis_ML\data\raw\MVSA_Single\data\4755.jpg
MVSA_Single/data/5069.jpg,neutral,1,1,C:\Users\user\OneDrive\Desktop\KUHNE LOGISTIC UNIVERSITY\SEMESTER 2\Machine Learning\Sentiment-Analysis_ML\data\raw\MVSA_Single\data\5069.jpg
MVSA_Single/data/4035.jpg,negative,0,0,C:\Users\user\OneDrive\Desktop\KUHNE LOGISTIC UNIVERSITY\SEMESTER 2\Machine Learning\Sentiment-Analysis_ML\data\raw\MVSA_Single\data\4035.jpg
MVSA_Single/data/2719.jpg,positive,2,2,C:\Users\user\OneDrive\Desktop\KUHNE LOGISTIC UNIVERSITY\SEMESTER 2\Machine Learning\Sentiment-Analysis_ML\data\raw\MVSA_Single\data\2719.jpg
MVSA_Single/data/4567.jpg,positive,2,2,C:\Users\user\OneDrive\Desktop\KUHNE LOGISTIC UNIVERSITY\SEMESTER 2\Machine Learning\Sentiment-Analysis_ML\data\raw\MVSA_Single\data\4567.jpg
MVSA_Single/data/3141.jpg,negative,0,0,C:\Users\user\OneDrive\Desktop\KUHNE LOGISTIC UNIVERSITY\SEMESTER 2\Machine Learning\Sentiment-Analysis_ML\data\raw\MVSA_Single\data\3141.jpg
MVSA_Single/data/1899.jpg,positive,2,2,C:\Users\user\OneDrive\Desktop\KUHNE LOGISTIC UNIVERSITY\SEMESTER 2\Machine Learning\Sentiment-Analysis_ML\data\raw\MVSA_Single\data\1899.jpg
MVSA_Single/data/4462.jpg,neutral,1,1,C:\Users\user\OneDrive\Desktop\KUHNE LOGISTIC UNIVERSITY\SEMESTER 2\Machine Learning\Sentiment-Analysis_ML\data\raw\MVSA_Single\data\4462.jpg
MVSA_Single/data/1206.jpg,positive,2,2,C:\Users\user\OneDrive\Desktop\KUHNE LOGISTIC UNIVERSITY\SEMESTER 2\Machine Learning\Sentiment-Analysis_ML\data\raw\MVSA_Single\data\1206.jpg
MVSA_Single/data/3354.jpg,negative,0,0,C:\Users\user\OneDrive\Desktop\KUHNE LOGISTIC UNIVERSITY\SEMESTER 2\Machine Learning\Sentiment-Analysis_ML\data\raw\MVSA_Single\data\3354.jpg
MVSA_Single/data/853.jpg,positive,2,2,C:\Users\user\OneDrive\Desktop\KUHNE LOGISTIC UNIVERSITY\SEMESTER 2\Machine Learning\Sentiment-Analysis_ML\data\raw\MVSA_Single\data\853.jpg
MVSA_Single/data/3516.jpg,positive,2,2,C:\Users\user\OneDrive\Desktop\KUHNE LOGISTIC UNIVERSITY\SEMESTER 2\Machine Learning\Sentiment-Analysis_ML\data\raw\MVSA_Single\data\3516.jpg
MVSA_Single/data/4101.jpg,positive,2,2,C:\Users\user\OneDrive\Desktop\KUHNE LOGISTIC UNIVERSITY\SEMESTER 2\Machine Learning\Sentiment-Analysis_ML\data\raw\MVSA_Single\data\4101.jpg
MVSA_Single/data/4460.jpg,positive,2,2,C:\Users\user\OneDrive\Desktop\KUHNE LOGISTIC UNIVERSITY\SEMESTER 2\Machine Learning\Sentiment-Analysis_ML\data\raw\MVSA_Single\data\4460.jpg
MVSA_Single/data/1835.jpg,negative,0,0,C:\Users\user\OneDrive\Desktop\KUHNE LOGISTIC UNIVERSITY\SEMESTER 2\Machine Learning\Sentiment-Analysis_ML\data\raw\MVSA_Single\data\1835.jpg
MVSA_Single/data/3290.jpg,positive,2,2,C:\Users\user\OneDrive\Desktop\KUHNE LOGISTIC UNIVERSITY\SEMESTER 2\Machine Learning\Sentiment-Analysis_ML\data\raw\MVSA_Single\data\3290.jpg
MVSA_Single/data/5110.jpg,negative,0,0,C:\Users\user\OneDrive\Desktop\KUHNE LOGISTIC UNIVERSITY\SEMESTER 2\Machine Learning\Sentiment-Analysis_ML\data\raw\MVSA_Single\data\5110.jpg
MVSA_Single/data/2672.jpg,negative,0,0,C:\Users\user\OneDrive\Desktop\KUHNE LOGISTIC UNIVERSITY\SEMESTER 2\Machine Learning\Sentiment-Analysis_ML\data\raw\MVSA_Single\data\2672.jpg
MVSA_Single/data/1472.jpg,positive,2,2,C:\Users\user\OneDrive\Desktop\KUHNE LOGISTIC UNIVERSITY\SEMESTER 2\Machine Learning\Sentiment-Analysis_ML\data\raw\MVSA_Single\data\1472.jpg
MVSA_Single/data/3763.jpg,positive,2,2,C:\Users\user\OneDrive\Desktop\KUHNE LOGISTIC UNIVERSITY\SEMESTER 2\Machine Learning\Sentiment-Analysis_ML\data\raw\MVSA_Single\data\3763.jpg
MVSA_Single/data/1310.jpg,neutral,1,1,C:\Users\user\OneDrive\Desktop\KUHNE LOGISTIC UNIVERSITY\SEMESTER 2\Machine Learning\Sentiment-Analysis_ML\data\raw\MVSA_Single\data\1310.jpg
MVSA_Single/data/2425.jpg,neutral,1,1,C:\Users\user\OneDrive\Desktop\KUHNE LOGISTIC UNIVERSITY\SEMESTER 2\Machine Learning\Sentiment-Analysis_ML\data\raw\MVSA_Single\data\2425.jpg
MVSA_Single/data/1993.jpg,positive,2,2,C:\Users\user\OneDrive\Desktop\KUHNE LOGISTIC UNIVERSITY\SEMESTER 2\Machine Learning\Sentiment-Analysis_ML\data\raw\MVSA_Single\data\1993.jpg
MVSA_Single/data/648.jpg,neutral,1,1,C:\Users\user\OneDrive\Desktop\KUHNE LOGISTIC UNIVERSITY\SEMESTER 2\Machine Learning\Sentiment-Analysis_ML\data\raw\MVSA_Single\data\648.jpg
MVSA_Single/data/821.jpg,positive,2,2,C:\Users\user\OneDrive\Desktop\KUHNE LOGISTIC UNIVERSITY\SEMESTER 2\Machine Learning\Sentiment-Analysis_ML\data\raw\MVSA_Single\data\821.jpg
MVSA_Single/data/3718.jpg,positive,2,2,C:\Users\user\OneDrive\Desktop\KUHNE LOGISTIC UNIVERSITY\SEMESTER 2\Machine Learning\Sentiment-Analysis_ML\data\raw\MVSA_Single\data\3718.jpg
MVSA_Single/data/4238.jpg,positive,2,2,C:\Users\user\OneDrive\Desktop\KUHNE LOGISTIC UNIVERSITY\SEMESTER 2\Machine Learning\Sentiment-Analysis_ML\data\raw\MVSA_Single\data\4238.jpg
MVSA_Single/data/4443.jpg,positive,2,2,C:\Users\user\OneDrive\Desktop\KUHNE LOGISTIC UNIVERSITY\SEMESTER 2\Machine Learning\Sentiment-Analysis_ML\data\raw\MVSA_Single\data\4443.jpg
MVSA_Single/data/2041.jpg,positive,2,2,C:\Users\user\OneDrive\Desktop\KUHNE LOGISTIC UNIVERSITY\SEMESTER 2\Machine Learning\Sentiment-Analysis_ML\data\raw\MVSA_Single\data\2041.jpg
MVSA_Single/data/556.jpg,positive,2,2,C:\Users\user\OneDrive\Desktop\KUHNE LOGISTIC UNIVERSITY\SEMESTER 2\Machine Learning\Sentiment-Analysis_ML\data\raw\MVSA_Single\data\556.jpg
MVSA_Single/data/4907.jpg,positive,2,2,C:\Users\user\OneDrive\Desktop\KUHNE LOGISTIC UNIVERSITY\SEMESTER 2\Machine Learning\Sentiment-Analysis_ML\data\raw\MVSA_Single\data\4907.jpg
MVSA_Single/data/480.jpg,positive,2,2,C:\Users\user\OneDrive\Desktop\KUHNE LOGISTIC UNIVERSITY\SEMESTER 2\Machine Learning\Sentiment-Analysis_ML\data\raw\MVSA_Single\data\480.jpg
MVSA_Single/data/3793.jpg,neutral,1,1,C:\Users\user\OneDrive\Desktop\KUHNE LOGISTIC UNIVERSITY\SEMESTER 2\Machine Learning\Sentiment-Analysis_ML\data\raw\MVSA_Single\data\3793.jpg
MVSA_Single/data/609.jpg,neutral,1,1,C:\Users\user\OneDrive\Desktop\KUHNE LOGISTIC UNIVERSITY\SEMESTER 2\Machine Learning\Sentiment-Analysis_ML\data\raw\MVSA_Single\data\609.jpg
MVSA_Single/data/3345.jpg,positive,2,2,C:\Users\user\OneDrive\Desktop\KUHNE LOGISTIC UNIVERSITY\SEMESTER 2\Machine Learning\Sentiment-Analysis_ML\data\raw\MVSA_Single\data\3345.jpg
MVSA_Single/data/1736.jpg,positive,2,2,C:\Users\user\OneDrive\Desktop\KUHNE LOGISTIC UNIVERSITY\SEMESTER 2\Machine Learning\Sentiment-Analysis_ML\data\raw\MVSA_Single\data\1736.jpg
MVSA_Single/data/121.jpg,positive,2,2,C:\Users\user\OneDrive\Desktop\KUHNE LOGISTIC UNIVERSITY\SEMESTER 2\Machine Learning\Sentiment-Analysis_ML\data\raw\MVSA_Single\data\121.jpg
MVSA_Single/data/3148.jpg,neutral,1,1,C:\Users\user\OneDrive\Desktop\KUHNE LOGISTIC UNIVERSITY\SEMESTER 2\Machine Learning\Sentiment-Analysis_ML\data\raw\MVSA_Single\data\3148.jpg
MVSA_Single/data/1733.jpg,positive,2,2,C:\Users\user\OneDrive\Desktop\KUHNE LOGISTIC UNIVERSITY\SEMESTER 2\Machine Learning\Sentiment-Analysis_ML\data\raw\MVSA_Single\data\1733.jpg
MVSA_Single/data/3337.jpg,negative,0,0,C:\Users\user\OneDrive\Desktop\KUHNE LOGISTIC UNIVERSITY\SEMESTER 2\Machine Learning\Sentiment-Analysis_ML\data\raw\MVSA_Single\data\3337.jpg
MVSA_Single/data/90.jpg,positive,2,2,C:\Users\user\OneDrive\Desktop\KUHNE LOGISTIC UNIVERSITY\SEMESTER 2\Machine Learning\Sentiment-Analysis_ML\data\raw\MVSA_Single\data\90.jpg
MVSA_Single/data/677.jpg,neutral,1,1,C:\Users\user\OneDrive\Desktop\KUHNE LOGISTIC UNIVERSITY\SEMESTER 2\Machine Learning\Sentiment-Analysis_ML\data\raw\MVSA_Single\data\677.jpg
MVSA_Single/data/707.jpg,positive,2,2,C:\Users\user\OneDrive\Desktop\KUHNE LOGISTIC UNIVERSITY\SEMESTER 2\Machine Learning\Sentiment-Analysis_ML\data\raw\MVSA_Single\data\707.jpg
MVSA_Single/data/913.jpg,neutral,1,1,C:\Users\user\OneDrive\Desktop\KUHNE LOGISTIC UNIVERSITY\SEMESTER 2\Machine Learning\Sentiment-Analysis_ML\data\raw\MVSA_Single\data\913.jpg
MVSA_Single/data/5060.jpg,positive,2,2,C:\Users\user\OneDrive\Desktop\KUHNE LOGISTIC UNIVERSITY\SEMESTER 2\Machine Learning\Sentiment-Analysis_ML\data\raw\MVSA_Single\data\5060.jpg
MVSA_Single/data/2432.jpg,positive,2,2,C:\Users\user\OneDrive\Desktop\KUHNE LOGISTIC UNIVERSITY\SEMESTER 2\Machine Learning\Sentiment-Analysis_ML\data\raw\MVSA_Single\data\2432.jpg
MVSA_Single/data/2567.jpg,negative,0,0,C:\Users\user\OneDrive\Desktop\KUHNE LOGISTIC UNIVERSITY\SEMESTER 2\Machine Learning\Sentiment-Analysis_ML\data\raw\MVSA_Single\data\2567.jpg
MVSA_Single/data/1825.jpg,positive,2,2,C:\Users\user\OneDrive\Desktop\KUHNE LOGISTIC UNIVERSITY\SEMESTER 2\Machine Learning\Sentiment-Analysis_ML\data\raw\MVSA_Single\data\1825.jpg
MVSA_Single/data/3037.jpg,positive,2,2,C:\Users\user\OneDrive\Desktop\KUHNE LOGISTIC UNIVERSITY\SEMESTER 2\Machine Learning\Sentiment-Analysis_ML\data\raw\MVSA_Single\data\3037.jpg
MVSA_Single/data/2350.jpg,negative,0,0,C:\Users\user\OneDrive\Desktop\KUHNE LOGISTIC UNIVERSITY\SEMESTER 2\Machine Learning\Sentiment-Analysis_ML\data\raw\MVSA_Single\data\2350.jpg
MVSA_Single/data/696.jpg,positive,2,2,C:\Users\user\OneDrive\Desktop\KUHNE LOGISTIC UNIVERSITY\SEMESTER 2\Machine Learning\Sentiment-Analysis_ML\data\raw\MVSA_Single\data\696.jpg
MVSA_Single/data/930.jpg,neutral,1,1,C:\Users\user\OneDrive\Desktop\KUHNE LOGISTIC UNIVERSITY\SEMESTER 2\Machine Learning\Sentiment-Analysis_ML\data\raw\MVSA_Single\data\930.jpg
MVSA_Single/data/1504.jpg,positive,2,2,C:\Users\user\OneDrive\Desktop\KUHNE LOGISTIC UNIVERSITY\SEMESTER 2\Machine Learning\Sentiment-Analysis_ML\data\raw\MVSA_Single\data\1504.jpg
MVSA_Single/data/2092.jpg,positive,2,2,C:\Users\user\OneDrive\Desktop\KUHNE LOGISTIC UNIVERSITY\SEMESTER 2\Machine Learning\Sentiment-Analysis_ML\data\raw\MVSA_Single\data\2092.jpg
MVSA_Single/data/396.jpg,neutral,1,1,C:\Users\user\OneDrive\Desktop\KUHNE LOGISTIC UNIVERSITY\SEMESTER 2\Machine Learning\Sentiment-Analysis_ML\data\raw\MVSA_Single\data\396.jpg
MVSA_Single/data/4198.jpg,negative,0,0,C:\Users\user\OneDrive\Desktop\KUHNE LOGISTIC UNIVERSITY\SEMESTER 2\Machine Learning\Sentiment-Analysis_ML\data\raw\MVSA_Single\data\4198.jpg
MVSA_Single/data/4877.jpg,positive,2,2,C:\Users\user\OneDrive\Desktop\KUHNE LOGISTIC UNIVERSITY\SEMESTER 2\Machine Learning\Sentiment-Analysis_ML\data\raw\MVSA_Single\data\4877.jpg
MVSA_Single/data/3489.jpg,positive,2,2,C:\Users\user\OneDrive\Desktop\KUHNE LOGISTIC UNIVERSITY\SEMESTER 2\Machine Learning\Sentiment-Analysis_ML\data\raw\MVSA_Single\data\3489.jpg
MVSA_Single/data/3426.jpg,negative,0,0,C:\Users\user\OneDrive\Desktop\KUHNE LOGISTIC UNIVERSITY\SEMESTER 2\Machine Learning\Sentiment-Analysis_ML\data\raw\MVSA_Single\data\3426.jpg
MVSA_Single/data/1053.jpg,neutral,1,1,C:\Users\user\OneDrive\Desktop\KUHNE LOGISTIC UNIVERSITY\SEMESTER 2\Machine Learning\Sentiment-Analysis_ML\data\raw\MVSA_Single\data\1053.jpg
MVSA_Single/data/1042.jpg,neutral,1,1,C:\Users\user\OneDrive\Desktop\KUHNE LOGISTIC UNIVERSITY\SEMESTER 2\Machine Learning\Sentiment-Analysis_ML\data\raw\MVSA_Single\data\1042.jpg
MVSA_Single/data/4182.jpg,negative,0,0,C:\Users\user\OneDrive\Desktop\KUHNE LOGISTIC UNIVERSITY\SEMESTER 2\Machine Learning\Sentiment-Analysis_ML\data\raw\MVSA_Single\data\4182.jpg
MVSA_Single/data/4974.jpg,negative,0,0,C:\Users\user\OneDrive\Desktop\KUHNE LOGISTIC UNIVERSITY\SEMESTER 2\Machine Learning\Sentiment-Analysis_ML\data\raw\MVSA_Single\data\4974.jpg
MVSA_Single/data/972.jpg,negative,0,0,C:\Users\user\OneDrive\Desktop\KUHNE LOGISTIC UNIVERSITY\SEMESTER 2\Machine Learning\Sentiment-Analysis_ML\data\raw\MVSA_Single\data\972.jpg
MVSA_Single/data/4777.jpg,positive,2,2,C:\Users\user\OneDrive\Desktop\KUHNE LOGISTIC UNIVERSITY\SEMESTER 2\Machine Learning\Sentiment-Analysis_ML\data\raw\MVSA_Single\data\4777.jpg
MVSA_Single/data/1990.jpg,positive,2,2,C:\Users\user\OneDrive\Desktop\KUHNE LOGISTIC UNIVERSITY\SEMESTER 2\Machine Learning\Sentiment-Analysis_ML\data\raw\MVSA_Single\data\1990.jpg
MVSA_Single/data/3377.jpg,neutral,1,1,C:\Users\user\OneDrive\Desktop\KUHNE LOGISTIC UNIVERSITY\SEMESTER 2\Machine Learning\Sentiment-Analysis_ML\data\raw\MVSA_Single\data\3377.jpg
MVSA_Single/data/228.jpg,positive,2,2,C:\Users\user\OneDrive\Desktop\KUHNE LOGISTIC UNIVERSITY\SEMESTER 2\Machine Learning\Sentiment-Analysis_ML\data\raw\MVSA_Single\data\228.jpg
MVSA_Single/data/4528.jpg,positive,2,2,C:\Users\user\OneDrive\Desktop\KUHNE LOGISTIC UNIVERSITY\SEMESTER 2\Machine Learning\Sentiment-Analysis_ML\data\raw\MVSA_Single\data\4528.jpg
MVSA_Single/data/682.jpg,positive,2,2,C:\Users\user\OneDrive\Desktop\KUHNE LOGISTIC UNIVERSITY\SEMESTER 2\Machine Learning\Sentiment-Analysis_ML\data\raw\MVSA_Single\data\682.jpg
MVSA_Single/data/3673.jpg,neutral,1,1,C:\Users\user\OneDrive\Desktop\KUHNE LOGISTIC UNIVERSITY\SEMESTER 2\Machine Learning\Sentiment-Analysis_ML\data\raw\MVSA_Single\data\3673.jpg
MVSA_Single/data/2864.jpg,neutral,1,1,C:\Users\user\OneDrive\Desktop\KUHNE LOGISTIC UNIVERSITY\SEMESTER 2\Machine Learning\Sentiment-Analysis_ML\data\raw\MVSA_Single\data\2864.jpg
MVSA_Single/data/4543.jpg,negative,0,0,C:\Users\user\OneDrive\Desktop\KUHNE LOGISTIC UNIVERSITY\SEMESTER 2\Machine Learning\Sentiment-Analysis_ML\data\raw\MVSA_Single\data\4543.jpg
MVSA_Single/data/704.jpg,positive,2,2,C:\Users\user\OneDrive\Desktop\KUHNE LOGISTIC UNIVERSITY\SEMESTER 2\Machine Learning\Sentiment-Analysis_ML\data\raw\MVSA_Single\data\704.jpg
MVSA_Single/data/2387.jpg,negative,0,0,C:\Users\user\OneDrive\Desktop\KUHNE LOGISTIC UNIVERSITY\SEMESTER 2\Machine Learning\Sentiment-Analysis_ML\data\raw\MVSA_Single\data\2387.jpg
MVSA_Single/data/3047.jpg,negative,0,0,C:\Users\user\OneDrive\Desktop\KUHNE LOGISTIC UNIVERSITY\SEMESTER 2\Machine Learning\Sentiment-Analysis_ML\data\raw\MVSA_Single\data\3047.jpg
MVSA_Single/data/826.jpg,negative,0,0,C:\Users\user\OneDrive\Desktop\KUHNE LOGISTIC UNIVERSITY\SEMESTER 2\Machine Learning\Sentiment-Analysis_ML\data\raw\MVSA_Single\data\826.jpg
MVSA_Single/data/3954.jpg,negative,0,0,C:\Users\user\OneDrive\Desktop\KUHNE LOGISTIC UNIVERSITY\SEMESTER 2\Machine Learning\Sentiment-Analysis_ML\data\raw\MVSA_Single\data\3954.jpg
MVSA_Single/data/1165.jpg,neutral,1,1,C:\Users\user\OneDrive\Desktop\KUHNE LOGISTIC UNIVERSITY\SEMESTER 2\Machine Learning\Sentiment-Analysis_ML\data\raw\MVSA_Single\data\1165.jpg
MVSA_Single/data/2998.jpg,negative,0,0,C:\Users\user\OneDrive\Desktop\KUHNE LOGISTIC UNIVERSITY\SEMESTER 2\Machine Learning\Sentiment-Analysis_ML\data\raw\MVSA_Single\data\2998.jpg
MVSA_Single/data/4634.jpg,positive,2,2,C:\Users\user\OneDrive\Desktop\KUHNE LOGISTIC UNIVERSITY\SEMESTER 2\Machine Learning\Sentiment-Analysis_ML\data\raw\MVSA_Single\data\4634.jpg
MVSA_Single/data/136.jpg,neutral,1,1,C:\Users\user\OneDrive\Desktop\KUHNE LOGISTIC UNIVERSITY\SEMESTER 2\Machine Learning\Sentiment-Analysis_ML\data\raw\MVSA_Single\data\136.jpg
MVSA_Single/data/424.jpg,neutral,1,1,C:\Users\user\OneDrive\Desktop\KUHNE LOGISTIC UNIVERSITY\SEMESTER 2\Machine Learning\Sentiment-Analysis_ML\data\raw\MVSA_Single\data\424.jpg
MVSA_Single/data/4535.jpg,negative,0,0,C:\Users\user\OneDrive\Desktop\KUHNE LOGISTIC UNIVERSITY\SEMESTER 2\Machine Learning\Sentiment-Analysis_ML\data\raw\MVSA_Single\data\4535.jpg
MVSA_Single/data/1117.jpg,neutral,1,1,C:\Users\user\OneDrive\Desktop\KUHNE LOGISTIC UNIVERSITY\SEMESTER 2\Machine Learning\Sentiment-Analysis_ML\data\raw\MVSA_Single\data\1117.jpg
MVSA_Single/data/2534.jpg,positive,2,2,C:\Users\user\OneDrive\Desktop\KUHNE LOGISTIC UNIVERSITY\SEMESTER 2\Machine Learning\Sentiment-Analysis_ML\data\raw\MVSA_Single\data\2534.jpg
MVSA_Single/data/1367.jpg,negative,0,0,C:\Users\user\OneDrive\Desktop\KUHNE LOGISTIC UNIVERSITY\SEMESTER 2\Machine Learning\Sentiment-Analysis_ML\data\raw\MVSA_Single\data\1367.jpg
MVSA_Single/data/641.jpg,negative,0,0,C:\Users\user\OneDrive\Desktop\KUHNE LOGISTIC UNIVERSITY\SEMESTER 2\Machine Learning\Sentiment-Analysis_ML\data\raw\MVSA_Single\data\641.jpg
MVSA_Single/data/3641.jpg,positive,2,2,C:\Users\user\OneDrive\Desktop\KUHNE LOGISTIC UNIVERSITY\SEMESTER 2\Machine Learning\Sentiment-Analysis_ML\data\raw\MVSA_Single\data\3641.jpg
MVSA_Single/data/3062.jpg,positive,2,2,C:\Users\user\OneDrive\Desktop\KUHNE LOGISTIC UNIVERSITY\SEMESTER 2\Machine Learning\Sentiment-Analysis_ML\data\raw\MVSA_Single\data\3062.jpg
MVSA_Single/data/5000.jpg,negative,0,0,C:\Users\user\OneDrive\Desktop\KUHNE LOGISTIC UNIVERSITY\SEMESTER 2\Machine Learning\Sentiment-Analysis_ML\data\raw\MVSA_Single\data\5000.jpg
MVSA_Single/data/3493.jpg,positive,2,2,C:\Users\user\OneDrive\Desktop\KUHNE LOGISTIC UNIVERSITY\SEMESTER 2\Machine Learning\Sentiment-Analysis_ML\data\raw\MVSA_Single\data\3493.jpg
MVSA_Single/data/1355.jpg,positive,2,2,C:\Users\user\OneDrive\Desktop\KUHNE LOGISTIC UNIVERSITY\SEMESTER 2\Machine Learning\Sentiment-Analysis_ML\data\raw\MVSA_Single\data\1355.jpg
MVSA_Single/data/4121.jpg,positive,2,2,C:\Users\user\OneDrive\Desktop\KUHNE LOGISTIC UNIVERSITY\SEMESTER 2\Machine Learning\Sentiment-Analysis_ML\data\raw\MVSA_Single\data\4121.jpg
MVSA_Single/data/482.jpg,positive,2,2,C:\Users\user\OneDrive\Desktop\KUHNE LOGISTIC UNIVERSITY\SEMESTER 2\Machine Learning\Sentiment-Analysis_ML\data\raw\MVSA_Single\data\482.jpg
MVSA_Single/data/336.jpg,positive,2,2,C:\Users\user\OneDrive\Desktop\KUHNE LOGISTIC UNIVERSITY\SEMESTER 2\Machine Learning\Sentiment-Analysis_ML\data\raw\MVSA_Single\data\336.jpg
MVSA_Single/data/2687.jpg,neutral,1,1,C:\Users\user\OneDrive\Desktop\KUHNE LOGISTIC UNIVERSITY\SEMESTER 2\Machine Learning\Sentiment-Analysis_ML\data\raw\MVSA_Single\data\2687.jpg
MVSA_Single/data/2099.jpg,negative,0,0,C:\Users\user\OneDrive\Desktop\KUHNE LOGISTIC UNIVERSITY\SEMESTER 2\Machine Learning\Sentiment-Analysis_ML\data\raw\MVSA_Single\data\2099.jpg
MVSA_Single/data/364.jpg,negative,0,0,C:\Users\user\OneDrive\Desktop\KUHNE LOGISTIC UNIVERSITY\SEMESTER 2\Machine Learning\Sentiment-Analysis_ML\data\raw\MVSA_Single\data\364.jpg
MVSA_Single/data/1365.jpg,negative,0,0,C:\Users\user\OneDrive\Desktop\KUHNE LOGISTIC UNIVERSITY\SEMESTER 2\Machine Learning\Sentiment-Analysis_ML\data\raw\MVSA_Single\data\1365.jpg
MVSA_Single/data/3998.jpg,negative,0,0,C:\Users\user\OneDrive\Desktop\KUHNE LOGISTIC UNIVERSITY\SEMESTER 2\Machine Learning\Sentiment-Analysis_ML\data\raw\MVSA_Single\data\3998.jpg
MVSA_Single/data/1775.jpg,negative,0,0,C:\Users\user\OneDrive\Desktop\KUHNE LOGISTIC UNIVERSITY\SEMESTER 2\Machine Learning\Sentiment-Analysis_ML\data\raw\MVSA_Single\data\1775.jpg
MVSA_Single/data/3869.jpg,neutral,1,1,C:\Users\user\OneDrive\Desktop\KUHNE LOGISTIC UNIVERSITY\SEMESTER 2\Machine Learning\Sentiment-Analysis_ML\data\raw\MVSA_Single\data\3869.jpg
MVSA_Single/data/1972.jpg,negative,0,0,C:\Users\user\OneDrive\Desktop\KUHNE LOGISTIC UNIVERSITY\SEMESTER 2\Machine Learning\Sentiment-Analysis_ML\data\raw\MVSA_Single\data\1972.jpg
MVSA_Single/data/1965.jpg,positive,2,2,C:\Users\user\OneDrive\Desktop\KUHNE LOGISTIC UNIVERSITY\SEMESTER 2\Machine Learning\Sentiment-Analysis_ML\data\raw\MVSA_Single\data\1965.jpg
MVSA_Single/data/313.jpg,negative,0,0,C:\Users\user\OneDrive\Desktop\KUHNE LOGISTIC UNIVERSITY\SEMESTER 2\Machine Learning\Sentiment-Analysis_ML\data\raw\MVSA_Single\data\313.jpg
MVSA_Single/data/286.jpg,positive,2,2,C:\Users\user\OneDrive\Desktop\KUHNE LOGISTIC UNIVERSITY\SEMESTER 2\Machine Learning\Sentiment-Analysis_ML\data\raw\MVSA_Single\data\286.jpg
MVSA_Single/data/2986.jpg,positive,2,2,C:\Users\user\OneDrive\Desktop\KUHNE LOGISTIC UNIVERSITY\SEMESTER 2\Machine Learning\Sentiment-Analysis_ML\data\raw\MVSA_Single\data\2986.jpg
MVSA_Single/data/4796.jpg,neutral,1,1,C:\Users\user\OneDrive\Desktop\KUHNE LOGISTIC UNIVERSITY\SEMESTER 2\Machine Learning\Sentiment-Analysis_ML\data\raw\MVSA_Single\data\4796.jpg
MVSA_Single/data/4194.jpg,negative,0,0,C:\Users\user\OneDrive\Desktop\KUHNE LOGISTIC UNIVERSITY\SEMESTER 2\Machine Learning\Sentiment-Analysis_ML\data\raw\MVSA_Single\data\4194.jpg
MVSA_Single/data/4356.jpg,negative,0,0,C:\Users\user\OneDrive\Desktop\KUHNE LOGISTIC UNIVERSITY\SEMESTER 2\Machine Learning\Sentiment-Analysis_ML\data\raw\MVSA_Single\data\4356.jpg
MVSA_Single/data/4852.jpg,neutral,1,1,C:\Users\user\OneDrive\Desktop\KUHNE LOGISTIC UNIVERSITY\SEMESTER 2\Machine Learning\Sentiment-Analysis_ML\data\raw\MVSA_Single\data\4852.jpg
MVSA_Single/data/200.jpg,positive,2,2,C:\Users\user\OneDrive\Desktop\KUHNE LOGISTIC UNIVERSITY\SEMESTER 2\Machine Learning\Sentiment-Analysis_ML\data\raw\MVSA_Single\data\200.jpg
MVSA_Single/data/4274.jpg,negative,0,0,C:\Users\user\OneDrive\Desktop\KUHNE LOGISTIC UNIVERSITY\SEMESTER 2\Machine Learning\Sentiment-Analysis_ML\data\raw\MVSA_Single\data\4274.jpg
MVSA_Single/data/3213.jpg,negative,0,0,C:\Users\user\OneDrive\Desktop\KUHNE LOGISTIC UNIVERSITY\SEMESTER 2\Machine Learning\Sentiment-Analysis_ML\data\raw\MVSA_Single\data\3213.jpg
MVSA_Single/data/4641.jpg,positive,2,2,C:\Users\user\OneDrive\Desktop\KUHNE LOGISTIC UNIVERSITY\SEMESTER 2\Machine Learning\Sentiment-Analysis_ML\data\raw\MVSA_Single\data\4641.jpg
MVSA_Single/data/3323.jpg,positive,2,2,C:\Users\user\OneDrive\Desktop\KUHNE LOGISTIC UNIVERSITY\SEMESTER 2\Machine Learning\Sentiment-Analysis_ML\data\raw\MVSA_Single\data\3323.jpg
MVSA_Single/data/963.jpg,positive,2,2,C:\Users\user\OneDrive\Desktop\KUHNE LOGISTIC UNIVERSITY\SEMESTER 2\Machine Learning\Sentiment-Analysis_ML\data\raw\MVSA_Single\data\963.jpg
MVSA_Single/data/4139.jpg,negative,0,0,C:\Users\user\OneDrive\Desktop\KUHNE LOGISTIC UNIVERSITY\SEMESTER 2\Machine Learning\Sentiment-Analysis_ML\data\raw\MVSA_Single\data\4139.jpg
MVSA_Single/data/4551.jpg,negative,0,0,C:\Users\user\OneDrive\Desktop\KUHNE LOGISTIC UNIVERSITY\SEMESTER 2\Machine Learning\Sentiment-Analysis_ML\data\raw\MVSA_Single\data\4551.jpg
MVSA_Single/data/3942.jpg,negative,0,0,C:\Users\user\OneDrive\Desktop\KUHNE LOGISTIC UNIVERSITY\SEMESTER 2\Machine Learning\Sentiment-Analysis_ML\data\raw\MVSA_Single\data\3942.jpg
MVSA_Single/data/4760.jpg,neutral,1,1,C:\Users\user\OneDrive\Desktop\KUHNE LOGISTIC UNIVERSITY\SEMESTER 2\Machine Learning\Sentiment-Analysis_ML\data\raw\MVSA_Single\data\4760.jpg
MVSA_Single/data/4070.jpg,negative,0,0,C:\Users\user\OneDrive\Desktop\KUHNE LOGISTIC UNIVERSITY\SEMESTER 2\Machine Learning\Sentiment-Analysis_ML\data\raw\MVSA_Single\data\4070.jpg
MVSA_Single/data/4504.jpg,positive,2,2,C:\Users\user\OneDrive\Desktop\KUHNE LOGISTIC UNIVERSITY\SEMESTER 2\Machine Learning\Sentiment-Analysis_ML\data\raw\MVSA_Single\data\4504.jpg
MVSA_Single/data/1456.jpg,positive,2,2,C:\Users\user\OneDrive\Desktop\KUHNE LOGISTIC UNIVERSITY\SEMESTER 2\Machine Learning\Sentiment-Analysis_ML\data\raw\MVSA_Single\data\1456.jpg
MVSA_Single/data/262.jpg,positive,2,2,C:\Users\user\OneDrive\Desktop\KUHNE LOGISTIC UNIVERSITY\SEMESTER 2\Machine Learning\Sentiment-Analysis_ML\data\raw\MVSA_Single\data\262.jpg
MVSA_Single/data/4818.jpg,negative,0,0,C:\Users\user\OneDrive\Desktop\KUHNE LOGISTIC UNIVERSITY\SEMESTER 2\Machine Learning\Sentiment-Analysis_ML\data\raw\MVSA_Single\data\4818.jpg
MVSA_Single/data/3614.jpg,positive,2,2,C:\Users\user\OneDrive\Desktop\KUHNE LOGISTIC UNIVERSITY\SEMESTER 2\Machine Learning\Sentiment-Analysis_ML\data\raw\MVSA_Single\data\3614.jpg
MVSA_Single/data/1861.jpg,positive,2,2,C:\Users\user\OneDrive\Desktop\KUHNE LOGISTIC UNIVERSITY\SEMESTER 2\Machine Learning\Sentiment-Analysis_ML\data\raw\MVSA_Single\data\1861.jpg
MVSA_Single/data/2596.jpg,positive,2,2,C:\Users\user\OneDrive\Desktop\KUHNE LOGISTIC UNIVERSITY\SEMESTER 2\Machine Learning\Sentiment-Analysis_ML\data\raw\MVSA_Single\data\2596.jpg
MVSA_Single/data/802.jpg,negative,0,0,C:\Users\user\OneDrive\Desktop\KUHNE LOGISTIC UNIVERSITY\SEMESTER 2\Machine Learning\Sentiment-Analysis_ML\data\raw\MVSA_Single\data\802.jpg
MVSA_Single/data/3464.jpg,negative,0,0,C:\Users\user\OneDrive\Desktop\KUHNE LOGISTIC UNIVERSITY\SEMESTER 2\Machine Learning\Sentiment-Analysis_ML\data\raw\MVSA_Single\data\3464.jpg
MVSA_Single/data/3087.jpg,negative,0,0,C:\Users\user\OneDrive\Desktop\KUHNE LOGISTIC UNIVERSITY\SEMESTER 2\Machine Learning\Sentiment-Analysis_ML\data\raw\MVSA_Single\data\3087.jpg
MVSA_Single/data/701.jpg,negative,0,0,C:\Users\user\OneDrive\Desktop\KUHNE LOGISTIC UNIVERSITY\SEMESTER 2\Machine Learning\Sentiment-Analysis_ML\data\raw\MVSA_Single\data\701.jpg
MVSA_Single/data/2151.jpg,positive,2,2,C:\Users\user\OneDrive\Desktop\KUHNE LOGISTIC UNIVERSITY\SEMESTER 2\Machine Learning\Sentiment-Analysis_ML\data\raw\MVSA_Single\data\2151.jpg
MVSA_Single/data/3061.jpg,neutral,1,1,C:\Users\user\OneDrive\Desktop\KUHNE LOGISTIC UNIVERSITY\SEMESTER 2\Machine Learning\Sentiment-Analysis_ML\data\raw\MVSA_Single\data\3061.jpg
MVSA_Single/data/3376.jpg,positive,2,2,C:\Users\user\OneDrive\Desktop\KUHNE LOGISTIC UNIVERSITY\SEMESTER 2\Machine Learning\Sentiment-Analysis_ML\data\raw\MVSA_Single\data\3376.jpg
MVSA_Single/data/2894.jpg,positive,2,2,C:\Users\user\OneDrive\Desktop\KUHNE LOGISTIC UNIVERSITY\SEMESTER 2\Machine Learning\Sentiment-Analysis_ML\data\raw\MVSA_Single\data\2894.jpg
MVSA_Single/data/3465.jpg,positive,2,2,C:\Users\user\OneDrive\Desktop\KUHNE LOGISTIC UNIVERSITY\SEMESTER 2\Machine Learning\Sentiment-Analysis_ML\data\raw\MVSA_Single\data\3465.jpg
MVSA_Single/data/597.jpg,negative,0,0,C:\Users\user\OneDrive\Desktop\KUHNE LOGISTIC UNIVERSITY\SEMESTER 2\Machine Learning\Sentiment-Analysis_ML\data\raw\MVSA_Single\data\597.jpg
MVSA_Single/data/194.jpg,negative,0,0,C:\Users\user\OneDrive\Desktop\KUHNE LOGISTIC UNIVERSITY\SEMESTER 2\Machine Learning\Sentiment-Analysis_ML\data\raw\MVSA_Single\data\194.jpg
MVSA_Single/data/4930.jpg,positive,2,2,C:\Users\user\OneDrive\Desktop\KUHNE LOGISTIC UNIVERSITY\SEMESTER 2\Machine Learning\Sentiment-Analysis_ML\data\raw\MVSA_Single\data\4930.jpg
MVSA_Single/data/4087.jpg,negative,0,0,C:\Users\user\OneDrive\Desktop\KUHNE LOGISTIC UNIVERSITY\SEMESTER 2\Machine Learning\Sentiment-Analysis_ML\data\raw\MVSA_Single\data\4087.jpg
MVSA_Single/data/1100.jpg,positive,2,2,C:\Users\user\OneDrive\Desktop\KUHNE LOGISTIC UNIVERSITY\SEMESTER 2\Machine Learning\Sentiment-Analysis_ML\data\raw\MVSA_Single\data\1100.jpg
MVSA_Single/data/894.jpg,positive,2,2,C:\Users\user\OneDrive\Desktop\KUHNE LOGISTIC UNIVERSITY\SEMESTER 2\Machine Learning\Sentiment-Analysis_ML\data\raw\MVSA_Single\data\894.jpg
MVSA_Single/data/2861.jpg,positive,2,2,C:\Users\user\OneDrive\Desktop\KUHNE LOGISTIC UNIVERSITY\SEMESTER 2\Machine Learning\Sentiment-Analysis_ML\data\raw\MVSA_Single\data\2861.jpg
MVSA_Single/data/2160.jpg,neutral,1,1,C:\Users\user\OneDrive\Desktop\KUHNE LOGISTIC UNIVERSITY\SEMESTER 2\Machine Learning\Sentiment-Analysis_ML\data\raw\MVSA_Single\data\2160.jpg
MVSA_Single/data/732.jpg,negative,0,0,C:\Users\user\OneDrive\Desktop\KUHNE LOGISTIC UNIVERSITY\SEMESTER 2\Machine Learning\Sentiment-Analysis_ML\data\raw\MVSA_Single\data\732.jpg
MVSA_Single/data/675.jpg,positive,2,2,C:\Users\user\OneDrive\Desktop\KUHNE LOGISTIC UNIVERSITY\SEMESTER 2\Machine Learning\Sentiment-Analysis_ML\data\raw\MVSA_Single\data\675.jpg
MVSA_Single/data/5061.jpg,positive,2,2,C:\Users\user\OneDrive\Desktop\KUHNE LOGISTIC UNIVERSITY\SEMESTER 2\Machine Learning\Sentiment-Analysis_ML\data\raw\MVSA_Single\data\5061.jpg
MVSA_Single/data/576.jpg,positive,2,2,C:\Users\user\OneDrive\Desktop\KUHNE LOGISTIC UNIVERSITY\SEMESTER 2\Machine Learning\Sentiment-Analysis_ML\data\raw\MVSA_Single\data\576.jpg
MVSA_Single/data/2595.jpg,positive,2,2,C:\Users\user\OneDrive\Desktop\KUHNE LOGISTIC UNIVERSITY\SEMESTER 2\Machine Learning\Sentiment-Analysis_ML\data\raw\MVSA_Single\data\2595.jpg
MVSA_Single/data/1432.jpg,positive,2,2,C:\Users\user\OneDrive\Desktop\KUHNE LOGISTIC UNIVERSITY\SEMESTER 2\Machine Learning\Sentiment-Analysis_ML\data\raw\MVSA_Single\data\1432.jpg
MVSA_Single/data/3710.jpg,negative,0,0,C:\Users\user\OneDrive\Desktop\KUHNE LOGISTIC UNIVERSITY\SEMESTER 2\Machine Learning\Sentiment-Analysis_ML\data\raw\MVSA_Single\data\3710.jpg
MVSA_Single/data/4314.jpg,neutral,1,1,C:\Users\user\OneDrive\Desktop\KUHNE LOGISTIC UNIVERSITY\SEMESTER 2\Machine Learning\Sentiment-Analysis_ML\data\raw\MVSA_Single\data\4314.jpg
MVSA_Single/data/3601.jpg,positive,2,2,C:\Users\user\OneDrive\Desktop\KUHNE LOGISTIC UNIVERSITY\SEMESTER 2\Machine Learning\Sentiment-Analysis_ML\data\raw\MVSA_Single\data\3601.jpg
MVSA_Single/data/1983.jpg,positive,2,2,C:\Users\user\OneDrive\Desktop\KUHNE LOGISTIC UNIVERSITY\SEMESTER 2\Machine Learning\Sentiment-Analysis_ML\data\raw\MVSA_Single\data\1983.jpg
MVSA_Single/data/3097.jpg,positive,2,2,C:\Users\user\OneDrive\Desktop\KUHNE LOGISTIC UNIVERSITY\SEMESTER 2\Machine Learning\Sentiment-Analysis_ML\data\raw\MVSA_Single\data\3097.jpg
MVSA_Single/data/98.jpg,positive,2,2,C:\Users\user\OneDrive\Desktop\KUHNE LOGISTIC UNIVERSITY\SEMESTER 2\Machine Learning\Sentiment-Analysis_ML\data\raw\MVSA_Single\data\98.jpg
MVSA_Single/data/2949.jpg,positive,2,2,C:\Users\user\OneDrive\Desktop\KUHNE LOGISTIC UNIVERSITY\SEMESTER 2\Machine Learning\Sentiment-Analysis_ML\data\raw\MVSA_Single\data\2949.jpg
MVSA_Single/data/3237.jpg,positive,2,2,C:\Users\user\OneDrive\Desktop\KUHNE LOGISTIC UNIVERSITY\SEMESTER 2\Machine Learning\Sentiment-Analysis_ML\data\raw\MVSA_Single\data\3237.jpg
MVSA_Single/data/4187.jpg,positive,2,2,C:\Users\user\OneDrive\Desktop\KUHNE LOGISTIC UNIVERSITY\SEMESTER 2\Machine Learning\Sentiment-Analysis_ML\data\raw\MVSA_Single\data\4187.jpg
MVSA_Single/data/865.jpg,neutral,1,1,C:\Users\user\OneDrive\Desktop\KUHNE LOGISTIC UNIVERSITY\SEMESTER 2\Machine Learning\Sentiment-Analysis_ML\data\raw\MVSA_Single\data\865.jpg
MVSA_Single/data/2934.jpg,neutral,1,1,C:\Users\user\OneDrive\Desktop\KUHNE LOGISTIC UNIVERSITY\SEMESTER 2\Machine Learning\Sentiment-Analysis_ML\data\raw\MVSA_Single\data\2934.jpg
MVSA_Single/data/435.jpg,positive,2,2,C:\Users\user\OneDrive\Desktop\KUHNE LOGISTIC UNIVERSITY\SEMESTER 2\Machine Learning\Sentiment-Analysis_ML\data\raw\MVSA_Single\data\435.jpg
MVSA_Single/data/3690.jpg,positive,2,2,C:\Users\user\OneDrive\Desktop\KUHNE LOGISTIC UNIVERSITY\SEMESTER 2\Machine Learning\Sentiment-Analysis_ML\data\raw\MVSA_Single\data\3690.jpg
MVSA_Single/data/3587.jpg,positive,2,2,C:\Users\user\OneDrive\Desktop\KUHNE LOGISTIC UNIVERSITY\SEMESTER 2\Machine Learning\Sentiment-Analysis_ML\data\raw\MVSA_Single\data\3587.jpg
MVSA_Single/data/2079.jpg,positive,2,2,C:\Users\user\OneDrive\Desktop\KUHNE LOGISTIC UNIVERSITY\SEMESTER 2\Machine Learning\Sentiment-Analysis_ML\data\raw\MVSA_Single\data\2079.jpg
MVSA_Single/data/2639.jpg,neutral,1,1,C:\Users\user\OneDrive\Desktop\KUHNE LOGISTIC UNIVERSITY\SEMESTER 2\Machine Learning\Sentiment-Analysis_ML\data\raw\MVSA_Single\data\2639.jpg
MVSA_Single/data/1819.jpg,negative,0,0,C:\Users\user\OneDrive\Desktop\KUHNE LOGISTIC UNIVERSITY\SEMESTER 2\Machine Learning\Sentiment-Analysis_ML\data\raw\MVSA_Single\data\1819.jpg
MVSA_Single/data/4470.jpg,negative,0,0,C:\Users\user\OneDrive\Desktop\KUHNE LOGISTIC UNIVERSITY\SEMESTER 2\Machine Learning\Sentiment-Analysis_ML\data\raw\MVSA_Single\data\4470.jpg
MVSA_Single/data/70.jpg,positive,2,2,C:\Users\user\OneDrive\Desktop\KUHNE LOGISTIC UNIVERSITY\SEMESTER 2\Machine Learning\Sentiment-Analysis_ML\data\raw\MVSA_Single\data\70.jpg
MVSA_Single/data/2892.jpg,positive,2,2,C:\Users\user\OneDrive\Desktop\KUHNE LOGISTIC UNIVERSITY\SEMESTER 2\Machine Learning\Sentiment-Analysis_ML\data\raw\MVSA_Single\data\2892.jpg
MVSA_Single/data/4190.jpg,negative,0,0,C:\Users\user\OneDrive\Desktop\KUHNE LOGISTIC UNIVERSITY\SEMESTER 2\Machine Learning\Sentiment-Analysis_ML\data\raw\MVSA_Single\data\4190.jpg
MVSA_Single/data/486.jpg,negative,0,0,C:\Users\user\OneDrive\Desktop\KUHNE LOGISTIC UNIVERSITY\SEMESTER 2\Machine Learning\Sentiment-Analysis_ML\data\raw\MVSA_Single\data\486.jpg
MVSA_Single/data/417.jpg,neutral,1,1,C:\Users\user\OneDrive\Desktop\KUHNE LOGISTIC UNIVERSITY\SEMESTER 2\Machine Learning\Sentiment-Analysis_ML\data\raw\MVSA_Single\data\417.jpg
MVSA_Single/data/2760.jpg,positive,2,2,C:\Users\user\OneDrive\Desktop\KUHNE LOGISTIC UNIVERSITY\SEMESTER 2\Machine Learning\Sentiment-Analysis_ML\data\raw\MVSA_Single\data\2760.jpg
MVSA_Single/data/4604.jpg,positive,2,2,C:\Users\user\OneDrive\Desktop\KUHNE LOGISTIC UNIVERSITY\SEMESTER 2\Machine Learning\Sentiment-Analysis_ML\data\raw\MVSA_Single\data\4604.jpg
MVSA_Single/data/3225.jpg,neutral,1,1,C:\Users\user\OneDrive\Desktop\KUHNE LOGISTIC UNIVERSITY\SEMESTER 2\Machine Learning\Sentiment-Analysis_ML\data\raw\MVSA_Single\data\3225.jpg
MVSA_Single/data/3066.jpg,positive,2,2,C:\Users\user\OneDrive\Desktop\KUHNE LOGISTIC UNIVERSITY\SEMESTER 2\Machine Learning\Sentiment-Analysis_ML\data\raw\MVSA_Single\data\3066.jpg
MVSA_Single/data/1909.jpg,neutral,1,1,C:\Users\user\OneDrive\Desktop\KUHNE LOGISTIC UNIVERSITY\SEMESTER 2\Machine Learning\Sentiment-Analysis_ML\data\raw\MVSA_Single\data\1909.jpg
MVSA_Single/data/3976.jpg,positive,2,2,C:\Users\user\OneDrive\Desktop\KUHNE LOGISTIC UNIVERSITY\SEMESTER 2\Machine Learning\Sentiment-Analysis_ML\data\raw\MVSA_Single\data\3976.jpg
MVSA_Single/data/2442.jpg,positive,2,2,C:\Users\user\OneDrive\Desktop\KUHNE LOGISTIC UNIVERSITY\SEMESTER 2\Machine Learning\Sentiment-Analysis_ML\data\raw\MVSA_Single\data\2442.jpg
MVSA_Single/data/366.jpg,positive,2,2,C:\Users\user\OneDrive\Desktop\KUHNE LOGISTIC UNIVERSITY\SEMESTER 2\Machine Learning\Sentiment-Analysis_ML\data\raw\MVSA_Single\data\366.jpg
MVSA_Single/data/646.jpg,positive,2,2,C:\Users\user\OneDrive\Desktop\KUHNE LOGISTIC UNIVERSITY\SEMESTER 2\Machine Learning\Sentiment-Analysis_ML\data\raw\MVSA_Single\data\646.jpg
MVSA_Single/data/2617.jpg,negative,0,0,C:\Users\user\OneDrive\Desktop\KUHNE LOGISTIC UNIVERSITY\SEMESTER 2\Machine Learning\Sentiment-Analysis_ML\data\raw\MVSA_Single\data\2617.jpg
MVSA_Single/data/2077.jpg,neutral,1,1,C:\Users\user\OneDrive\Desktop\KUHNE LOGISTIC UNIVERSITY\SEMESTER 2\Machine Learning\Sentiment-Analysis_ML\data\raw\MVSA_Single\data\2077.jpg
MVSA_Single/data/3034.jpg,positive,2,2,C:\Users\user\OneDrive\Desktop\KUHNE LOGISTIC UNIVERSITY\SEMESTER 2\Machine Learning\Sentiment-Analysis_ML\data\raw\MVSA_Single\data\3034.jpg
MVSA_Single/data/796.jpg,positive,2,2,C:\Users\user\OneDrive\Desktop\KUHNE LOGISTIC UNIVERSITY\SEMESTER 2\Machine Learning\Sentiment-Analysis_ML\data\raw\MVSA_Single\data\796.jpg
MVSA_Single/data/2128.jpg,negative,0,0,C:\Users\user\OneDrive\Desktop\KUHNE LOGISTIC UNIVERSITY\SEMESTER 2\Machine Learning\Sentiment-Analysis_ML\data\raw\MVSA_Single\data\2128.jpg
MVSA_Single/data/2429.jpg,negative,0,0,C:\Users\user\OneDrive\Desktop\KUHNE LOGISTIC UNIVERSITY\SEMESTER 2\Machine Learning\Sentiment-Analysis_ML\data\raw\MVSA_Single\data\2429.jpg
MVSA_Single/data/3240.jpg,positive,2,2,C:\Users\user\OneDrive\Desktop\KUHNE LOGISTIC UNIVERSITY\SEMESTER 2\Machine Learning\Sentiment-Analysis_ML\data\raw\MVSA_Single\data\3240.jpg
MVSA_Single/data/3558.jpg,positive,2,2,C:\Users\user\OneDrive\Desktop\KUHNE LOGISTIC UNIVERSITY\SEMESTER 2\Machine Learning\Sentiment-Analysis_ML\data\raw\MVSA_Single\data\3558.jpg
MVSA_Single/data/367.jpg,negative,0,0,C:\Users\user\OneDrive\Desktop\KUHNE LOGISTIC UNIVERSITY\SEMESTER 2\Machine Learning\Sentiment-Analysis_ML\data\raw\MVSA_Single\data\367.jpg
MVSA_Single/data/388.jpg,positive,2,2,C:\Users\user\OneDrive\Desktop\KUHNE LOGISTIC UNIVERSITY\SEMESTER 2\Machine Learning\Sentiment-Analysis_ML\data\raw\MVSA_Single\data\388.jpg
MVSA_Single/data/3724.jpg,positive,2,2,C:\Users\user\OneDrive\Desktop\KUHNE LOGISTIC UNIVERSITY\SEMESTER 2\Machine Learning\Sentiment-Analysis_ML\data\raw\MVSA_Single\data\3724.jpg
MVSA_Single/data/4781.jpg,negative,0,0,C:\Users\user\OneDrive\Desktop\KUHNE LOGISTIC UNIVERSITY\SEMESTER 2\Machine Learning\Sentiment-Analysis_ML\data\raw\MVSA_Single\data\4781.jpg
MVSA_Single/data/2945.jpg,negative,0,0,C:\Users\user\OneDrive\Desktop\KUHNE LOGISTIC UNIVERSITY\SEMESTER 2\Machine Learning\Sentiment-Analysis_ML\data\raw\MVSA_Single\data\2945.jpg
MVSA_Single/data/1268.jpg,negative,0,0,C:\Users\user\OneDrive\Desktop\KUHNE LOGISTIC UNIVERSITY\SEMESTER 2\Machine Learning\Sentiment-Analysis_ML\data\raw\MVSA_Single\data\1268.jpg
MVSA_Single/data/4994.jpg,negative,0,0,C:\Users\user\OneDrive\Desktop\KUHNE LOGISTIC UNIVERSITY\SEMESTER 2\Machine Learning\Sentiment-Analysis_ML\data\raw\MVSA_Single\data\4994.jpg
MVSA_Single/data/1226.jpg,positive,2,2,C:\Users\user\OneDrive\Desktop\KUHNE LOGISTIC UNIVERSITY\SEMESTER 2\Machine Learning\Sentiment-Analysis_ML\data\raw\MVSA_Single\data\1226.jpg
MVSA_Single/data/1392.jpg,positive,2,2,C:\Users\user\OneDrive\Desktop\KUHNE LOGISTIC UNIVERSITY\SEMESTER 2\Machine Learning\Sentiment-Analysis_ML\data\raw\MVSA_Single\data\1392.jpg
MVSA_Single/data/934.jpg,negative,0,0,C:\Users\user\OneDrive\Desktop\KUHNE LOGISTIC UNIVERSITY\SEMESTER 2\Machine Learning\Sentiment-Analysis_ML\data\raw\MVSA_Single\data\934.jpg
MVSA_Single/data/5122.jpg,neutral,1,1,C:\Users\user\OneDrive\Desktop\KUHNE LOGISTIC UNIVERSITY\SEMESTER 2\Machine Learning\Sentiment-Analysis_ML\data\raw\MVSA_Single\data\5122.jpg
MVSA_Single/data/2504.jpg,positive,2,2,C:\Users\user\OneDrive\Desktop\KUHNE LOGISTIC UNIVERSITY\SEMESTER 2\Machine Learning\Sentiment-Analysis_ML\data\raw\MVSA_Single\data\2504.jpg
MVSA_Single/data/4293.jpg,neutral,1,1,C:\Users\user\OneDrive\Desktop\KUHNE LOGISTIC UNIVERSITY\SEMESTER 2\Machine Learning\Sentiment-Analysis_ML\data\raw\MVSA_Single\data\4293.jpg
MVSA_Single/data/190.jpg,neutral,1,1,C:\Users\user\OneDrive\Desktop\KUHNE LOGISTIC UNIVERSITY\SEMESTER 2\Machine Learning\Sentiment-Analysis_ML\data\raw\MVSA_Single\data\190.jpg
MVSA_Single/data/4078.jpg,positive,2,2,C:\Users\user\OneDrive\Desktop\KUHNE LOGISTIC UNIVERSITY\SEMESTER 2\Machine Learning\Sentiment-Analysis_ML\data\raw\MVSA_Single\data\4078.jpg
MVSA_Single/data/3626.jpg,positive,2,2,C:\Users\user\OneDrive\Desktop\KUHNE LOGISTIC UNIVERSITY\SEMESTER 2\Machine Learning\Sentiment-Analysis_ML\data\raw\MVSA_Single\data\3626.jpg
MVSA_Single/data/4380.jpg,negative,0,0,C:\Users\user\OneDrive\Desktop\KUHNE LOGISTIC UNIVERSITY\SEMESTER 2\Machine Learning\Sentiment-Analysis_ML\data\raw\MVSA_Single\data\4380.jpg
MVSA_Single/data/382.jpg,negative,0,0,C:\Users\user\OneDrive\Desktop\KUHNE LOGISTIC UNIVERSITY\SEMESTER 2\Machine Learning\Sentiment-Analysis_ML\data\raw\MVSA_Single\data\382.jpg
MVSA_Single/data/2750.jpg,positive,2,2,C:\Users\user\OneDrive\Desktop\KUHNE LOGISTIC UNIVERSITY\SEMESTER 2\Machine Learning\Sentiment-Analysis_ML\data\raw\MVSA_Single\data\2750.jpg
MVSA_Single/data/692.jpg,positive,2,2,C:\Users\user\OneDrive\Desktop\KUHNE LOGISTIC UNIVERSITY\SEMESTER 2\Machine Learning\Sentiment-Analysis_ML\data\raw\MVSA_Single\data\692.jpg
MVSA_Single/data/242.jpg,positive,2,2,C:\Users\user\OneDrive\Desktop\KUHNE LOGISTIC UNIVERSITY\SEMESTER 2\Machine Learning\Sentiment-Analysis_ML\data\raw\MVSA_Single\data\242.jpg
MVSA_Single/data/2167.jpg,neutral,1,1,C:\Users\user\OneDrive\Desktop\KUHNE LOGISTIC UNIVERSITY\SEMESTER 2\Machine Learning\Sentiment-Analysis_ML\data\raw\MVSA_Single\data\2167.jpg
MVSA_Single/data/72.jpg,negative,0,0,C:\Users\user\OneDrive\Desktop\KUHNE LOGISTIC UNIVERSITY\SEMESTER 2\Machine Learning\Sentiment-Analysis_ML\data\raw\MVSA_Single\data\72.jpg
MVSA_Single/data/1232.jpg,positive,2,2,C:\Users\user\OneDrive\Desktop\KUHNE LOGISTIC UNIVERSITY\SEMESTER 2\Machine Learning\Sentiment-Analysis_ML\data\raw\MVSA_Single\data\1232.jpg
MVSA_Single/data/547.jpg,positive,2,2,C:\Users\user\OneDrive\Desktop\KUHNE LOGISTIC UNIVERSITY\SEMESTER 2\Machine Learning\Sentiment-Analysis_ML\data\raw\MVSA_Single\data\547.jpg
MVSA_Single/data/411.jpg,positive,2,2,C:\Users\user\OneDrive\Desktop\KUHNE LOGISTIC UNIVERSITY\SEMESTER 2\Machine Learning\Sentiment-Analysis_ML\data\raw\MVSA_Single\data\411.jpg
MVSA_Single/data/79.jpg,positive,2,2,C:\Users\user\OneDrive\Desktop\KUHNE LOGISTIC UNIVERSITY\SEMESTER 2\Machine Learning\Sentiment-Analysis_ML\data\raw\MVSA_Single\data\79.jpg
MVSA_Single/data/862.jpg,positive,2,2,C:\Users\user\OneDrive\Desktop\KUHNE LOGISTIC UNIVERSITY\SEMESTER 2\Machine Learning\Sentiment-Analysis_ML\data\raw\MVSA_Single\data\862.jpg
MVSA_Single/data/3476.jpg,positive,2,2,C:\Users\user\OneDrive\Desktop\KUHNE LOGISTIC UNIVERSITY\SEMESTER 2\Machine Learning\Sentiment-Analysis_ML\data\raw\MVSA_Single\data\3476.jpg
MVSA_Single/data/4823.jpg,negative,0,0,C:\Users\user\OneDrive\Desktop\KUHNE LOGISTIC UNIVERSITY\SEMESTER 2\Machine Learning\Sentiment-Analysis_ML\data\raw\MVSA_Single\data\4823.jpg
MVSA_Single/data/4856.jpg,neutral,1,1,C:\Users\user\OneDrive\Desktop\KUHNE LOGISTIC UNIVERSITY\SEMESTER 2\Machine Learning\Sentiment-Analysis_ML\data\raw\MVSA_Single\data\4856.jpg
MVSA_Single/data/2704.jpg,negative,0,0,C:\Users\user\OneDrive\Desktop\KUHNE LOGISTIC UNIVERSITY\SEMESTER 2\Machine Learning\Sentiment-Analysis_ML\data\raw\MVSA_Single\data\2704.jpg
MVSA_Single/data/2004.jpg,neutral,1,1,C:\Users\user\OneDrive\Desktop\KUHNE LOGISTIC UNIVERSITY\SEMESTER 2\Machine Learning\Sentiment-Analysis_ML\data\raw\MVSA_Single\data\2004.jpg
MVSA_Single/data/4501.jpg,positive,2,2,C:\Users\user\OneDrive\Desktop\KUHNE LOGISTIC UNIVERSITY\SEMESTER 2\Machine Learning\Sentiment-Analysis_ML\data\raw\MVSA_Single\data\4501.jpg
MVSA_Single/data/335.jpg,neutral,1,1,C:\Users\user\OneDrive\Desktop\KUHNE LOGISTIC UNIVERSITY\SEMESTER 2\Machine Learning\Sentiment-Analysis_ML\data\raw\MVSA_Single\data\335.jpg
MVSA_Single/data/2569.jpg,positive,2,2,C:\Users\user\OneDrive\Desktop\KUHNE LOGISTIC UNIVERSITY\SEMESTER 2\Machine Learning\Sentiment-Analysis_ML\data\raw\MVSA_Single\data\2569.jpg
MVSA_Single/data/984.jpg,neutral,1,1,C:\Users\user\OneDrive\Desktop\KUHNE LOGISTIC UNIVERSITY\SEMESTER 2\Machine Learning\Sentiment-Analysis_ML\data\raw\MVSA_Single\data\984.jpg
MVSA_Single/data/2764.jpg,neutral,1,1,C:\Users\user\OneDrive\Desktop\KUHNE LOGISTIC UNIVERSITY\SEMESTER 2\Machine Learning\Sentiment-Analysis_ML\data\raw\MVSA_Single\data\2764.jpg
MVSA_Single/data/4179.jpg,positive,2,2,C:\Users\user\OneDrive\Desktop\KUHNE LOGISTIC UNIVERSITY\SEMESTER 2\Machine Learning\Sentiment-Analysis_ML\data\raw\MVSA_Single\data\4179.jpg
MVSA_Single/data/5072.jpg,negative,0,0,C:\Users\user\OneDrive\Desktop\KUHNE LOGISTIC UNIVERSITY\SEMESTER 2\Machine Learning\Sentiment-Analysis_ML\data\raw\MVSA_Single\data\5072.jpg
MVSA_Single/data/4523.jpg,neutral,1,1,C:\Users\user\OneDrive\Desktop\KUHNE LOGISTIC UNIVERSITY\SEMESTER 2\Machine Learning\Sentiment-Analysis_ML\data\raw\MVSA_Single\data\4523.jpg
MVSA_Single/data/3780.jpg,positive,2,2,C:\Users\user\OneDrive\Desktop\KUHNE LOGISTIC UNIVERSITY\SEMESTER 2\Machine Learning\Sentiment-Analysis_ML\data\raw\MVSA_Single\data\3780.jpg
MVSA_Single/data/2046.jpg,positive,2,2,C:\Users\user\OneDrive\Desktop\KUHNE LOGISTIC UNIVERSITY\SEMESTER 2\Machine Learning\Sentiment-Analysis_ML\data\raw\MVSA_Single\data\2046.jpg
MVSA_Single/data/3884.jpg,negative,0,0,C:\Users\user\OneDrive\Desktop\KUHNE LOGISTIC UNIVERSITY\SEMESTER 2\Machine Learning\Sentiment-Analysis_ML\data\raw\MVSA_Single\data\3884.jpg
MVSA_Single/data/492.jpg,positive,2,2,C:\Users\user\OneDrive\Desktop\KUHNE LOGISTIC UNIVERSITY\SEMESTER 2\Machine Learning\Sentiment-Analysis_ML\data\raw\MVSA_Single\data\492.jpg
MVSA_Single/data/5008.jpg,positive,2,2,C:\Users\user\OneDrive\Desktop\KUHNE LOGISTIC UNIVERSITY\SEMESTER 2\Machine Learning\Sentiment-Analysis_ML\data\raw\MVSA_Single\data\5008.jpg
MVSA_Single/data/154.jpg,positive,2,2,C:\Users\user\OneDrive\Desktop\KUHNE LOGISTIC UNIVERSITY\SEMESTER 2\Machine Learning\Sentiment-Analysis_ML\data\raw\MVSA_Single\data\154.jpg
MVSA_Single/data/1628.jpg,positive,2,2,C:\Users\user\OneDrive\Desktop\KUHNE LOGISTIC UNIVERSITY\SEMESTER 2\Machine Learning\Sentiment-Analysis_ML\data\raw\MVSA_Single\data\1628.jpg
MVSA_Single/data/4069.jpg,positive,2,2,C:\Users\user\OneDrive\Desktop\KUHNE LOGISTIC UNIVERSITY\SEMESTER 2\Machine Learning\Sentiment-Analysis_ML\data\raw\MVSA_Single\data\4069.jpg
MVSA_Single/data/2590.jpg,positive,2,2,C:\Users\user\OneDrive\Desktop\KUHNE LOGISTIC UNIVERSITY\SEMESTER 2\Machine Learning\Sentiment-Analysis_ML\data\raw\MVSA_Single\data\2590.jpg
MVSA_Single/data/3855.jpg,neutral,1,1,C:\Users\user\OneDrive\Desktop\KUHNE LOGISTIC UNIVERSITY\SEMESTER 2\Machine Learning\Sentiment-Analysis_ML\data\raw\MVSA_Single\data\3855.jpg
MVSA_Single/data/4466.jpg,neutral,1,1,C:\Users\user\OneDrive\Desktop\KUHNE LOGISTIC UNIVERSITY\SEMESTER 2\Machine Learning\Sentiment-Analysis_ML\data\raw\MVSA_Single\data\4466.jpg
MVSA_Single/data/818.jpg,negative,0,0,C:\Users\user\OneDrive\Desktop\KUHNE LOGISTIC UNIVERSITY\SEMESTER 2\Machine Learning\Sentiment-Analysis_ML\data\raw\MVSA_Single\data\818.jpg
MVSA_Single/data/1672.jpg,positive,2,2,C:\Users\user\OneDrive\Desktop\KUHNE LOGISTIC UNIVERSITY\SEMESTER 2\Machine Learning\Sentiment-Analysis_ML\data\raw\MVSA_Single\data\1672.jpg
MVSA_Single/data/5125.jpg,positive,2,2,C:\Users\user\OneDrive\Desktop\KUHNE LOGISTIC UNIVERSITY\SEMESTER 2\Machine Learning\Sentiment-Analysis_ML\data\raw\MVSA_Single\data\5125.jpg
MVSA_Single/data/5089.jpg,negative,0,0,C:\Users\user\OneDrive\Desktop\KUHNE LOGISTIC UNIVERSITY\SEMESTER 2\Machine Learning\Sentiment-Analysis_ML\data\raw\MVSA_Single\data\5089.jpg
MVSA_Single/data/1551.jpg,neutral,1,1,C:\Users\user\OneDrive\Desktop\KUHNE LOGISTIC UNIVERSITY\SEMESTER 2\Machine Learning\Sentiment-Analysis_ML\data\raw\MVSA_Single\data\1551.jpg
MVSA_Single/data/4939.jpg,negative,0,0,C:\Users\user\OneDrive\Desktop\KUHNE LOGISTIC UNIVERSITY\SEMESTER 2\Machine Learning\Sentiment-Analysis_ML\data\raw\MVSA_Single\data\4939.jpg
MVSA_Single/data/3850.jpg,negative,0,0,C:\Users\user\OneDrive\Desktop\KUHNE LOGISTIC UNIVERSITY\SEMESTER 2\Machine Learning\Sentiment-Analysis_ML\data\raw\MVSA_Single\data\3850.jpg
MVSA_Single/data/4693.jpg,neutral,1,1,C:\Users\user\OneDrive\Desktop\KUHNE LOGISTIC UNIVERSITY\SEMESTER 2\Machine Learning\Sentiment-Analysis_ML\data\raw\MVSA_Single\data\4693.jpg
MVSA_Single/data/67.jpg,positive,2,2,C:\Users\user\OneDrive\Desktop\KUHNE LOGISTIC UNIVERSITY\SEMESTER 2\Machine Learning\Sentiment-Analysis_ML\data\raw\MVSA_Single\data\67.jpg
MVSA_Single/data/4940.jpg,positive,2,2,C:\Users\user\OneDrive\Desktop\KUHNE LOGISTIC UNIVERSITY\SEMESTER 2\Machine Learning\Sentiment-Analysis_ML\data\raw\MVSA_Single\data\4940.jpg
MVSA_Single/data/163.jpg,positive,2,2,C:\Users\user\OneDrive\Desktop\KUHNE LOGISTIC UNIVERSITY\SEMESTER 2\Machine Learning\Sentiment-Analysis_ML\data\raw\MVSA_Single\data\163.jpg
MVSA_Single/data/4778.jpg,positive,2,2,C:\Users\user\OneDrive\Desktop\KUHNE LOGISTIC UNIVERSITY\SEMESTER 2\Machine Learning\Sentiment-Analysis_ML\data\raw\MVSA_Single\data\4778.jpg
MVSA_Single/data/2465.jpg,positive,2,2,C:\Users\user\OneDrive\Desktop\KUHNE LOGISTIC UNIVERSITY\SEMESTER 2\Machine Learning\Sentiment-Analysis_ML\data\raw\MVSA_Single\data\2465.jpg
MVSA_Single/data/1091.jpg,positive,2,2,C:\Users\user\OneDrive\Desktop\KUHNE LOGISTIC UNIVERSITY\SEMESTER 2\Machine Learning\Sentiment-Analysis_ML\data\raw\MVSA_Single\data\1091.jpg
MVSA_Single/data/3528.jpg,positive,2,2,C:\Users\user\OneDrive\Desktop\KUHNE LOGISTIC UNIVERSITY\SEMESTER 2\Machine Learning\Sentiment-Analysis_ML\data\raw\MVSA_Single\data\3528.jpg
MVSA_Single/data/1729.jpg,positive,2,2,C:\Users\user\OneDrive\Desktop\KUHNE LOGISTIC UNIVERSITY\SEMESTER 2\Machine Learning\Sentiment-Analysis_ML\data\raw\MVSA_Single\data\1729.jpg
MVSA_Single/data/4942.jpg,positive,2,2,C:\Users\user\OneDrive\Desktop\KUHNE LOGISTIC UNIVERSITY\SEMESTER 2\Machine Learning\Sentiment-Analysis_ML\data\raw\MVSA_Single\data\4942.jpg
MVSA_Single/data/4120.jpg,positive,2,2,C:\Users\user\OneDrive\Desktop\KUHNE LOGISTIC UNIVERSITY\SEMESTER 2\Machine Learning\Sentiment-Analysis_ML\data\raw\MVSA_Single\data\4120.jpg
MVSA_Single/data/4112.jpg,neutral,1,1,C:\Users\user\OneDrive\Desktop\KUHNE LOGISTIC UNIVERSITY\SEMESTER 2\Machine Learning\Sentiment-Analysis_ML\data\raw\MVSA_Single\data\4112.jpg
MVSA_Single/data/4962.jpg,positive,2,2,C:\Users\user\OneDrive\Desktop\KUHNE LOGISTIC UNIVERSITY\SEMESTER 2\Machine Learning\Sentiment-Analysis_ML\data\raw\MVSA_Single\data\4962.jpg
MVSA_Single/data/4317.jpg,neutral,1,1,C:\Users\user\OneDrive\Desktop\KUHNE LOGISTIC UNIVERSITY\SEMESTER 2\Machine Learning\Sentiment-Analysis_ML\data\raw\MVSA_Single\data\4317.jpg
MVSA_Single/data/3046.jpg,neutral,1,1,C:\Users\user\OneDrive\Desktop\KUHNE LOGISTIC UNIVERSITY\SEMESTER 2\Machine Learning\Sentiment-Analysis_ML\data\raw\MVSA_Single\data\3046.jpg
MVSA_Single/data/3413.jpg,negative,0,0,C:\Users\user\OneDrive\Desktop\KUHNE LOGISTIC UNIVERSITY\SEMESTER 2\Machine Learning\Sentiment-Analysis_ML\data\raw\MVSA_Single\data\3413.jpg
MVSA_Single/data/3339.jpg,neutral,1,1,C:\Users\user\OneDrive\Desktop\KUHNE LOGISTIC UNIVERSITY\SEMESTER 2\Machine Learning\Sentiment-Analysis_ML\data\raw\MVSA_Single\data\3339.jpg
MVSA_Single/data/4361.jpg,positive,2,2,C:\Users\user\OneDrive\Desktop\KUHNE LOGISTIC UNIVERSITY\SEMESTER 2\Machine Learning\Sentiment-Analysis_ML\data\raw\MVSA_Single\data\4361.jpg
MVSA_Single/data/2588.jpg,positive,2,2,C:\Users\user\OneDrive\Desktop\KUHNE LOGISTIC UNIVERSITY\SEMESTER 2\Machine Learning\Sentiment-Analysis_ML\data\raw\MVSA_Single\data\2588.jpg
MVSA_Single/data/2856.jpg,positive,2,2,C:\Users\user\OneDrive\Desktop\KUHNE LOGISTIC UNIVERSITY\SEMESTER 2\Machine Learning\Sentiment-Analysis_ML\data\raw\MVSA_Single\data\2856.jpg
MVSA_Single/data/4281.jpg,positive,2,2,C:\Users\user\OneDrive\Desktop\KUHNE LOGISTIC UNIVERSITY\SEMESTER 2\Machine Learning\Sentiment-Analysis_ML\data\raw\MVSA_Single\data\4281.jpg
MVSA_Single/data/4123.jpg,positive,2,2,C:\Users\user\OneDrive\Desktop\KUHNE LOGISTIC UNIVERSITY\SEMESTER 2\Machine Learning\Sentiment-Analysis_ML\data\raw\MVSA_Single\data\4123.jpg
MVSA_Single/data/84.jpg,neutral,1,1,C:\Users\user\OneDrive\Desktop\KUHNE LOGISTIC UNIVERSITY\SEMESTER 2\Machine Learning\Sentiment-Analysis_ML\data\raw\MVSA_Single\data\84.jpg
MVSA_Single/data/4830.jpg,negative,0,0,C:\Users\user\OneDrive\Desktop\KUHNE LOGISTIC UNIVERSITY\SEMESTER 2\Machine Learning\Sentiment-Analysis_ML\data\raw\MVSA_Single\data\4830.jpg
MVSA_Single/data/4812.jpg,neutral,1,1,C:\Users\user\OneDrive\Desktop\KUHNE LOGISTIC UNIVERSITY\SEMESTER 2\Machine Learning\Sentiment-Analysis_ML\data\raw\MVSA_Single\data\4812.jpg
MVSA_Single/data/665.jpg,positive,2,2,C:\Users\user\OneDrive\Desktop\KUHNE LOGISTIC UNIVERSITY\SEMESTER 2\Machine Learning\Sentiment-Analysis_ML\data\raw\MVSA_Single\data\665.jpg
MVSA_Single/data/2752.jpg,positive,2,2,C:\Users\user\OneDrive\Desktop\KUHNE LOGISTIC UNIVERSITY\SEMESTER 2\Machine Learning\Sentiment-Analysis_ML\data\raw\MVSA_Single\data\2752.jpg
MVSA_Single/data/4851.jpg,negative,0,0,C:\Users\user\OneDrive\Desktop\KUHNE LOGISTIC UNIVERSITY\SEMESTER 2\Machine Learning\Sentiment-Analysis_ML\data\raw\MVSA_Single\data\4851.jpg
MVSA_Single/data/5098.jpg,positive,2,2,C:\Users\user\OneDrive\Desktop\KUHNE LOGISTIC UNIVERSITY\SEMESTER 2\Machine Learning\Sentiment-Analysis_ML\data\raw\MVSA_Single\data\5098.jpg
MVSA_Single/data/3200.jpg,positive,2,2,C:\Users\user\OneDrive\Desktop\KUHNE LOGISTIC UNIVERSITY\SEMESTER 2\Machine Learning\Sentiment-Analysis_ML\data\raw\MVSA_Single\data\3200.jpg
MVSA_Single/data/1770.jpg,negative,0,0,C:\Users\user\OneDrive\Desktop\KUHNE LOGISTIC UNIVERSITY\SEMESTER 2\Machine Learning\Sentiment-Analysis_ML\data\raw\MVSA_Single\data\1770.jpg
MVSA_Single/data/57.jpg,neutral,1,1,C:\Users\user\OneDrive\Desktop\KUHNE LOGISTIC UNIVERSITY\SEMESTER 2\Machine Learning\Sentiment-Analysis_ML\data\raw\MVSA_Single\data\57.jpg
MVSA_Single/data/3736.jpg,neutral,1,1,C:\Users\user\OneDrive\Desktop\KUHNE LOGISTIC UNIVERSITY\SEMESTER 2\Machine Learning\Sentiment-Analysis_ML\data\raw\MVSA_Single\data\3736.jpg
MVSA_Single/data/310.jpg,neutral,1,1,C:\Users\user\OneDrive\Desktop\KUHNE LOGISTIC UNIVERSITY\SEMESTER 2\Machine Learning\Sentiment-Analysis_ML\data\raw\MVSA_Single\data\310.jpg
MVSA_Single/data/4193.jpg,positive,2,2,C:\Users\user\OneDrive\Desktop\KUHNE LOGISTIC UNIVERSITY\SEMESTER 2\Machine Learning\Sentiment-Analysis_ML\data\raw\MVSA_Single\data\4193.jpg
MVSA_Single/data/4966.jpg,negative,0,0,C:\Users\user\OneDrive\Desktop\KUHNE LOGISTIC UNIVERSITY\SEMESTER 2\Machine Learning\Sentiment-Analysis_ML\data\raw\MVSA_Single\data\4966.jpg
MVSA_Single/data/1244.jpg,positive,2,2,C:\Users\user\OneDrive\Desktop\KUHNE LOGISTIC UNIVERSITY\SEMESTER 2\Machine Learning\Sentiment-Analysis_ML\data\raw\MVSA_Single\data\1244.jpg
MVSA_Single/data/3585.jpg,neutral,1,1,C:\Users\user\OneDrive\Desktop\KUHNE LOGISTIC UNIVERSITY\SEMESTER 2\Machine Learning\Sentiment-Analysis_ML\data\raw\MVSA_Single\data\3585.jpg
MVSA_Single/data/4465.jpg,negative,0,0,C:\Users\user\OneDrive\Desktop\KUHNE LOGISTIC UNIVERSITY\SEMESTER 2\Machine Learning\Sentiment-Analysis_ML\data\raw\MVSA_Single\data\4465.jpg
MVSA_Single/data/475.jpg,positive,2,2,C:\Users\user\OneDrive\Desktop\KUHNE LOGISTIC UNIVERSITY\SEMESTER 2\Machine Learning\Sentiment-Analysis_ML\data\raw\MVSA_Single\data\475.jpg
MVSA_Single/data/1655.jpg,negative,0,0,C:\Users\user\OneDrive\Desktop\KUHNE LOGISTIC UNIVERSITY\SEMESTER 2\Machine Learning\Sentiment-Analysis_ML\data\raw\MVSA_Single\data\1655.jpg
MVSA_Single/data/421.jpg,positive,2,2,C:\Users\user\OneDrive\Desktop\KUHNE LOGISTIC UNIVERSITY\SEMESTER 2\Machine Learning\Sentiment-Analysis_ML\data\raw\MVSA_Single\data\421.jpg
MVSA_Single/data/2357.jpg,positive,2,2,C:\Users\user\OneDrive\Desktop\KUHNE LOGISTIC UNIVERSITY\SEMESTER 2\Machine Learning\Sentiment-Analysis_ML\data\raw\MVSA_Single\data\2357.jpg
MVSA_Single/data/4542.jpg,negative,0,0,C:\Users\user\OneDrive\Desktop\KUHNE LOGISTIC UNIVERSITY\SEMESTER 2\Machine Learning\Sentiment-Analysis_ML\data\raw\MVSA_Single\data\4542.jpg
MVSA_Single/data/2166.jpg,positive,2,2,C:\Users\user\OneDrive\Desktop\KUHNE LOGISTIC UNIVERSITY\SEMESTER 2\Machine Learning\Sentiment-Analysis_ML\data\raw\MVSA_Single\data\2166.jpg
MVSA_Single/data/3007.jpg,negative,0,0,C:\Users\user\OneDrive\Desktop\KUHNE LOGISTIC UNIVERSITY\SEMESTER 2\Machine Learning\Sentiment-Analysis_ML\data\raw\MVSA_Single\data\3007.jpg
MVSA_Single/data/1204.jpg,neutral,1,1,C:\Users\user\OneDrive\Desktop\KUHNE LOGISTIC UNIVERSITY\SEMESTER 2\Machine Learning\Sentiment-Analysis_ML\data\raw\MVSA_Single\data\1204.jpg
MVSA_Single/data/333.jpg,negative,0,0,C:\Users\user\OneDrive\Desktop\KUHNE LOGISTIC UNIVERSITY\SEMESTER 2\Machine Learning\Sentiment-Analysis_ML\data\raw\MVSA_Single\data\333.jpg
MVSA_Single/data/273.jpg,negative,0,0,C:\Users\user\OneDrive\Desktop\KUHNE LOGISTIC UNIVERSITY\SEMESTER 2\Machine Learning\Sentiment-Analysis_ML\data\raw\MVSA_Single\data\273.jpg
MVSA_Single/data/3140.jpg,negative,0,0,C:\Users\user\OneDrive\Desktop\KUHNE LOGISTIC UNIVERSITY\SEMESTER 2\Machine Learning\Sentiment-Analysis_ML\data\raw\MVSA_Single\data\3140.jpg
MVSA_Single/data/2437.jpg,positive,2,2,C:\Users\user\OneDrive\Desktop\KUHNE LOGISTIC UNIVERSITY\SEMESTER 2\Machine Learning\Sentiment-Analysis_ML\data\raw\MVSA_Single\data\2437.jpg
MVSA_Single/data/75.jpg,negative,0,0,C:\Users\user\OneDrive\Desktop\KUHNE LOGISTIC UNIVERSITY\SEMESTER 2\Machine Learning\Sentiment-Analysis_ML\data\raw\MVSA_Single\data\75.jpg
MVSA_Single/data/125.jpg,positive,2,2,C:\Users\user\OneDrive\Desktop\KUHNE LOGISTIC UNIVERSITY\SEMESTER 2\Machine Learning\Sentiment-Analysis_ML\data\raw\MVSA_Single\data\125.jpg
MVSA_Single/data/4014.jpg,positive,2,2,C:\Users\user\OneDrive\Desktop\KUHNE LOGISTIC UNIVERSITY\SEMESTER 2\Machine Learning\Sentiment-Analysis_ML\data\raw\MVSA_Single\data\4014.jpg
MVSA_Single/data/4034.jpg,negative,0,0,C:\Users\user\OneDrive\Desktop\KUHNE LOGISTIC UNIVERSITY\SEMESTER 2\Machine Learning\Sentiment-Analysis_ML\data\raw\MVSA_Single\data\4034.jpg
MVSA_Single/data/2656.jpg,positive,2,2,C:\Users\user\OneDrive\Desktop\KUHNE LOGISTIC UNIVERSITY\SEMESTER 2\Machine Learning\Sentiment-Analysis_ML\data\raw\MVSA_Single\data\2656.jpg
MVSA_Single/data/3134.jpg,neutral,1,1,C:\Users\user\OneDrive\Desktop\KUHNE LOGISTIC UNIVERSITY\SEMESTER 2\Machine Learning\Sentiment-Analysis_ML\data\raw\MVSA_Single\data\3134.jpg
MVSA_Single/data/1647.jpg,positive,2,2,C:\Users\user\OneDrive\Desktop\KUHNE LOGISTIC UNIVERSITY\SEMESTER 2\Machine Learning\Sentiment-Analysis_ML\data\raw\MVSA_Single\data\1647.jpg
MVSA_Single/data/3303.jpg,positive,2,2,C:\Users\user\OneDrive\Desktop\KUHNE LOGISTIC UNIVERSITY\SEMESTER 2\Machine Learning\Sentiment-Analysis_ML\data\raw\MVSA_Single\data\3303.jpg
MVSA_Single/data/393.jpg,positive,2,2,C:\Users\user\OneDrive\Desktop\KUHNE LOGISTIC UNIVERSITY\SEMESTER 2\Machine Learning\Sentiment-Analysis_ML\data\raw\MVSA_Single\data\393.jpg
MVSA_Single/data/3344.jpg,neutral,1,1,C:\Users\user\OneDrive\Desktop\KUHNE LOGISTIC UNIVERSITY\SEMESTER 2\Machine Learning\Sentiment-Analysis_ML\data\raw\MVSA_Single\data\3344.jpg
MVSA_Single/data/1222.jpg,positive,2,2,C:\Users\user\OneDrive\Desktop\KUHNE LOGISTIC UNIVERSITY\SEMESTER 2\Machine Learning\Sentiment-Analysis_ML\data\raw\MVSA_Single\data\1222.jpg
MVSA_Single/data/3169.jpg,negative,0,0,C:\Users\user\OneDrive\Desktop\KUHNE LOGISTIC UNIVERSITY\SEMESTER 2\Machine Learning\Sentiment-Analysis_ML\data\raw\MVSA_Single\data\3169.jpg
MVSA_Single/data/432.jpg,positive,2,2,C:\Users\user\OneDrive\Desktop\KUHNE LOGISTIC UNIVERSITY\SEMESTER 2\Machine Learning\Sentiment-Analysis_ML\data\raw\MVSA_Single\data\432.jpg
MVSA_Single/data/2500.jpg,neutral,1,1,C:\Users\user\OneDrive\Desktop\KUHNE LOGISTIC UNIVERSITY\SEMESTER 2\Machine Learning\Sentiment-Analysis_ML\data\raw\MVSA_Single\data\2500.jpg
MVSA_Single/data/3454.jpg,neutral,1,1,C:\Users\user\OneDrive\Desktop\KUHNE LOGISTIC UNIVERSITY\SEMESTER 2\Machine Learning\Sentiment-Analysis_ML\data\raw\MVSA_Single\data\3454.jpg
MVSA_Single/data/726.jpg,neutral,1,1,C:\Users\user\OneDrive\Desktop\KUHNE LOGISTIC UNIVERSITY\SEMESTER 2\Machine Learning\Sentiment-Analysis_ML\data\raw\MVSA_Single\data\726.jpg
MVSA_Single/data/4086.jpg,neutral,1,1,C:\Users\user\OneDrive\Desktop\KUHNE LOGISTIC UNIVERSITY\SEMESTER 2\Machine Learning\Sentiment-Analysis_ML\data\raw\MVSA_Single\data\4086.jpg
MVSA_Single/data/1602.jpg,negative,0,0,C:\Users\user\OneDrive\Desktop\KUHNE LOGISTIC UNIVERSITY\SEMESTER 2\Machine Learning\Sentiment-Analysis_ML\data\raw\MVSA_Single\data\1602.jpg
MVSA_Single/data/4749.jpg,positive,2,2,C:\Users\user\OneDrive\Desktop\KUHNE LOGISTIC UNIVERSITY\SEMESTER 2\Machine Learning\Sentiment-Analysis_ML\data\raw\MVSA_Single\data\4749.jpg
MVSA_Single/data/3540.jpg,positive,2,2,C:\Users\user\OneDrive\Desktop\KUHNE LOGISTIC UNIVERSITY\SEMESTER 2\Machine Learning\Sentiment-Analysis_ML\data\raw\MVSA_Single\data\3540.jpg
MVSA_Single/data/1702.jpg,positive,2,2,C:\Users\user\OneDrive\Desktop\KUHNE LOGISTIC UNIVERSITY\SEMESTER 2\Machine Learning\Sentiment-Analysis_ML\data\raw\MVSA_Single\data\1702.jpg
MVSA_Single/data/1827.jpg,positive,2,2,C:\Users\user\OneDrive\Desktop\KUHNE LOGISTIC UNIVERSITY\SEMESTER 2\Machine Learning\Sentiment-Analysis_ML\data\raw\MVSA_Single\data\1827.jpg
MVSA_Single/data/4631.jpg,positive,2,2,C:\Users\user\OneDrive\Desktop\KUHNE LOGISTIC UNIVERSITY\SEMESTER 2\Machine Learning\Sentiment-Analysis_ML\data\raw\MVSA_Single\data\4631.jpg
MVSA_Single/data/3649.jpg,positive,2,2,C:\Users\user\OneDrive\Desktop\KUHNE LOGISTIC UNIVERSITY\SEMESTER 2\Machine Learning\Sentiment-Analysis_ML\data\raw\MVSA_Single\data\3649.jpg
MVSA_Single/data/4345.jpg,neutral,1,1,C:\Users\user\OneDrive\Desktop\KUHNE LOGISTIC UNIVERSITY\SEMESTER 2\Machine Learning\Sentiment-Analysis_ML\data\raw\MVSA_Single\data\4345.jpg
MVSA_Single/data/1879.jpg,positive,2,2,C:\Users\user\OneDrive\Desktop\KUHNE LOGISTIC UNIVERSITY\SEMESTER 2\Machine Learning\Sentiment-Analysis_ML\data\raw\MVSA_Single\data\1879.jpg
MVSA_Single/data/3823.jpg,positive,2,2,C:\Users\user\OneDrive\Desktop\KUHNE LOGISTIC UNIVERSITY\SEMESTER 2\Machine Learning\Sentiment-Analysis_ML\data\raw\MVSA_Single\data\3823.jpg
MVSA_Single/data/1292.jpg,positive,2,2,C:\Users\user\OneDrive\Desktop\KUHNE LOGISTIC UNIVERSITY\SEMESTER 2\Machine Learning\Sentiment-Analysis_ML\data\raw\MVSA_Single\data\1292.jpg
MVSA_Single/data/4228.jpg,positive,2,2,C:\Users\user\OneDrive\Desktop\KUHNE LOGISTIC UNIVERSITY\SEMESTER 2\Machine Learning\Sentiment-Analysis_ML\data\raw\MVSA_Single\data\4228.jpg
MVSA_Single/data/444.jpg,positive,2,2,C:\Users\user\OneDrive\Desktop\KUHNE LOGISTIC UNIVERSITY\SEMESTER 2\Machine Learning\Sentiment-Analysis_ML\data\raw\MVSA_Single\data\444.jpg
MVSA_Single/data/4531.jpg,positive,2,2,C:\Users\user\OneDrive\Desktop\KUHNE LOGISTIC UNIVERSITY\SEMESTER 2\Machine Learning\Sentiment-Analysis_ML\data\raw\MVSA_Single\data\4531.jpg
MVSA_Single/data/3095.jpg,negative,0,0,C:\Users\user\OneDrive\Desktop\KUHNE LOGISTIC UNIVERSITY\SEMESTER 2\Machine Learning\Sentiment-Analysis_ML\data\raw\MVSA_Single\data\3095.jpg
MVSA_Single/data/107.jpg,positive,2,2,C:\Users\user\OneDrive\Desktop\KUHNE LOGISTIC UNIVERSITY\SEMESTER 2\Machine Learning\Sentiment-Analysis_ML\data\raw\MVSA_Single\data\107.jpg
MVSA_Single/data/4798.jpg,neutral,1,1,C:\Users\user\OneDrive\Desktop\KUHNE LOGISTIC UNIVERSITY\SEMESTER 2\Machine Learning\Sentiment-Analysis_ML\data\raw\MVSA_Single\data\4798.jpg
MVSA_Single/data/1473.jpg,positive,2,2,C:\Users\user\OneDrive\Desktop\KUHNE LOGISTIC UNIVERSITY\SEMESTER 2\Machine Learning\Sentiment-Analysis_ML\data\raw\MVSA_Single\data\1473.jpg
MVSA_Single/data/1919.jpg,negative,0,0,C:\Users\user\OneDrive\Desktop\KUHNE LOGISTIC UNIVERSITY\SEMESTER 2\Machine Learning\Sentiment-Analysis_ML\data\raw\MVSA_Single\data\1919.jpg
MVSA_Single/data/2493.jpg,positive,2,2,C:\Users\user\OneDrive\Desktop\KUHNE LOGISTIC UNIVERSITY\SEMESTER 2\Machine Learning\Sentiment-Analysis_ML\data\raw\MVSA_Single\data\2493.jpg
MVSA_Single/data/928.jpg,negative,0,0,C:\Users\user\OneDrive\Desktop\KUHNE LOGISTIC UNIVERSITY\SEMESTER 2\Machine Learning\Sentiment-Analysis_ML\data\raw\MVSA_Single\data\928.jpg
MVSA_Single/data/4405.jpg,positive,2,2,C:\Users\user\OneDrive\Desktop\KUHNE LOGISTIC UNIVERSITY\SEMESTER 2\Machine Learning\Sentiment-Analysis_ML\data\raw\MVSA_Single\data\4405.jpg
MVSA_Single/data/2474.jpg,negative,0,0,C:\Users\user\OneDrive\Desktop\KUHNE LOGISTIC UNIVERSITY\SEMESTER 2\Machine Learning\Sentiment-Analysis_ML\data\raw\MVSA_Single\data\2474.jpg
MVSA_Single/data/2952.jpg,positive,2,2,C:\Users\user\OneDrive\Desktop\KUHNE LOGISTIC UNIVERSITY\SEMESTER 2\Machine Learning\Sentiment-Analysis_ML\data\raw\MVSA_Single\data\2952.jpg
MVSA_Single/data/4926.jpg,positive,2,2,C:\Users\user\OneDrive\Desktop\KUHNE LOGISTIC UNIVERSITY\SEMESTER 2\Machine Learning\Sentiment-Analysis_ML\data\raw\MVSA_Single\data\4926.jpg
MVSA_Single/data/4763.jpg,negative,0,0,C:\Users\user\OneDrive\Desktop\KUHNE LOGISTIC UNIVERSITY\SEMESTER 2\Machine Learning\Sentiment-Analysis_ML\data\raw\MVSA_Single\data\4763.jpg
MVSA_Single/data/217.jpg,positive,2,2,C:\Users\user\OneDrive\Desktop\KUHNE LOGISTIC UNIVERSITY\SEMESTER 2\Machine Learning\Sentiment-Analysis_ML\data\raw\MVSA_Single\data\217.jpg
MVSA_Single/data/4821.jpg,positive,2,2,C:\Users\user\OneDrive\Desktop\KUHNE LOGISTIC UNIVERSITY\SEMESTER 2\Machine Learning\Sentiment-Analysis_ML\data\raw\MVSA_Single\data\4821.jpg
MVSA_Single/data/789.jpg,positive,2,2,C:\Users\user\OneDrive\Desktop\KUHNE LOGISTIC UNIVERSITY\SEMESTER 2\Machine Learning\Sentiment-Analysis_ML\data\raw\MVSA_Single\data\789.jpg
MVSA_Single/data/2820.jpg,positive,2,2,C:\Users\user\OneDrive\Desktop\KUHNE LOGISTIC UNIVERSITY\SEMESTER 2\Machine Learning\Sentiment-Analysis_ML\data\raw\MVSA_Single\data\2820.jpg
MVSA_Single/data/2062.jpg,positive,2,2,C:\Users\user\OneDrive\Desktop\KUHNE LOGISTIC UNIVERSITY\SEMESTER 2\Machine Learning\Sentiment-Analysis_ML\data\raw\MVSA_Single\data\2062.jpg
MVSA_Single/data/3583.jpg,negative,0,0,C:\Users\user\OneDrive\Desktop\KUHNE LOGISTIC UNIVERSITY\SEMESTER 2\Machine Learning\Sentiment-Analysis_ML\data\raw\MVSA_Single\data\3583.jpg
MVSA_Single/data/3604.jpg,positive,2,2,C:\Users\user\OneDrive\Desktop\KUHNE LOGISTIC UNIVERSITY\SEMESTER 2\Machine Learning\Sentiment-Analysis_ML\data\raw\MVSA_Single\data\3604.jpg
MVSA_Single/data/4289.jpg,negative,0,0,C:\Users\user\OneDrive\Desktop\KUHNE LOGISTIC UNIVERSITY\SEMESTER 2\Machine Learning\Sentiment-Analysis_ML\data\raw\MVSA_Single\data\4289.jpg
MVSA_Single/data/601.jpg,positive,2,2,C:\Users\user\OneDrive\Desktop\KUHNE LOGISTIC UNIVERSITY\SEMESTER 2\Machine Learning\Sentiment-Analysis_ML\data\raw\MVSA_Single\data\601.jpg
MVSA_Single/data/4896.jpg,negative,0,0,C:\Users\user\OneDrive\Desktop\KUHNE LOGISTIC UNIVERSITY\SEMESTER 2\Machine Learning\Sentiment-Analysis_ML\data\raw\MVSA_Single\data\4896.jpg
MVSA_Single/data/2988.jpg,neutral,1,1,C:\Users\user\OneDrive\Desktop\KUHNE LOGISTIC UNIVERSITY\SEMESTER 2\Machine Learning\Sentiment-Analysis_ML\data\raw\MVSA_Single\data\2988.jpg
MVSA_Single/data/135.jpg,positive,2,2,C:\Users\user\OneDrive\Desktop\KUHNE LOGISTIC UNIVERSITY\SEMESTER 2\Machine Learning\Sentiment-Analysis_ML\data\raw\MVSA_Single\data\135.jpg
MVSA_Single/data/3260.jpg,positive,2,2,C:\Users\user\OneDrive\Desktop\KUHNE LOGISTIC UNIVERSITY\SEMESTER 2\Machine Learning\Sentiment-Analysis_ML\data\raw\MVSA_Single\data\3260.jpg
MVSA_Single/data/1372.jpg,negative,0,0,C:\Users\user\OneDrive\Desktop\KUHNE LOGISTIC UNIVERSITY\SEMESTER 2\Machine Learning\Sentiment-Analysis_ML\data\raw\MVSA_Single\data\1372.jpg
MVSA_Single/data/1398.jpg,positive,2,2,C:\Users\user\OneDrive\Desktop\KUHNE LOGISTIC UNIVERSITY\SEMESTER 2\Machine Learning\Sentiment-Analysis_ML\data\raw\MVSA_Single\data\1398.jpg
MVSA_Single/data/253.jpg,negative,0,0,C:\Users\user\OneDrive\Desktop\KUHNE LOGISTIC UNIVERSITY\SEMESTER 2\Machine Learning\Sentiment-Analysis_ML\data\raw\MVSA_Single\data\253.jpg
MVSA_Single/data/2677.jpg,positive,2,2,C:\Users\user\OneDrive\Desktop\KUHNE LOGISTIC UNIVERSITY\SEMESTER 2\Machine Learning\Sentiment-Analysis_ML\data\raw\MVSA_Single\data\2677.jpg
MVSA_Single/data/3790.jpg,positive,2,2,C:\Users\user\OneDrive\Desktop\KUHNE LOGISTIC UNIVERSITY\SEMESTER 2\Machine Learning\Sentiment-Analysis_ML\data\raw\MVSA_Single\data\3790.jpg
MVSA_Single/data/5100.jpg,positive,2,2,C:\Users\user\OneDrive\Desktop\KUHNE LOGISTIC UNIVERSITY\SEMESTER 2\Machine Learning\Sentiment-Analysis_ML\data\raw\MVSA_Single\data\5100.jpg
MVSA_Single/data/1115.jpg,negative,0,0,C:\Users\user\OneDrive\Desktop\KUHNE LOGISTIC UNIVERSITY\SEMESTER 2\Machine Learning\Sentiment-Analysis_ML\data\raw\MVSA_Single\data\1115.jpg
MVSA_Single/data/296.jpg,negative,0,0,C:\Users\user\OneDrive\Desktop\KUHNE LOGISTIC UNIVERSITY\SEMESTER 2\Machine Learning\Sentiment-Analysis_ML\data\raw\MVSA_Single\data\296.jpg
MVSA_Single/data/3712.jpg,positive,2,2,C:\Users\user\OneDrive\Desktop\KUHNE LOGISTIC UNIVERSITY\SEMESTER 2\Machine Learning\Sentiment-Analysis_ML\data\raw\MVSA_Single\data\3712.jpg
MVSA_Single/data/3926.jpg,positive,2,2,C:\Users\user\OneDrive\Desktop\KUHNE LOGISTIC UNIVERSITY\SEMESTER 2\Machine Learning\Sentiment-Analysis_ML\data\raw\MVSA_Single\data\3926.jpg
MVSA_Single/data/3946.jpg,negative,0,0,C:\Users\user\OneDrive\Desktop\KUHNE LOGISTIC UNIVERSITY\SEMESTER 2\Machine Learning\Sentiment-Analysis_ML\data\raw\MVSA_Single\data\3946.jpg
MVSA_Single/data/994.jpg,neutral,1,1,C:\Users\user\OneDrive\Desktop\KUHNE LOGISTIC UNIVERSITY\SEMESTER 2\Machine Learning\Sentiment-Analysis_ML\data\raw\MVSA_Single\data\994.jpg
MVSA_Single/data/4664.jpg,positive,2,2,C:\Users\user\OneDrive\Desktop\KUHNE LOGISTIC UNIVERSITY\SEMESTER 2\Machine Learning\Sentiment-Analysis_ML\data\raw\MVSA_Single\data\4664.jpg
MVSA_Single/data/3502.jpg,positive,2,2,C:\Users\user\OneDrive\Desktop\KUHNE LOGISTIC UNIVERSITY\SEMESTER 2\Machine Learning\Sentiment-Analysis_ML\data\raw\MVSA_Single\data\3502.jpg
MVSA_Single/data/387.jpg,positive,2,2,C:\Users\user\OneDrive\Desktop\KUHNE LOGISTIC UNIVERSITY\SEMESTER 2\Machine Learning\Sentiment-Analysis_ML\data\raw\MVSA_Single\data\387.jpg
MVSA_Single/data/2454.jpg,neutral,1,1,C:\Users\user\OneDrive\Desktop\KUHNE LOGISTIC UNIVERSITY\SEMESTER 2\Machine Learning\Sentiment-Analysis_ML\data\raw\MVSA_Single\data\2454.jpg
MVSA_Single/data/2768.jpg,positive,2,2,C:\Users\user\OneDrive\Desktop\KUHNE LOGISTIC UNIVERSITY\SEMESTER 2\Machine Learning\Sentiment-Analysis_ML\data\raw\MVSA_Single\data\2768.jpg
MVSA_Single/data/827.jpg,positive,2,2,C:\Users\user\OneDrive\Desktop\KUHNE LOGISTIC UNIVERSITY\SEMESTER 2\Machine Learning\Sentiment-Analysis_ML\data\raw\MVSA_Single\data\827.jpg
MVSA_Single/data/993.jpg,neutral,1,1,C:\Users\user\OneDrive\Desktop\KUHNE LOGISTIC UNIVERSITY\SEMESTER 2\Machine Learning\Sentiment-Analysis_ML\data\raw\MVSA_Single\data\993.jpg
MVSA_Single/data/3989.jpg,negative,0,0,C:\Users\user\OneDrive\Desktop\KUHNE LOGISTIC UNIVERSITY\SEMESTER 2\Machine Learning\Sentiment-Analysis_ML\data\raw\MVSA_Single\data\3989.jpg
MVSA_Single/data/4414.jpg,neutral,1,1,C:\Users\user\OneDrive\Desktop\KUHNE LOGISTIC UNIVERSITY\SEMESTER 2\Machine Learning\Sentiment-Analysis_ML\data\raw\MVSA_Single\data\4414.jpg
MVSA_Single/data/867.jpg,negative,0,0,C:\Users\user\OneDrive\Desktop\KUHNE LOGISTIC UNIVERSITY\SEMESTER 2\Machine Learning\Sentiment-Analysis_ML\data\raw\MVSA_Single\data\867.jpg
MVSA_Single/data/3244.jpg,positive,2,2,C:\Users\user\OneDrive\Desktop\KUHNE LOGISTIC UNIVERSITY\SEMESTER 2\Machine Learning\Sentiment-Analysis_ML\data\raw\MVSA_Single\data\3244.jpg
MVSA_Single/data/4644.jpg,neutral,1,1,C:\Users\user\OneDrive\Desktop\KUHNE LOGISTIC UNIVERSITY\SEMESTER 2\Machine Learning\Sentiment-Analysis_ML\data\raw\MVSA_Single\data\4644.jpg
MVSA_Single/data/1300.jpg,positive,2,2,C:\Users\user\OneDrive\Desktop\KUHNE LOGISTIC UNIVERSITY\SEMESTER 2\Machine Learning\Sentiment-Analysis_ML\data\raw\MVSA_Single\data\1300.jpg
MVSA_Single/data/1970.jpg,positive,2,2,C:\Users\user\OneDrive\Desktop\KUHNE LOGISTIC UNIVERSITY\SEMESTER 2\Machine Learning\Sentiment-Analysis_ML\data\raw\MVSA_Single\data\1970.jpg
MVSA_Single/data/1227.jpg,positive,2,2,C:\Users\user\OneDrive\Desktop\KUHNE LOGISTIC UNIVERSITY\SEMESTER 2\Machine Learning\Sentiment-Analysis_ML\data\raw\MVSA_Single\data\1227.jpg
MVSA_Single/data/1959.jpg,negative,0,0,C:\Users\user\OneDrive\Desktop\KUHNE LOGISTIC UNIVERSITY\SEMESTER 2\Machine Learning\Sentiment-Analysis_ML\data\raw\MVSA_Single\data\1959.jpg
MVSA_Single/data/4759.jpg,positive,2,2,C:\Users\user\OneDrive\Desktop\KUHNE LOGISTIC UNIVERSITY\SEMESTER 2\Machine Learning\Sentiment-Analysis_ML\data\raw\MVSA_Single\data\4759.jpg
MVSA_Single/data/3288.jpg,positive,2,2,C:\Users\user\OneDrive\Desktop\KUHNE LOGISTIC UNIVERSITY\SEMESTER 2\Machine Learning\Sentiment-Analysis_ML\data\raw\MVSA_Single\data\3288.jpg
MVSA_Single/data/3980.jpg,negative,0,0,C:\Users\user\OneDrive\Desktop\KUHNE LOGISTIC UNIVERSITY\SEMESTER 2\Machine Learning\Sentiment-Analysis_ML\data\raw\MVSA_Single\data\3980.jpg
MVSA_Single/data/519.jpg,positive,2,2,C:\Users\user\OneDrive\Desktop\KUHNE LOGISTIC UNIVERSITY\SEMESTER 2\Machine Learning\Sentiment-Analysis_ML\data\raw\MVSA_Single\data\519.jpg
MVSA_Single/data/3933.jpg,negative,0,0,C:\Users\user\OneDrive\Desktop\KUHNE LOGISTIC UNIVERSITY\SEMESTER 2\Machine Learning\Sentiment-Analysis_ML\data\raw\MVSA_Single\data\3933.jpg
MVSA_Single/data/4686.jpg,neutral,1,1,C:\Users\user\OneDrive\Desktop\KUHNE LOGISTIC UNIVERSITY\SEMESTER 2\Machine Learning\Sentiment-Analysis_ML\data\raw\MVSA_Single\data\4686.jpg
MVSA_Single/data/3988.jpg,negative,0,0,C:\Users\user\OneDrive\Desktop\KUHNE LOGISTIC UNIVERSITY\SEMESTER 2\Machine Learning\Sentiment-Analysis_ML\data\raw\MVSA_Single\data\3988.jpg
MVSA_Single/data/495.jpg,positive,2,2,C:\Users\user\OneDrive\Desktop\KUHNE LOGISTIC UNIVERSITY\SEMESTER 2\Machine Learning\Sentiment-Analysis_ML\data\raw\MVSA_Single\data\495.jpg
MVSA_Single/data/777.jpg,positive,2,2,C:\Users\user\OneDrive\Desktop\KUHNE LOGISTIC UNIVERSITY\SEMESTER 2\Machine Learning\Sentiment-Analysis_ML\data\raw\MVSA_Single\data\777.jpg
MVSA_Single/data/4679.jpg,positive,2,2,C:\Users\user\OneDrive\Desktop\KUHNE LOGISTIC UNIVERSITY\SEMESTER 2\Machine Learning\Sentiment-Analysis_ML\data\raw\MVSA_Single\data\4679.jpg
MVSA_Single/data/2355.jpg,positive,2,2,C:\Users\user\OneDrive\Desktop\KUHNE LOGISTIC UNIVERSITY\SEMESTER 2\Machine Learning\Sentiment-Analysis_ML\data\raw\MVSA_Single\data\2355.jpg
MVSA_Single/data/222.jpg,positive,2,2,C:\Users\user\OneDrive\Desktop\KUHNE LOGISTIC UNIVERSITY\SEMESTER 2\Machine Learning\Sentiment-Analysis_ML\data\raw\MVSA_Single\data\222.jpg
MVSA_Single/data/4828.jpg,positive,2,2,C:\Users\user\OneDrive\Desktop\KUHNE LOGISTIC UNIVERSITY\SEMESTER 2\Machine Learning\Sentiment-Analysis_ML\data\raw\MVSA_Single\data\4828.jpg
MVSA_Single/data/322.jpg,positive,2,2,C:\Users\user\OneDrive\Desktop\KUHNE LOGISTIC UNIVERSITY\SEMESTER 2\Machine Learning\Sentiment-Analysis_ML\data\raw\MVSA_Single\data\322.jpg
MVSA_Single/data/5051.jpg,positive,2,2,C:\Users\user\OneDrive\Desktop\KUHNE LOGISTIC UNIVERSITY\SEMESTER 2\Machine Learning\Sentiment-Analysis_ML\data\raw\MVSA_Single\data\5051.jpg
MVSA_Single/data/660.jpg,positive,2,2,C:\Users\user\OneDrive\Desktop\KUHNE LOGISTIC UNIVERSITY\SEMESTER 2\Machine Learning\Sentiment-Analysis_ML\data\raw\MVSA_Single\data\660.jpg
MVSA_Single/data/4510.jpg,positive,2,2,C:\Users\user\OneDrive\Desktop\KUHNE LOGISTIC UNIVERSITY\SEMESTER 2\Machine Learning\Sentiment-Analysis_ML\data\raw\MVSA_Single\data\4510.jpg
MVSA_Single/data/4799.jpg,neutral,1,1,C:\Users\user\OneDrive\Desktop\KUHNE LOGISTIC UNIVERSITY\SEMESTER 2\Machine Learning\Sentiment-Analysis_ML\data\raw\MVSA_Single\data\4799.jpg
MVSA_Single/data/71.jpg,positive,2,2,C:\Users\user\OneDrive\Desktop\KUHNE LOGISTIC UNIVERSITY\SEMESTER 2\Machine Learning\Sentiment-Analysis_ML\data\raw\MVSA_Single\data\71.jpg
MVSA_Single/data/426.jpg,neutral,1,1,C:\Users\user\OneDrive\Desktop\KUHNE LOGISTIC UNIVERSITY\SEMESTER 2\Machine Learning\Sentiment-Analysis_ML\data\raw\MVSA_Single\data\426.jpg
MVSA_Single/data/4909.jpg,positive,2,2,C:\Users\user\OneDrive\Desktop\KUHNE LOGISTIC UNIVERSITY\SEMESTER 2\Machine Learning\Sentiment-Analysis_ML\data\raw\MVSA_Single\data\4909.jpg
MVSA_Single/data/1008.jpg,positive,2,2,C:\Users\user\OneDrive\Desktop\KUHNE LOGISTIC UNIVERSITY\SEMESTER 2\Machine Learning\Sentiment-Analysis_ML\data\raw\MVSA_Single\data\1008.jpg
MVSA_Single/data/988.jpg,positive,2,2,C:\Users\user\OneDrive\Desktop\KUHNE LOGISTIC UNIVERSITY\SEMESTER 2\Machine Learning\Sentiment-Analysis_ML\data\raw\MVSA_Single\data\988.jpg
MVSA_Single/data/4206.jpg,positive,2,2,C:\Users\user\OneDrive\Desktop\KUHNE LOGISTIC UNIVERSITY\SEMESTER 2\Machine Learning\Sentiment-Analysis_ML\data\raw\MVSA_Single\data\4206.jpg
MVSA_Single/data/4230.jpg,positive,2,2,C:\Users\user\OneDrive\Desktop\KUHNE LOGISTIC UNIVERSITY\SEMESTER 2\Machine Learning\Sentiment-Analysis_ML\data\raw\MVSA_Single\data\4230.jpg
MVSA_Single/data/3934.jpg,negative,0,0,C:\Users\user\OneDrive\Desktop\KUHNE LOGISTIC UNIVERSITY\SEMESTER 2\Machine Learning\Sentiment-Analysis_ML\data\raw\MVSA_Single\data\3934.jpg
MVSA_Single/data/457.jpg,negative,0,0,C:\Users\user\OneDrive\Desktop\KUHNE LOGISTIC UNIVERSITY\SEMESTER 2\Machine Learning\Sentiment-Analysis_ML\data\raw\MVSA_Single\data\457.jpg
MVSA_Single/data/4976.jpg,positive,2,2,C:\Users\user\OneDrive\Desktop\KUHNE LOGISTIC UNIVERSITY\SEMESTER 2\Machine Learning\Sentiment-Analysis_ML\data\raw\MVSA_Single\data\4976.jpg
MVSA_Single/data/2602.jpg,negative,0,0,C:\Users\user\OneDrive\Desktop\KUHNE LOGISTIC UNIVERSITY\SEMESTER 2\Machine Learning\Sentiment-Analysis_ML\data\raw\MVSA_Single\data\2602.jpg
MVSA_Single/data/4258.jpg,negative,0,0,C:\Users\user\OneDrive\Desktop\KUHNE LOGISTIC UNIVERSITY\SEMESTER 2\Machine Learning\Sentiment-Analysis_ML\data\raw\MVSA_Single\data\4258.jpg
MVSA_Single/data/3573.jpg,positive,2,2,C:\Users\user\OneDrive\Desktop\KUHNE LOGISTIC UNIVERSITY\SEMESTER 2\Machine Learning\Sentiment-Analysis_ML\data\raw\MVSA_Single\data\3573.jpg
MVSA_Single/data/3090.jpg,negative,0,0,C:\Users\user\OneDrive\Desktop\KUHNE LOGISTIC UNIVERSITY\SEMESTER 2\Machine Learning\Sentiment-Analysis_ML\data\raw\MVSA_Single\data\3090.jpg
MVSA_Single/data/1542.jpg,positive,2,2,C:\Users\user\OneDrive\Desktop\KUHNE LOGISTIC UNIVERSITY\SEMESTER 2\Machine Learning\Sentiment-Analysis_ML\data\raw\MVSA_Single\data\1542.jpg
MVSA_Single/data/4562.jpg,negative,0,0,C:\Users\user\OneDrive\Desktop\KUHNE LOGISTIC UNIVERSITY\SEMESTER 2\Machine Learning\Sentiment-Analysis_ML\data\raw\MVSA_Single\data\4562.jpg
MVSA_Single/data/2783.jpg,negative,0,0,C:\Users\user\OneDrive\Desktop\KUHNE LOGISTIC UNIVERSITY\SEMESTER 2\Machine Learning\Sentiment-Analysis_ML\data\raw\MVSA_Single\data\2783.jpg
MVSA_Single/data/3978.jpg,positive,2,2,C:\Users\user\OneDrive\Desktop\KUHNE LOGISTIC UNIVERSITY\SEMESTER 2\Machine Learning\Sentiment-Analysis_ML\data\raw\MVSA_Single\data\3978.jpg
MVSA_Single/data/623.jpg,neutral,1,1,C:\Users\user\OneDrive\Desktop\KUHNE LOGISTIC UNIVERSITY\SEMESTER 2\Machine Learning\Sentiment-Analysis_ML\data\raw\MVSA_Single\data\623.jpg
MVSA_Single/data/2477.jpg,positive,2,2,C:\Users\user\OneDrive\Desktop\KUHNE LOGISTIC UNIVERSITY\SEMESTER 2\Machine Learning\Sentiment-Analysis_ML\data\raw\MVSA_Single\data\2477.jpg
MVSA_Single/data/550.jpg,negative,0,0,C:\Users\user\OneDrive\Desktop\KUHNE LOGISTIC UNIVERSITY\SEMESTER 2\Machine Learning\Sentiment-Analysis_ML\data\raw\MVSA_Single\data\550.jpg
MVSA_Single/data/4031.jpg,positive,2,2,C:\Users\user\OneDrive\Desktop\KUHNE LOGISTIC UNIVERSITY\SEMESTER 2\Machine Learning\Sentiment-Analysis_ML\data\raw\MVSA_Single\data\4031.jpg
MVSA_Single/data/4941.jpg,positive,2,2,C:\Users\user\OneDrive\Desktop\KUHNE LOGISTIC UNIVERSITY\SEMESTER 2\Machine Learning\Sentiment-Analysis_ML\data\raw\MVSA_Single\data\4941.jpg
MVSA_Single/data/3572.jpg,positive,2,2,C:\Users\user\OneDrive\Desktop\KUHNE LOGISTIC UNIVERSITY\SEMESTER 2\Machine Learning\Sentiment-Analysis_ML\data\raw\MVSA_Single\data\3572.jpg
MVSA_Single/data/844.jpg,positive,2,2,C:\Users\user\OneDrive\Desktop\KUHNE LOGISTIC UNIVERSITY\SEMESTER 2\Machine Learning\Sentiment-Analysis_ML\data\raw\MVSA_Single\data\844.jpg
MVSA_Single/data/1233.jpg,positive,2,2,C:\Users\user\OneDrive\Desktop\KUHNE LOGISTIC UNIVERSITY\SEMESTER 2\Machine Learning\Sentiment-Analysis_ML\data\raw\MVSA_Single\data\1233.jpg
MVSA_Single/data/2695.jpg,neutral,1,1,C:\Users\user\OneDrive\Desktop\KUHNE LOGISTIC UNIVERSITY\SEMESTER 2\Machine Learning\Sentiment-Analysis_ML\data\raw\MVSA_Single\data\2695.jpg
MVSA_Single/data/3080.jpg,negative,0,0,C:\Users\user\OneDrive\Desktop\KUHNE LOGISTIC UNIVERSITY\SEMESTER 2\Machine Learning\Sentiment-Analysis_ML\data\raw\MVSA_Single\data\3080.jpg
MVSA_Single/data/5113.jpg,negative,0,0,C:\Users\user\OneDrive\Desktop\KUHNE LOGISTIC UNIVERSITY\SEMESTER 2\Machine Learning\Sentiment-Analysis_ML\data\raw\MVSA_Single\data\5113.jpg
MVSA_Single/data/4995.jpg,negative,0,0,C:\Users\user\OneDrive\Desktop\KUHNE LOGISTIC UNIVERSITY\SEMESTER 2\Machine Learning\Sentiment-Analysis_ML\data\raw\MVSA_Single\data\4995.jpg
MVSA_Single/data/476.jpg,positive,2,2,C:\Users\user\OneDrive\Desktop\KUHNE LOGISTIC UNIVERSITY\SEMESTER 2\Machine Learning\Sentiment-Analysis_ML\data\raw\MVSA_Single\data\476.jpg
MVSA_Single/data/3653.jpg,positive,2,2,C:\Users\user\OneDrive\Desktop\KUHNE LOGISTIC UNIVERSITY\SEMESTER 2\Machine Learning\Sentiment-Analysis_ML\data\raw\MVSA_Single\data\3653.jpg
MVSA_Single/data/3859.jpg,positive,2,2,C:\Users\user\OneDrive\Desktop\KUHNE LOGISTIC UNIVERSITY\SEMESTER 2\Machine Learning\Sentiment-Analysis_ML\data\raw\MVSA_Single\data\3859.jpg
MVSA_Single/data/1974.jpg,negative,0,0,C:\Users\user\OneDrive\Desktop\KUHNE LOGISTIC UNIVERSITY\SEMESTER 2\Machine Learning\Sentiment-Analysis_ML\data\raw\MVSA_Single\data\1974.jpg
MVSA_Single/data/1809.jpg,negative,0,0,C:\Users\user\OneDrive\Desktop\KUHNE LOGISTIC UNIVERSITY\SEMESTER 2\Machine Learning\Sentiment-Analysis_ML\data\raw\MVSA_Single\data\1809.jpg
MVSA_Single/data/3351.jpg,positive,2,2,C:\Users\user\OneDrive\Desktop\KUHNE LOGISTIC UNIVERSITY\SEMESTER 2\Machine Learning\Sentiment-Analysis_ML\data\raw\MVSA_Single\data\3351.jpg
MVSA_Single/data/4978.jpg,positive,2,2,C:\Users\user\OneDrive\Desktop\KUHNE LOGISTIC UNIVERSITY\SEMESTER 2\Machine Learning\Sentiment-Analysis_ML\data\raw\MVSA_Single\data\4978.jpg
MVSA_Single/data/3814.jpg,positive,2,2,C:\Users\user\OneDrive\Desktop\KUHNE LOGISTIC UNIVERSITY\SEMESTER 2\Machine Learning\Sentiment-Analysis_ML\data\raw\MVSA_Single\data\3814.jpg
MVSA_Single/data/2148.jpg,positive,2,2,C:\Users\user\OneDrive\Desktop\KUHNE LOGISTIC UNIVERSITY\SEMESTER 2\Machine Learning\Sentiment-Analysis_ML\data\raw\MVSA_Single\data\2148.jpg
MVSA_Single/data/3930.jpg,positive,2,2,C:\Users\user\OneDrive\Desktop\KUHNE LOGISTIC UNIVERSITY\SEMESTER 2\Machine Learning\Sentiment-Analysis_ML\data\raw\MVSA_Single\data\3930.jpg
MVSA_Single/data/108.jpg,neutral,1,1,C:\Users\user\OneDrive\Desktop\KUHNE LOGISTIC UNIVERSITY\SEMESTER 2\Machine Learning\Sentiment-Analysis_ML\data\raw\MVSA_Single\data\108.jpg
MVSA_Single/data/723.jpg,neutral,1,1,C:\Users\user\OneDrive\Desktop\KUHNE LOGISTIC UNIVERSITY\SEMESTER 2\Machine Learning\Sentiment-Analysis_ML\data\raw\MVSA_Single\data\723.jpg
MVSA_Single/data/4280.jpg,positive,2,2,C:\Users\user\OneDrive\Desktop\KUHNE LOGISTIC UNIVERSITY\SEMESTER 2\Machine Learning\Sentiment-Analysis_ML\data\raw\MVSA_Single\data\4280.jpg
MVSA_Single/data/2445.jpg,positive,2,2,C:\Users\user\OneDrive\Desktop\KUHNE LOGISTIC UNIVERSITY\SEMESTER 2\Machine Learning\Sentiment-Analysis_ML\data\raw\MVSA_Single\data\2445.jpg
MVSA_Single/data/797.jpg,positive,2,2,C:\Users\user\OneDrive\Desktop\KUHNE LOGISTIC UNIVERSITY\SEMESTER 2\Machine Learning\Sentiment-Analysis_ML\data\raw\MVSA_Single\data\797.jpg
MVSA_Single/data/4589.jpg,positive,2,2,C:\Users\user\OneDrive\Desktop\KUHNE LOGISTIC UNIVERSITY\SEMESTER 2\Machine Learning\Sentiment-Analysis_ML\data\raw\MVSA_Single\data\4589.jpg
MVSA_Single/data/2717.jpg,neutral,1,1,C:\Users\user\OneDrive\Desktop\KUHNE LOGISTIC UNIVERSITY\SEMESTER 2\Machine Learning\Sentiment-Analysis_ML\data\raw\MVSA_Single\data\2717.jpg
MVSA_Single/data/3721.jpg,negative,0,0,C:\Users\user\OneDrive\Desktop\KUHNE LOGISTIC UNIVERSITY\SEMESTER 2\Machine Learning\Sentiment-Analysis_ML\data\raw\MVSA_Single\data\3721.jpg
MVSA_Single/data/97.jpg,negative,0,0,C:\Users\user\OneDrive\Desktop\KUHNE LOGISTIC UNIVERSITY\SEMESTER 2\Machine Learning\Sentiment-Analysis_ML\data\raw\MVSA_Single\data\97.jpg
MVSA_Single/data/4335.jpg,negative,0,0,C:\Users\user\OneDrive\Desktop\KUHNE LOGISTIC UNIVERSITY\SEMESTER 2\Machine Learning\Sentiment-Analysis_ML\data\raw\MVSA_Single\data\4335.jpg
MVSA_Single/data/3381.jpg,positive,2,2,C:\Users\user\OneDrive\Desktop\KUHNE LOGISTIC UNIVERSITY\SEMESTER 2\Machine Learning\Sentiment-Analysis_ML\data\raw\MVSA_Single\data\3381.jpg
MVSA_Single/data/4299.jpg,neutral,1,1,C:\Users\user\OneDrive\Desktop\KUHNE LOGISTIC UNIVERSITY\SEMESTER 2\Machine Learning\Sentiment-Analysis_ML\data\raw\MVSA_Single\data\4299.jpg
MVSA_Single/data/1441.jpg,neutral,1,1,C:\Users\user\OneDrive\Desktop\KUHNE LOGISTIC UNIVERSITY\SEMESTER 2\Machine Learning\Sentiment-Analysis_ML\data\raw\MVSA_Single\data\1441.jpg
MVSA_Single/data/1890.jpg,positive,2,2,C:\Users\user\OneDrive\Desktop\KUHNE LOGISTIC UNIVERSITY\SEMESTER 2\Machine Learning\Sentiment-Analysis_ML\data\raw\MVSA_Single\data\1890.jpg
MVSA_Single/data/4610.jpg,positive,2,2,C:\Users\user\OneDrive\Desktop\KUHNE LOGISTIC UNIVERSITY\SEMESTER 2\Machine Learning\Sentiment-Analysis_ML\data\raw\MVSA_Single\data\4610.jpg
MVSA_Single/data/1022.jpg,negative,0,0,C:\Users\user\OneDrive\Desktop\KUHNE LOGISTIC UNIVERSITY\SEMESTER 2\Machine Learning\Sentiment-Analysis_ML\data\raw\MVSA_Single\data\1022.jpg
MVSA_Single/data/1591.jpg,positive,2,2,C:\Users\user\OneDrive\Desktop\KUHNE LOGISTIC UNIVERSITY\SEMESTER 2\Machine Learning\Sentiment-Analysis_ML\data\raw\MVSA_Single\data\1591.jpg
MVSA_Single/data/2146.jpg,neutral,1,1,C:\Users\user\OneDrive\Desktop\KUHNE LOGISTIC UNIVERSITY\SEMESTER 2\Machine Learning\Sentiment-Analysis_ML\data\raw\MVSA_Single\data\2146.jpg
MVSA_Single/data/1724.jpg,positive,2,2,C:\Users\user\OneDrive\Desktop\KUHNE LOGISTIC UNIVERSITY\SEMESTER 2\Machine Learning\Sentiment-Analysis_ML\data\raw\MVSA_Single\data\1724.jpg
MVSA_Single/data/378.jpg,positive,2,2,C:\Users\user\OneDrive\Desktop\KUHNE LOGISTIC UNIVERSITY\SEMESTER 2\Machine Learning\Sentiment-Analysis_ML\data\raw\MVSA_Single\data\378.jpg
MVSA_Single/data/4891.jpg,positive,2,2,C:\Users\user\OneDrive\Desktop\KUHNE LOGISTIC UNIVERSITY\SEMESTER 2\Machine Learning\Sentiment-Analysis_ML\data\raw\MVSA_Single\data\4891.jpg
MVSA_Single/data/1183.jpg,negative,0,0,C:\Users\user\OneDrive\Desktop\KUHNE LOGISTIC UNIVERSITY\SEMESTER 2\Machine Learning\Sentiment-Analysis_ML\data\raw\MVSA_Single\data\1183.jpg
MVSA_Single/data/832.jpg,negative,0,0,C:\Users\user\OneDrive\Desktop\KUHNE LOGISTIC UNIVERSITY\SEMESTER 2\Machine Learning\Sentiment-Analysis_ML\data\raw\MVSA_Single\data\832.jpg
MVSA_Single/data/2373.jpg,positive,2,2,C:\Users\user\OneDrive\Desktop\KUHNE LOGISTIC UNIVERSITY\SEMESTER 2\Machine Learning\Sentiment-Analysis_ML\data\raw\MVSA_Single\data\2373.jpg
MVSA_Single/data/1500.jpg,positive,2,2,C:\Users\user\OneDrive\Desktop\KUHNE LOGISTIC UNIVERSITY\SEMESTER 2\Machine Learning\Sentiment-Analysis_ML\data\raw\MVSA_Single\data\1500.jpg
MVSA_Single/data/868.jpg,neutral,1,1,C:\Users\user\OneDrive\Desktop\KUHNE LOGISTIC UNIVERSITY\SEMESTER 2\Machine Learning\Sentiment-Analysis_ML\data\raw\MVSA_Single\data\868.jpg
MVSA_Single/data/3631.jpg,positive,2,2,C:\Users\user\OneDrive\Desktop\KUHNE LOGISTIC UNIVERSITY\SEMESTER 2\Machine Learning\Sentiment-Analysis_ML\data\raw\MVSA_Single\data\3631.jpg
MVSA_Single/data/4378.jpg,positive,2,2,C:\Users\user\OneDrive\Desktop\KUHNE LOGISTIC UNIVERSITY\SEMESTER 2\Machine Learning\Sentiment-Analysis_ML\data\raw\MVSA_Single\data\4378.jpg
MVSA_Single/data/3279.jpg,negative,0,0,C:\Users\user\OneDrive\Desktop\KUHNE LOGISTIC UNIVERSITY\SEMESTER 2\Machine Learning\Sentiment-Analysis_ML\data\raw\MVSA_Single\data\3279.jpg
MVSA_Single/data/1435.jpg,neutral,1,1,C:\Users\user\OneDrive\Desktop\KUHNE LOGISTIC UNIVERSITY\SEMESTER 2\Machine Learning\Sentiment-Analysis_ML\data\raw\MVSA_Single\data\1435.jpg
MVSA_Single/data/1236.jpg,positive,2,2,C:\Users\user\OneDrive\Desktop\KUHNE LOGISTIC UNIVERSITY\SEMESTER 2\Machine Learning\Sentiment-Analysis_ML\data\raw\MVSA_Single\data\1236.jpg
MVSA_Single/data/2389.jpg,neutral,1,1,C:\Users\user\OneDrive\Desktop\KUHNE LOGISTIC UNIVERSITY\SEMESTER 2\Machine Learning\Sentiment-Analysis_ML\data\raw\MVSA_Single\data\2389.jpg
MVSA_Single/data/4048.jpg,negative,0,0,C:\Users\user\OneDrive\Desktop\KUHNE LOGISTIC UNIVERSITY\SEMESTER 2\Machine Learning\Sentiment-Analysis_ML\data\raw\MVSA_Single\data\4048.jpg
MVSA_Single/data/1679.jpg,positive,2,2,C:\Users\user\OneDrive\Desktop\KUHNE LOGISTIC UNIVERSITY\SEMESTER 2\Machine Learning\Sentiment-Analysis_ML\data\raw\MVSA_Single\data\1679.jpg
MVSA_Single/data/4800.jpg,positive,2,2,C:\Users\user\OneDrive\Desktop\KUHNE LOGISTIC UNIVERSITY\SEMESTER 2\Machine Learning\Sentiment-Analysis_ML\data\raw\MVSA_Single\data\4800.jpg
MVSA_Single/data/2055.jpg,neutral,1,1,C:\Users\user\OneDrive\Desktop\KUHNE LOGISTIC UNIVERSITY\SEMESTER 2\Machine Learning\Sentiment-Analysis_ML\data\raw\MVSA_Single\data\2055.jpg
MVSA_Single/data/3006.jpg,negative,0,0,C:\Users\user\OneDrive\Desktop\KUHNE LOGISTIC UNIVERSITY\SEMESTER 2\Machine Learning\Sentiment-Analysis_ML\data\raw\MVSA_Single\data\3006.jpg
MVSA_Single/data/897.jpg,positive,2,2,C:\Users\user\OneDrive\Desktop\KUHNE LOGISTIC UNIVERSITY\SEMESTER 2\Machine Learning\Sentiment-Analysis_ML\data\raw\MVSA_Single\data\897.jpg
MVSA_Single/data/1357.jpg,positive,2,2,C:\Users\user\OneDrive\Desktop\KUHNE LOGISTIC UNIVERSITY\SEMESTER 2\Machine Learning\Sentiment-Analysis_ML\data\raw\MVSA_Single\data\1357.jpg
MVSA_Single/data/1854.jpg,negative,0,0,C:\Users\user\OneDrive\Desktop\KUHNE LOGISTIC UNIVERSITY\SEMESTER 2\Machine Learning\Sentiment-Analysis_ML\data\raw\MVSA_Single\data\1854.jpg
MVSA_Single/data/3050.jpg,negative,0,0,C:\Users\user\OneDrive\Desktop\KUHNE LOGISTIC UNIVERSITY\SEMESTER 2\Machine Learning\Sentiment-Analysis_ML\data\raw\MVSA_Single\data\3050.jpg
MVSA_Single/data/1670.jpg,neutral,1,1,C:\Users\user\OneDrive\Desktop\KUHNE LOGISTIC UNIVERSITY\SEMESTER 2\Machine Learning\Sentiment-Analysis_ML\data\raw\MVSA_Single\data\1670.jpg
MVSA_Single/data/4270.jpg,positive,2,2,C:\Users\user\OneDrive\Desktop\KUHNE LOGISTIC UNIVERSITY\SEMESTER 2\Machine Learning\Sentiment-Analysis_ML\data\raw\MVSA_Single\data\4270.jpg
MVSA_Single/data/3640.jpg,positive,2,2,C:\Users\user\OneDrive\Desktop\KUHNE LOGISTIC UNIVERSITY\SEMESTER 2\Machine Learning\Sentiment-Analysis_ML\data\raw\MVSA_Single\data\3640.jpg
MVSA_Single/data/2614.jpg,positive,2,2,C:\Users\user\OneDrive\Desktop\KUHNE LOGISTIC UNIVERSITY\SEMESTER 2\Machine Learning\Sentiment-Analysis_ML\data\raw\MVSA_Single\data\2614.jpg
MVSA_Single/data/4737.jpg,negative,0,0,C:\Users\user\OneDrive\Desktop\KUHNE LOGISTIC UNIVERSITY\SEMESTER 2\Machine Learning\Sentiment-Analysis_ML\data\raw\MVSA_Single\data\4737.jpg
MVSA_Single/data/1147.jpg,negative,0,0,C:\Users\user\OneDrive\Desktop\KUHNE LOGISTIC UNIVERSITY\SEMESTER 2\Machine Learning\Sentiment-Analysis_ML\data\raw\MVSA_Single\data\1147.jpg
MVSA_Single/data/5121.jpg,positive,2,2,C:\Users\user\OneDrive\Desktop\KUHNE LOGISTIC UNIVERSITY\SEMESTER 2\Machine Learning\Sentiment-Analysis_ML\data\raw\MVSA_Single\data\5121.jpg
MVSA_Single/data/1875.jpg,negative,0,0,C:\Users\user\OneDrive\Desktop\KUHNE LOGISTIC UNIVERSITY\SEMESTER 2\Machine Learning\Sentiment-Analysis_ML\data\raw\MVSA_Single\data\1875.jpg
MVSA_Single/data/1492.jpg,negative,0,0,C:\Users\user\OneDrive\Desktop\KUHNE LOGISTIC UNIVERSITY\SEMESTER 2\Machine Learning\Sentiment-Analysis_ML\data\raw\MVSA_Single\data\1492.jpg
MVSA_Single/data/394.jpg,positive,2,2,C:\Users\user\OneDrive\Desktop\KUHNE LOGISTIC UNIVERSITY\SEMESTER 2\Machine Learning\Sentiment-Analysis_ML\data\raw\MVSA_Single\data\394.jpg
MVSA_Single/data/1623.jpg,positive,2,2,C:\Users\user\OneDrive\Desktop\KUHNE LOGISTIC UNIVERSITY\SEMESTER 2\Machine Learning\Sentiment-Analysis_ML\data\raw\MVSA_Single\data\1623.jpg
MVSA_Single/data/4720.jpg,positive,2,2,C:\Users\user\OneDrive\Desktop\KUHNE LOGISTIC UNIVERSITY\SEMESTER 2\Machine Learning\Sentiment-Analysis_ML\data\raw\MVSA_Single\data\4720.jpg
MVSA_Single/data/2331.jpg,positive,2,2,C:\Users\user\OneDrive\Desktop\KUHNE LOGISTIC UNIVERSITY\SEMESTER 2\Machine Learning\Sentiment-Analysis_ML\data\raw\MVSA_Single\data\2331.jpg
MVSA_Single/data/1981.jpg,positive,2,2,C:\Users\user\OneDrive\Desktop\KUHNE LOGISTIC UNIVERSITY\SEMESTER 2\Machine Learning\Sentiment-Analysis_ML\data\raw\MVSA_Single\data\1981.jpg
MVSA_Single/data/272.jpg,negative,0,0,C:\Users\user\OneDrive\Desktop\KUHNE LOGISTIC UNIVERSITY\SEMESTER 2\Machine Learning\Sentiment-Analysis_ML\data\raw\MVSA_Single\data\272.jpg
MVSA_Single/data/3932.jpg,positive,2,2,C:\Users\user\OneDrive\Desktop\KUHNE LOGISTIC UNIVERSITY\SEMESTER 2\Machine Learning\Sentiment-Analysis_ML\data\raw\MVSA_Single\data\3932.jpg
MVSA_Single/data/4118.jpg,positive,2,2,C:\Users\user\OneDrive\Desktop\KUHNE LOGISTIC UNIVERSITY\SEMESTER 2\Machine Learning\Sentiment-Analysis_ML\data\raw\MVSA_Single\data\4118.jpg
MVSA_Single/data/739.jpg,positive,2,2,C:\Users\user\OneDrive\Desktop\KUHNE LOGISTIC UNIVERSITY\SEMESTER 2\Machine Learning\Sentiment-Analysis_ML\data\raw\MVSA_Single\data\739.jpg
MVSA_Single/data/1152.jpg,positive,2,2,C:\Users\user\OneDrive\Desktop\KUHNE LOGISTIC UNIVERSITY\SEMESTER 2\Machine Learning\Sentiment-Analysis_ML\data\raw\MVSA_Single\data\1152.jpg
MVSA_Single/data/4862.jpg,positive,2,2,C:\Users\user\OneDrive\Desktop\KUHNE LOGISTIC UNIVERSITY\SEMESTER 2\Machine Learning\Sentiment-Analysis_ML\data\raw\MVSA_Single\data\4862.jpg
MVSA_Single/data/3.jpg,positive,2,2,C:\Users\user\OneDrive\Desktop\KUHNE LOGISTIC UNIVERSITY\SEMESTER 2\Machine Learning\Sentiment-Analysis_ML\data\raw\MVSA_Single\data\3.jpg
MVSA_Single/data/2838.jpg,positive,2,2,C:\Users\user\OneDrive\Desktop\KUHNE LOGISTIC UNIVERSITY\SEMESTER 2\Machine Learning\Sentiment-Analysis_ML\data\raw\MVSA_Single\data\2838.jpg
MVSA_Single/data/3873.jpg,positive,2,2,C:\Users\user\OneDrive\Desktop\KUHNE LOGISTIC UNIVERSITY\SEMESTER 2\Machine Learning\Sentiment-Analysis_ML\data\raw\MVSA_Single\data\3873.jpg
MVSA_Single/data/4861.jpg,positive,2,2,C:\Users\user\OneDrive\Desktop\KUHNE LOGISTIC UNIVERSITY\SEMESTER 2\Machine Learning\Sentiment-Analysis_ML\data\raw\MVSA_Single\data\4861.jpg
MVSA_Single/data/471.jpg,positive,2,2,C:\Users\user\OneDrive\Desktop\KUHNE LOGISTIC UNIVERSITY\SEMESTER 2\Machine Learning\Sentiment-Analysis_ML\data\raw\MVSA_Single\data\471.jpg
MVSA_Single/data/4811.jpg,positive,2,2,C:\Users\user\OneDrive\Desktop\KUHNE LOGISTIC UNIVERSITY\SEMESTER 2\Machine Learning\Sentiment-Analysis_ML\data\raw\MVSA_Single\data\4811.jpg
MVSA_Single/data/4495.jpg,positive,2,2,C:\Users\user\OneDrive\Desktop\KUHNE LOGISTIC UNIVERSITY\SEMESTER 2\Machine Learning\Sentiment-Analysis_ML\data\raw\MVSA_Single\data\4495.jpg
MVSA_Single/data/348.jpg,negative,0,0,C:\Users\user\OneDrive\Desktop\KUHNE LOGISTIC UNIVERSITY\SEMESTER 2\Machine Learning\Sentiment-Analysis_ML\data\raw\MVSA_Single\data\348.jpg
MVSA_Single/data/870.jpg,neutral,1,1,C:\Users\user\OneDrive\Desktop\KUHNE LOGISTIC UNIVERSITY\SEMESTER 2\Machine Learning\Sentiment-Analysis_ML\data\raw\MVSA_Single\data\870.jpg
MVSA_Single/data/3650.jpg,positive,2,2,C:\Users\user\OneDrive\Desktop\KUHNE LOGISTIC UNIVERSITY\SEMESTER 2\Machine Learning\Sentiment-Analysis_ML\data\raw\MVSA_Single\data\3650.jpg
MVSA_Single/data/3944.jpg,negative,0,0,C:\Users\user\OneDrive\Desktop\KUHNE LOGISTIC UNIVERSITY\SEMESTER 2\Machine Learning\Sentiment-Analysis_ML\data\raw\MVSA_Single\data\3944.jpg
MVSA_Single/data/4629.jpg,negative,0,0,C:\Users\user\OneDrive\Desktop\KUHNE LOGISTIC UNIVERSITY\SEMESTER 2\Machine Learning\Sentiment-Analysis_ML\data\raw\MVSA_Single\data\4629.jpg
MVSA_Single/data/744.jpg,negative,0,0,C:\Users\user\OneDrive\Desktop\KUHNE LOGISTIC UNIVERSITY\SEMESTER 2\Machine Learning\Sentiment-Analysis_ML\data\raw\MVSA_Single\data\744.jpg
MVSA_Single/data/3219.jpg,positive,2,2,C:\Users\user\OneDrive\Desktop\KUHNE LOGISTIC UNIVERSITY\SEMESTER 2\Machine Learning\Sentiment-Analysis_ML\data\raw\MVSA_Single\data\3219.jpg
MVSA_Single/data/776.jpg,positive,2,2,C:\Users\user\OneDrive\Desktop\KUHNE LOGISTIC UNIVERSITY\SEMESTER 2\Machine Learning\Sentiment-Analysis_ML\data\raw\MVSA_Single\data\776.jpg
MVSA_Single/data/4530.jpg,positive,2,2,C:\Users\user\OneDrive\Desktop\KUHNE LOGISTIC UNIVERSITY\SEMESTER 2\Machine Learning\Sentiment-Analysis_ML\data\raw\MVSA_Single\data\4530.jpg
MVSA_Single/data/2438.jpg,positive,2,2,C:\Users\user\OneDrive\Desktop\KUHNE LOGISTIC UNIVERSITY\SEMESTER 2\Machine Learning\Sentiment-Analysis_ML\data\raw\MVSA_Single\data\2438.jpg
MVSA_Single/data/1533.jpg,negative,0,0,C:\Users\user\OneDrive\Desktop\KUHNE LOGISTIC UNIVERSITY\SEMESTER 2\Machine Learning\Sentiment-Analysis_ML\data\raw\MVSA_Single\data\1533.jpg
MVSA_Single/data/1474.jpg,positive,2,2,C:\Users\user\OneDrive\Desktop\KUHNE LOGISTIC UNIVERSITY\SEMESTER 2\Machine Learning\Sentiment-Analysis_ML\data\raw\MVSA_Single\data\1474.jpg
MVSA_Single/data/126.jpg,positive,2,2,C:\Users\user\OneDrive\Desktop\KUHNE LOGISTIC UNIVERSITY\SEMESTER 2\Machine Learning\Sentiment-Analysis_ML\data\raw\MVSA_Single\data\126.jpg
MVSA_Single/data/1776.jpg,negative,0,0,C:\Users\user\OneDrive\Desktop\KUHNE LOGISTIC UNIVERSITY\SEMESTER 2\Machine Learning\Sentiment-Analysis_ML\data\raw\MVSA_Single\data\1776.jpg
MVSA_Single/data/2791.jpg,positive,2,2,C:\Users\user\OneDrive\Desktop\KUHNE LOGISTIC UNIVERSITY\SEMESTER 2\Machine Learning\Sentiment-Analysis_ML\data\raw\MVSA_Single\data\2791.jpg
MVSA_Single/data/2936.jpg,negative,0,0,C:\Users\user\OneDrive\Desktop\KUHNE LOGISTIC UNIVERSITY\SEMESTER 2\Machine Learning\Sentiment-Analysis_ML\data\raw\MVSA_Single\data\2936.jpg
MVSA_Single/data/236.jpg,positive,2,2,C:\Users\user\OneDrive\Desktop\KUHNE LOGISTIC UNIVERSITY\SEMESTER 2\Machine Learning\Sentiment-Analysis_ML\data\raw\MVSA_Single\data\236.jpg
MVSA_Single/data/3149.jpg,neutral,1,1,C:\Users\user\OneDrive\Desktop\KUHNE LOGISTIC UNIVERSITY\SEMESTER 2\Machine Learning\Sentiment-Analysis_ML\data\raw\MVSA_Single\data\3149.jpg
MVSA_Single/data/1540.jpg,negative,0,0,C:\Users\user\OneDrive\Desktop\KUHNE LOGISTIC UNIVERSITY\SEMESTER 2\Machine Learning\Sentiment-Analysis_ML\data\raw\MVSA_Single\data\1540.jpg
MVSA_Single/data/4292.jpg,negative,0,0,C:\Users\user\OneDrive\Desktop\KUHNE LOGISTIC UNIVERSITY\SEMESTER 2\Machine Learning\Sentiment-Analysis_ML\data\raw\MVSA_Single\data\4292.jpg
MVSA_Single/data/1636.jpg,positive,2,2,C:\Users\user\OneDrive\Desktop\KUHNE LOGISTIC UNIVERSITY\SEMESTER 2\Machine Learning\Sentiment-Analysis_ML\data\raw\MVSA_Single\data\1636.jpg
MVSA_Single/data/13.jpg,positive,2,2,C:\Users\user\OneDrive\Desktop\KUHNE LOGISTIC UNIVERSITY\SEMESTER 2\Machine Learning\Sentiment-Analysis_ML\data\raw\MVSA_Single\data\13.jpg
MVSA_Single/data/3142.jpg,positive,2,2,C:\Users\user\OneDrive\Desktop\KUHNE LOGISTIC UNIVERSITY\SEMESTER 2\Machine Learning\Sentiment-Analysis_ML\data\raw\MVSA_Single\data\3142.jpg
MVSA_Single/data/187.jpg,positive,2,2,C:\Users\user\OneDrive\Desktop\KUHNE LOGISTIC UNIVERSITY\SEMESTER 2\Machine Learning\Sentiment-Analysis_ML\data\raw\MVSA_Single\data\187.jpg
MVSA_Single/data/1262.jpg,positive,2,2,C:\Users\user\OneDrive\Desktop\KUHNE LOGISTIC UNIVERSITY\SEMESTER 2\Machine Learning\Sentiment-Analysis_ML\data\raw\MVSA_Single\data\1262.jpg
MVSA_Single/data/4526.jpg,neutral,1,1,C:\Users\user\OneDrive\Desktop\KUHNE LOGISTIC UNIVERSITY\SEMESTER 2\Machine Learning\Sentiment-Analysis_ML\data\raw\MVSA_Single\data\4526.jpg
MVSA_Single/data/452.jpg,negative,0,0,C:\Users\user\OneDrive\Desktop\KUHNE LOGISTIC UNIVERSITY\SEMESTER 2\Machine Learning\Sentiment-Analysis_ML\data\raw\MVSA_Single\data\452.jpg
MVSA_Single/data/4963.jpg,positive,2,2,C:\Users\user\OneDrive\Desktop\KUHNE LOGISTIC UNIVERSITY\SEMESTER 2\Machine Learning\Sentiment-Analysis_ML\data\raw\MVSA_Single\data\4963.jpg
MVSA_Single/data/342.jpg,positive,2,2,C:\Users\user\OneDrive\Desktop\KUHNE LOGISTIC UNIVERSITY\SEMESTER 2\Machine Learning\Sentiment-Analysis_ML\data\raw\MVSA_Single\data\342.jpg
MVSA_Single/data/4392.jpg,positive,2,2,C:\Users\user\OneDrive\Desktop\KUHNE LOGISTIC UNIVERSITY\SEMESTER 2\Machine Learning\Sentiment-Analysis_ML\data\raw\MVSA_Single\data\4392.jpg
MVSA_Single/data/3714.jpg,negative,0,0,C:\Users\user\OneDrive\Desktop\KUHNE LOGISTIC UNIVERSITY\SEMESTER 2\Machine Learning\Sentiment-Analysis_ML\data\raw\MVSA_Single\data\3714.jpg
MVSA_Single/data/5104.jpg,neutral,1,1,C:\Users\user\OneDrive\Desktop\KUHNE LOGISTIC UNIVERSITY\SEMESTER 2\Machine Learning\Sentiment-Analysis_ML\data\raw\MVSA_Single\data\5104.jpg
MVSA_Single/data/1740.jpg,negative,0,0,C:\Users\user\OneDrive\Desktop\KUHNE LOGISTIC UNIVERSITY\SEMESTER 2\Machine Learning\Sentiment-Analysis_ML\data\raw\MVSA_Single\data\1740.jpg
MVSA_Single/data/4735.jpg,positive,2,2,C:\Users\user\OneDrive\Desktop\KUHNE LOGISTIC UNIVERSITY\SEMESTER 2\Machine Learning\Sentiment-Analysis_ML\data\raw\MVSA_Single\data\4735.jpg
MVSA_Single/data/5049.jpg,neutral,1,1,C:\Users\user\OneDrive\Desktop\KUHNE LOGISTIC UNIVERSITY\SEMESTER 2\Machine Learning\Sentiment-Analysis_ML\data\raw\MVSA_Single\data\5049.jpg
MVSA_Single/data/1266.jpg,negative,0,0,C:\Users\user\OneDrive\Desktop\KUHNE LOGISTIC UNIVERSITY\SEMESTER 2\Machine Learning\Sentiment-Analysis_ML\data\raw\MVSA_Single\data\1266.jpg
MVSA_Single/data/3352.jpg,positive,2,2,C:\Users\user\OneDrive\Desktop\KUHNE LOGISTIC UNIVERSITY\SEMESTER 2\Machine Learning\Sentiment-Analysis_ML\data\raw\MVSA_Single\data\3352.jpg
MVSA_Single/data/3889.jpg,positive,2,2,C:\Users\user\OneDrive\Desktop\KUHNE LOGISTIC UNIVERSITY\SEMESTER 2\Machine Learning\Sentiment-Analysis_ML\data\raw\MVSA_Single\data\3889.jpg
MVSA_Single/data/5028.jpg,neutral,1,1,C:\Users\user\OneDrive\Desktop\KUHNE LOGISTIC UNIVERSITY\SEMESTER 2\Machine Learning\Sentiment-Analysis_ML\data\raw\MVSA_Single\data\5028.jpg
MVSA_Single/data/4872.jpg,positive,2,2,C:\Users\user\OneDrive\Desktop\KUHNE LOGISTIC UNIVERSITY\SEMESTER 2\Machine Learning\Sentiment-Analysis_ML\data\raw\MVSA_Single\data\4872.jpg
MVSA_Single/data/4269.jpg,negative,0,0,C:\Users\user\OneDrive\Desktop\KUHNE LOGISTIC UNIVERSITY\SEMESTER 2\Machine Learning\Sentiment-Analysis_ML\data\raw\MVSA_Single\data\4269.jpg
MVSA_Single/data/588.jpg,neutral,1,1,C:\Users\user\OneDrive\Desktop\KUHNE LOGISTIC UNIVERSITY\SEMESTER 2\Machine Learning\Sentiment-Analysis_ML\data\raw\MVSA_Single\data\588.jpg
MVSA_Single/data/1399.jpg,negative,0,0,C:\Users\user\OneDrive\Desktop\KUHNE LOGISTIC UNIVERSITY\SEMESTER 2\Machine Learning\Sentiment-Analysis_ML\data\raw\MVSA_Single\data\1399.jpg
MVSA_Single/data/1439.jpg,neutral,1,1,C:\Users\user\OneDrive\Desktop\KUHNE LOGISTIC UNIVERSITY\SEMESTER 2\Machine Learning\Sentiment-Analysis_ML\data\raw\MVSA_Single\data\1439.jpg
MVSA_Single/data/1060.jpg,negative,0,0,C:\Users\user\OneDrive\Desktop\KUHNE LOGISTIC UNIVERSITY\SEMESTER 2\Machine Learning\Sentiment-Analysis_ML\data\raw\MVSA_Single\data\1060.jpg
MVSA_Single/data/4196.jpg,negative,0,0,C:\Users\user\OneDrive\Desktop\KUHNE LOGISTIC UNIVERSITY\SEMESTER 2\Machine Learning\Sentiment-Analysis_ML\data\raw\MVSA_Single\data\4196.jpg
MVSA_Single/data/2371.jpg,neutral,1,1,C:\Users\user\OneDrive\Desktop\KUHNE LOGISTIC UNIVERSITY\SEMESTER 2\Machine Learning\Sentiment-Analysis_ML\data\raw\MVSA_Single\data\2371.jpg
MVSA_Single/data/874.jpg,negative,0,0,C:\Users\user\OneDrive\Desktop\KUHNE LOGISTIC UNIVERSITY\SEMESTER 2\Machine Learning\Sentiment-Analysis_ML\data\raw\MVSA_Single\data\874.jpg
MVSA_Single/data/1616.jpg,positive,2,2,C:\Users\user\OneDrive\Desktop\KUHNE LOGISTIC UNIVERSITY\SEMESTER 2\Machine Learning\Sentiment-Analysis_ML\data\raw\MVSA_Single\data\1616.jpg
MVSA_Single/data/1958.jpg,negative,0,0,C:\Users\user\OneDrive\Desktop\KUHNE LOGISTIC UNIVERSITY\SEMESTER 2\Machine Learning\Sentiment-Analysis_ML\data\raw\MVSA_Single\data\1958.jpg
MVSA_Single/data/2162.jpg,positive,2,2,C:\Users\user\OneDrive\Desktop\KUHNE LOGISTIC UNIVERSITY\SEMESTER 2\Machine Learning\Sentiment-Analysis_ML\data\raw\MVSA_Single\data\2162.jpg
MVSA_Single/data/2375.jpg,neutral,1,1,C:\Users\user\OneDrive\Desktop\KUHNE LOGISTIC UNIVERSITY\SEMESTER 2\Machine Learning\Sentiment-Analysis_ML\data\raw\MVSA_Single\data\2375.jpg
MVSA_Single/data/3676.jpg,positive,2,2,C:\Users\user\OneDrive\Desktop\KUHNE LOGISTIC UNIVERSITY\SEMESTER 2\Machine Learning\Sentiment-Analysis_ML\data\raw\MVSA_Single\data\3676.jpg
MVSA_Single/data/4475.jpg,positive,2,2,C:\Users\user\OneDrive\Desktop\KUHNE LOGISTIC UNIVERSITY\SEMESTER 2\Machine Learning\Sentiment-Analysis_ML\data\raw\MVSA_Single\data\4475.jpg
MVSA_Single/data/2688.jpg,negative,0,0,C:\Users\user\OneDrive\Desktop\KUHNE LOGISTIC UNIVERSITY\SEMESTER 2\Machine Learning\Sentiment-Analysis_ML\data\raw\MVSA_Single\data\2688.jpg
MVSA_Single/data/1561.jpg,negative,0,0,C:\Users\user\OneDrive\Desktop\KUHNE LOGISTIC UNIVERSITY\SEMESTER 2\Machine Learning\Sentiment-Analysis_ML\data\raw\MVSA_Single\data\1561.jpg
MVSA_Single/data/255.jpg,negative,0,0,C:\Users\user\OneDrive\Desktop\KUHNE LOGISTIC UNIVERSITY\SEMESTER 2\Machine Learning\Sentiment-Analysis_ML\data\raw\MVSA_Single\data\255.jpg
MVSA_Single/data/1662.jpg,neutral,1,1,C:\Users\user\OneDrive\Desktop\KUHNE LOGISTIC UNIVERSITY\SEMESTER 2\Machine Learning\Sentiment-Analysis_ML\data\raw\MVSA_Single\data\1662.jpg
MVSA_Single/data/158.jpg,negative,0,0,C:\Users\user\OneDrive\Desktop\KUHNE LOGISTIC UNIVERSITY\SEMESTER 2\Machine Learning\Sentiment-Analysis_ML\data\raw\MVSA_Single\data\158.jpg
MVSA_Single/data/2969.jpg,positive,2,2,C:\Users\user\OneDrive\Desktop\KUHNE LOGISTIC UNIVERSITY\SEMESTER 2\Machine Learning\Sentiment-Analysis_ML\data\raw\MVSA_Single\data\2969.jpg
MVSA_Single/data/2796.jpg,neutral,1,1,C:\Users\user\OneDrive\Desktop\KUHNE LOGISTIC UNIVERSITY\SEMESTER 2\Machine Learning\Sentiment-Analysis_ML\data\raw\MVSA_Single\data\2796.jpg
MVSA_Single/data/4934.jpg,positive,2,2,C:\Users\user\OneDrive\Desktop\KUHNE LOGISTIC UNIVERSITY\SEMESTER 2\Machine Learning\Sentiment-Analysis_ML\data\raw\MVSA_Single\data\4934.jpg
MVSA_Single/data/185.jpg,positive,2,2,C:\Users\user\OneDrive\Desktop\KUHNE LOGISTIC UNIVERSITY\SEMESTER 2\Machine Learning\Sentiment-Analysis_ML\data\raw\MVSA_Single\data\185.jpg
MVSA_Single/data/791.jpg,positive,2,2,C:\Users\user\OneDrive\Desktop\KUHNE LOGISTIC UNIVERSITY\SEMESTER 2\Machine Learning\Sentiment-Analysis_ML\data\raw\MVSA_Single\data\791.jpg
MVSA_Single/data/879.jpg,positive,2,2,C:\Users\user\OneDrive\Desktop\KUHNE LOGISTIC UNIVERSITY\SEMESTER 2\Machine Learning\Sentiment-Analysis_ML\data\raw\MVSA_Single\data\879.jpg
MVSA_Single/data/4350.jpg,negative,0,0,C:\Users\user\OneDrive\Desktop\KUHNE LOGISTIC UNIVERSITY\SEMESTER 2\Machine Learning\Sentiment-Analysis_ML\data\raw\MVSA_Single\data\4350.jpg
MVSA_Single/data/676.jpg,negative,0,0,C:\Users\user\OneDrive\Desktop\KUHNE LOGISTIC UNIVERSITY\SEMESTER 2\Machine Learning\Sentiment-Analysis_ML\data\raw\MVSA_Single\data\676.jpg
MVSA_Single/data/2671.jpg,negative,0,0,C:\Users\user\OneDrive\Desktop\KUHNE LOGISTIC UNIVERSITY\SEMESTER 2\Machine Learning\Sentiment-Analysis_ML\data\raw\MVSA_Single\data\2671.jpg
MVSA_Single/data/1330.jpg,positive,2,2,C:\Users\user\OneDrive\Desktop\KUHNE LOGISTIC UNIVERSITY\SEMESTER 2\Machine Learning\Sentiment-Analysis_ML\data\raw\MVSA_Single\data\1330.jpg
MVSA_Single/data/2606.jpg,negative,0,0,C:\Users\user\OneDrive\Desktop\KUHNE LOGISTIC UNIVERSITY\SEMESTER 2\Machine Learning\Sentiment-Analysis_ML\data\raw\MVSA_Single\data\2606.jpg
MVSA_Single/data/4764.jpg,negative,0,0,C:\Users\user\OneDrive\Desktop\KUHNE LOGISTIC UNIVERSITY\SEMESTER 2\Machine Learning\Sentiment-Analysis_ML\data\raw\MVSA_Single\data\4764.jpg
MVSA_Single/data/4637.jpg,positive,2,2,C:\Users\user\OneDrive\Desktop\KUHNE LOGISTIC UNIVERSITY\SEMESTER 2\Machine Learning\Sentiment-Analysis_ML\data\raw\MVSA_Single\data\4637.jpg
MVSA_Single/data/3878.jpg,negative,0,0,C:\Users\user\OneDrive\Desktop\KUHNE LOGISTIC UNIVERSITY\SEMESTER 2\Machine Learning\Sentiment-Analysis_ML\data\raw\MVSA_Single\data\3878.jpg
MVSA_Single/data/4322.jpg,neutral,1,1,C:\Users\user\OneDrive\Desktop\KUHNE LOGISTIC UNIVERSITY\SEMESTER 2\Machine Learning\Sentiment-Analysis_ML\data\raw\MVSA_Single\data\4322.jpg
MVSA_Single/data/106.jpg,neutral,1,1,C:\Users\user\OneDrive\Desktop\KUHNE LOGISTIC UNIVERSITY\SEMESTER 2\Machine Learning\Sentiment-Analysis_ML\data\raw\MVSA_Single\data\106.jpg
MVSA_Single/data/4931.jpg,positive,2,2,C:\Users\user\OneDrive\Desktop\KUHNE LOGISTIC UNIVERSITY\SEMESTER 2\Machine Learning\Sentiment-Analysis_ML\data\raw\MVSA_Single\data\4931.jpg
MVSA_Single/data/177.jpg,positive,2,2,C:\Users\user\OneDrive\Desktop\KUHNE LOGISTIC UNIVERSITY\SEMESTER 2\Machine Learning\Sentiment-Analysis_ML\data\raw\MVSA_Single\data\177.jpg
MVSA_Single/data/3486.jpg,positive,2,2,C:\Users\user\OneDrive\Desktop\KUHNE LOGISTIC UNIVERSITY\SEMESTER 2\Machine Learning\Sentiment-Analysis_ML\data\raw\MVSA_Single\data\3486.jpg
MVSA_Single/data/1116.jpg,positive,2,2,C:\Users\user\OneDrive\Desktop\KUHNE LOGISTIC UNIVERSITY\SEMESTER 2\Machine Learning\Sentiment-Analysis_ML\data\raw\MVSA_Single\data\1116.jpg
MVSA_Single/data/2499.jpg,neutral,1,1,C:\Users\user\OneDrive\Desktop\KUHNE LOGISTIC UNIVERSITY\SEMESTER 2\Machine Learning\Sentiment-Analysis_ML\data\raw\MVSA_Single\data\2499.jpg
MVSA_Single/data/1114.jpg,positive,2,2,C:\Users\user\OneDrive\Desktop\KUHNE LOGISTIC UNIVERSITY\SEMESTER 2\Machine Learning\Sentiment-Analysis_ML\data\raw\MVSA_Single\data\1114.jpg
MVSA_Single/data/2840.jpg,negative,0,0,C:\Users\user\OneDrive\Desktop\KUHNE LOGISTIC UNIVERSITY\SEMESTER 2\Machine Learning\Sentiment-Analysis_ML\data\raw\MVSA_Single\data\2840.jpg
MVSA_Single/data/4305.jpg,neutral,1,1,C:\Users\user\OneDrive\Desktop\KUHNE LOGISTIC UNIVERSITY\SEMESTER 2\Machine Learning\Sentiment-Analysis_ML\data\raw\MVSA_Single\data\4305.jpg
MVSA_Single/data/1404.jpg,negative,0,0,C:\Users\user\OneDrive\Desktop\KUHNE LOGISTIC UNIVERSITY\SEMESTER 2\Machine Learning\Sentiment-Analysis_ML\data\raw\MVSA_Single\data\1404.jpg
MVSA_Single/data/3425.jpg,positive,2,2,C:\Users\user\OneDrive\Desktop\KUHNE LOGISTIC UNIVERSITY\SEMESTER 2\Machine Learning\Sentiment-Analysis_ML\data\raw\MVSA_Single\data\3425.jpg
MVSA_Single/data/4792.jpg,positive,2,2,C:\Users\user\OneDrive\Desktop\KUHNE LOGISTIC UNIVERSITY\SEMESTER 2\Machine Learning\Sentiment-Analysis_ML\data\raw\MVSA_Single\data\4792.jpg
MVSA_Single/data/1686.jpg,positive,2,2,C:\Users\user\OneDrive\Desktop\KUHNE LOGISTIC UNIVERSITY\SEMESTER 2\Machine Learning\Sentiment-Analysis_ML\data\raw\MVSA_Single\data\1686.jpg
MVSA_Single/data/4244.jpg,neutral,1,1,C:\Users\user\OneDrive\Desktop\KUHNE LOGISTIC UNIVERSITY\SEMESTER 2\Machine Learning\Sentiment-Analysis_ML\data\raw\MVSA_Single\data\4244.jpg
MVSA_Single/data/384.jpg,negative,0,0,C:\Users\user\OneDrive\Desktop\KUHNE LOGISTIC UNIVERSITY\SEMESTER 2\Machine Learning\Sentiment-Analysis_ML\data\raw\MVSA_Single\data\384.jpg
MVSA_Single/data/2718.jpg,negative,0,0,C:\Users\user\OneDrive\Desktop\KUHNE LOGISTIC UNIVERSITY\SEMESTER 2\Machine Learning\Sentiment-Analysis_ML\data\raw\MVSA_Single\data\2718.jpg
MVSA_Single/data/3416.jpg,negative,0,0,C:\Users\user\OneDrive\Desktop\KUHNE LOGISTIC UNIVERSITY\SEMESTER 2\Machine Learning\Sentiment-Analysis_ML\data\raw\MVSA_Single\data\3416.jpg
MVSA_Single/data/1787.jpg,positive,2,2,C:\Users\user\OneDrive\Desktop\KUHNE LOGISTIC UNIVERSITY\SEMESTER 2\Machine Learning\Sentiment-Analysis_ML\data\raw\MVSA_Single\data\1787.jpg
MVSA_Single/data/2664.jpg,negative,0,0,C:\Users\user\OneDrive\Desktop\KUHNE LOGISTIC UNIVERSITY\SEMESTER 2\Machine Learning\Sentiment-Analysis_ML\data\raw\MVSA_Single\data\2664.jpg
MVSA_Single/data/3382.jpg,positive,2,2,C:\Users\user\OneDrive\Desktop\KUHNE LOGISTIC UNIVERSITY\SEMESTER 2\Machine Learning\Sentiment-Analysis_ML\data\raw\MVSA_Single\data\3382.jpg
MVSA_Single/data/4221.jpg,positive,2,2,C:\Users\user\OneDrive\Desktop\KUHNE LOGISTIC UNIVERSITY\SEMESTER 2\Machine Learning\Sentiment-Analysis_ML\data\raw\MVSA_Single\data\4221.jpg
MVSA_Single/data/3246.jpg,positive,2,2,C:\Users\user\OneDrive\Desktop\KUHNE LOGISTIC UNIVERSITY\SEMESTER 2\Machine Learning\Sentiment-Analysis_ML\data\raw\MVSA_Single\data\3246.jpg
MVSA_Single/data/4511.jpg,positive,2,2,C:\Users\user\OneDrive\Desktop\KUHNE LOGISTIC UNIVERSITY\SEMESTER 2\Machine Learning\Sentiment-Analysis_ML\data\raw\MVSA_Single\data\4511.jpg
MVSA_Single/data/1749.jpg,positive,2,2,C:\Users\user\OneDrive\Desktop\KUHNE LOGISTIC UNIVERSITY\SEMESTER 2\Machine Learning\Sentiment-Analysis_ML\data\raw\MVSA_Single\data\1749.jpg
MVSA_Single/data/1487.jpg,positive,2,2,C:\Users\user\OneDrive\Desktop\KUHNE LOGISTIC UNIVERSITY\SEMESTER 2\Machine Learning\Sentiment-Analysis_ML\data\raw\MVSA_Single\data\1487.jpg
MVSA_Single/data/191.jpg,positive,2,2,C:\Users\user\OneDrive\Desktop\KUHNE LOGISTIC UNIVERSITY\SEMESTER 2\Machine Learning\Sentiment-Analysis_ML\data\raw\MVSA_Single\data\191.jpg
MVSA_Single/data/347.jpg,negative,0,0,C:\Users\user\OneDrive\Desktop\KUHNE LOGISTIC UNIVERSITY\SEMESTER 2\Machine Learning\Sentiment-Analysis_ML\data\raw\MVSA_Single\data\347.jpg
MVSA_Single/data/4938.jpg,negative,0,0,C:\Users\user\OneDrive\Desktop\KUHNE LOGISTIC UNIVERSITY\SEMESTER 2\Machine Learning\Sentiment-Analysis_ML\data\raw\MVSA_Single\data\4938.jpg
MVSA_Single/data/3695.jpg,neutral,1,1,C:\Users\user\OneDrive\Desktop\KUHNE LOGISTIC UNIVERSITY\SEMESTER 2\Machine Learning\Sentiment-Analysis_ML\data\raw\MVSA_Single\data\3695.jpg
MVSA_Single/data/74.jpg,neutral,1,1,C:\Users\user\OneDrive\Desktop\KUHNE LOGISTIC UNIVERSITY\SEMESTER 2\Machine Learning\Sentiment-Analysis_ML\data\raw\MVSA_Single\data\74.jpg
MVSA_Single/data/2823.jpg,negative,0,0,C:\Users\user\OneDrive\Desktop\KUHNE LOGISTIC UNIVERSITY\SEMESTER 2\Machine Learning\Sentiment-Analysis_ML\data\raw\MVSA_Single\data\2823.jpg
MVSA_Single/data/2080.jpg,positive,2,2,C:\Users\user\OneDrive\Desktop\KUHNE LOGISTIC UNIVERSITY\SEMESTER 2\Machine Learning\Sentiment-Analysis_ML\data\raw\MVSA_Single\data\2080.jpg
MVSA_Single/data/1431.jpg,positive,2,2,C:\Users\user\OneDrive\Desktop\KUHNE LOGISTIC UNIVERSITY\SEMESTER 2\Machine Learning\Sentiment-Analysis_ML\data\raw\MVSA_Single\data\1431.jpg
MVSA_Single/data/4102.jpg,neutral,1,1,C:\Users\user\OneDrive\Desktop\KUHNE LOGISTIC UNIVERSITY\SEMESTER 2\Machine Learning\Sentiment-Analysis_ML\data\raw\MVSA_Single\data\4102.jpg
MVSA_Single/data/1383.jpg,negative,0,0,C:\Users\user\OneDrive\Desktop\KUHNE LOGISTIC UNIVERSITY\SEMESTER 2\Machine Learning\Sentiment-Analysis_ML\data\raw\MVSA_Single\data\1383.jpg
MVSA_Single/data/5047.jpg,positive,2,2,C:\Users\user\OneDrive\Desktop\KUHNE LOGISTIC UNIVERSITY\SEMESTER 2\Machine Learning\Sentiment-Analysis_ML\data\raw\MVSA_Single\data\5047.jpg
MVSA_Single/data/2104.jpg,negative,0,0,C:\Users\user\OneDrive\Desktop\KUHNE LOGISTIC UNIVERSITY\SEMESTER 2\Machine Learning\Sentiment-Analysis_ML\data\raw\MVSA_Single\data\2104.jpg
MVSA_Single/data/1732.jpg,positive,2,2,C:\Users\user\OneDrive\Desktop\KUHNE LOGISTIC UNIVERSITY\SEMESTER 2\Machine Learning\Sentiment-Analysis_ML\data\raw\MVSA_Single\data\1732.jpg
MVSA_Single/data/3911.jpg,positive,2,2,C:\Users\user\OneDrive\Desktop\KUHNE LOGISTIC UNIVERSITY\SEMESTER 2\Machine Learning\Sentiment-Analysis_ML\data\raw\MVSA_Single\data\3911.jpg
MVSA_Single/data/713.jpg,positive,2,2,C:\Users\user\OneDrive\Desktop\KUHNE LOGISTIC UNIVERSITY\SEMESTER 2\Machine Learning\Sentiment-Analysis_ML\data\raw\MVSA_Single\data\713.jpg
MVSA_Single/data/2766.jpg,negative,0,0,C:\Users\user\OneDrive\Desktop\KUHNE LOGISTIC UNIVERSITY\SEMESTER 2\Machine Learning\Sentiment-Analysis_ML\data\raw\MVSA_Single\data\2766.jpg
MVSA_Single/data/1045.jpg,neutral,1,1,C:\Users\user\OneDrive\Desktop\KUHNE LOGISTIC UNIVERSITY\SEMESTER 2\Machine Learning\Sentiment-Analysis_ML\data\raw\MVSA_Single\data\1045.jpg
MVSA_Single/data/3434.jpg,negative,0,0,C:\Users\user\OneDrive\Desktop\KUHNE LOGISTIC UNIVERSITY\SEMESTER 2\Machine Learning\Sentiment-Analysis_ML\data\raw\MVSA_Single\data\3434.jpg
MVSA_Single/data/635.jpg,positive,2,2,C:\Users\user\OneDrive\Desktop\KUHNE LOGISTIC UNIVERSITY\SEMESTER 2\Machine Learning\Sentiment-Analysis_ML\data\raw\MVSA_Single\data\635.jpg
MVSA_Single/data/3102.jpg,positive,2,2,C:\Users\user\OneDrive\Desktop\KUHNE LOGISTIC UNIVERSITY\SEMESTER 2\Machine Learning\Sentiment-Analysis_ML\data\raw\MVSA_Single\data\3102.jpg
MVSA_Single/data/3338.jpg,positive,2,2,C:\Users\user\OneDrive\Desktop\KUHNE LOGISTIC UNIVERSITY\SEMESTER 2\Machine Learning\Sentiment-Analysis_ML\data\raw\MVSA_Single\data\3338.jpg
MVSA_Single/data/4136.jpg,negative,0,0,C:\Users\user\OneDrive\Desktop\KUHNE LOGISTIC UNIVERSITY\SEMESTER 2\Machine Learning\Sentiment-Analysis_ML\data\raw\MVSA_Single\data\4136.jpg
MVSA_Single/data/4844.jpg,positive,2,2,C:\Users\user\OneDrive\Desktop\KUHNE LOGISTIC UNIVERSITY\SEMESTER 2\Machine Learning\Sentiment-Analysis_ML\data\raw\MVSA_Single\data\4844.jpg
MVSA_Single/data/466.jpg,positive,2,2,C:\Users\user\OneDrive\Desktop\KUHNE LOGISTIC UNIVERSITY\SEMESTER 2\Machine Learning\Sentiment-Analysis_ML\data\raw\MVSA_Single\data\466.jpg
MVSA_Single/data/2734.jpg,neutral,1,1,C:\Users\user\OneDrive\Desktop\KUHNE LOGISTIC UNIVERSITY\SEMESTER 2\Machine Learning\Sentiment-Analysis_ML\data\raw\MVSA_Single\data\2734.jpg
MVSA_Single/data/281.jpg,positive,2,2,C:\Users\user\OneDrive\Desktop\KUHNE LOGISTIC UNIVERSITY\SEMESTER 2\Machine Learning\Sentiment-Analysis_ML\data\raw\MVSA_Single\data\281.jpg
MVSA_Single/data/453.jpg,negative,0,0,C:\Users\user\OneDrive\Desktop\KUHNE LOGISTIC UNIVERSITY\SEMESTER 2\Machine Learning\Sentiment-Analysis_ML\data\raw\MVSA_Single\data\453.jpg
MVSA_Single/data/1275.jpg,positive,2,2,C:\Users\user\OneDrive\Desktop\KUHNE LOGISTIC UNIVERSITY\SEMESTER 2\Machine Learning\Sentiment-Analysis_ML\data\raw\MVSA_Single\data\1275.jpg
MVSA_Single/data/1218.jpg,negative,0,0,C:\Users\user\OneDrive\Desktop\KUHNE LOGISTIC UNIVERSITY\SEMESTER 2\Machine Learning\Sentiment-Analysis_ML\data\raw\MVSA_Single\data\1218.jpg
MVSA_Single/data/2036.jpg,positive,2,2,C:\Users\user\OneDrive\Desktop\KUHNE LOGISTIC UNIVERSITY\SEMESTER 2\Machine Learning\Sentiment-Analysis_ML\data\raw\MVSA_Single\data\2036.jpg
MVSA_Single/data/1422.jpg,positive,2,2,C:\Users\user\OneDrive\Desktop\KUHNE LOGISTIC UNIVERSITY\SEMESTER 2\Machine Learning\Sentiment-Analysis_ML\data\raw\MVSA_Single\data\1422.jpg
MVSA_Single/data/711.jpg,positive,2,2,C:\Users\user\OneDrive\Desktop\KUHNE LOGISTIC UNIVERSITY\SEMESTER 2\Machine Learning\Sentiment-Analysis_ML\data\raw\MVSA_Single\data\711.jpg
MVSA_Single/data/1113.jpg,positive,2,2,C:\Users\user\OneDrive\Desktop\KUHNE LOGISTIC UNIVERSITY\SEMESTER 2\Machine Learning\Sentiment-Analysis_ML\data\raw\MVSA_Single\data\1113.jpg
MVSA_Single/data/657.jpg,negative,0,0,C:\Users\user\OneDrive\Desktop\KUHNE LOGISTIC UNIVERSITY\SEMESTER 2\Machine Learning\Sentiment-Analysis_ML\data\raw\MVSA_Single\data\657.jpg
MVSA_Single/data/1285.jpg,positive,2,2,C:\Users\user\OneDrive\Desktop\KUHNE LOGISTIC UNIVERSITY\SEMESTER 2\Machine Learning\Sentiment-Analysis_ML\data\raw\MVSA_Single\data\1285.jpg
MVSA_Single/data/4837.jpg,positive,2,2,C:\Users\user\OneDrive\Desktop\KUHNE LOGISTIC UNIVERSITY\SEMESTER 2\Machine Learning\Sentiment-Analysis_ML\data\raw\MVSA_Single\data\4837.jpg
MVSA_Single/data/4539.jpg,positive,2,2,C:\Users\user\OneDrive\Desktop\KUHNE LOGISTIC UNIVERSITY\SEMESTER 2\Machine Learning\Sentiment-Analysis_ML\data\raw\MVSA_Single\data\4539.jpg
MVSA_Single/data/1021.jpg,positive,2,2,C:\Users\user\OneDrive\Desktop\KUHNE LOGISTIC UNIVERSITY\SEMESTER 2\Machine Learning\Sentiment-Analysis_ML\data\raw\MVSA_Single\data\1021.jpg
MVSA_Single/data/962.jpg,neutral,1,1,C:\Users\user\OneDrive\Desktop\KUHNE LOGISTIC UNIVERSITY\SEMESTER 2\Machine Learning\Sentiment-Analysis_ML\data\raw\MVSA_Single\data\962.jpg
MVSA_Single/data/3600.jpg,positive,2,2,C:\Users\user\OneDrive\Desktop\KUHNE LOGISTIC UNIVERSITY\SEMESTER 2\Machine Learning\Sentiment-Analysis_ML\data\raw\MVSA_Single\data\3600.jpg
MVSA_Single/data/3271.jpg,negative,0,0,C:\Users\user\OneDrive\Desktop\KUHNE LOGISTIC UNIVERSITY\SEMESTER 2\Machine Learning\Sentiment-Analysis_ML\data\raw\MVSA_Single\data\3271.jpg
MVSA_Single/data/3162.jpg,positive,2,2,C:\Users\user\OneDrive\Desktop\KUHNE LOGISTIC UNIVERSITY\SEMESTER 2\Machine Learning\Sentiment-Analysis_ML\data\raw\MVSA_Single\data\3162.jpg
MVSA_Single/data/542.jpg,negative,0,0,C:\Users\user\OneDrive\Desktop\KUHNE LOGISTIC UNIVERSITY\SEMESTER 2\Machine Learning\Sentiment-Analysis_ML\data\raw\MVSA_Single\data\542.jpg
MVSA_Single/data/2798.jpg,positive,2,2,C:\Users\user\OneDrive\Desktop\KUHNE LOGISTIC UNIVERSITY\SEMESTER 2\Machine Learning\Sentiment-Analysis_ML\data\raw\MVSA_Single\data\2798.jpg
MVSA_Single/data/1106.jpg,neutral,1,1,C:\Users\user\OneDrive\Desktop\KUHNE LOGISTIC UNIVERSITY\SEMESTER 2\Machine Learning\Sentiment-Analysis_ML\data\raw\MVSA_Single\data\1106.jpg
MVSA_Single/data/574.jpg,negative,0,0,C:\Users\user\OneDrive\Desktop\KUHNE LOGISTIC UNIVERSITY\SEMESTER 2\Machine Learning\Sentiment-Analysis_ML\data\raw\MVSA_Single\data\574.jpg
MVSA_Single/data/3864.jpg,positive,2,2,C:\Users\user\OneDrive\Desktop\KUHNE LOGISTIC UNIVERSITY\SEMESTER 2\Machine Learning\Sentiment-Analysis_ML\data\raw\MVSA_Single\data\3864.jpg
MVSA_Single/data/1510.jpg,negative,0,0,C:\Users\user\OneDrive\Desktop\KUHNE LOGISTIC UNIVERSITY\SEMESTER 2\Machine Learning\Sentiment-Analysis_ML\data\raw\MVSA_Single\data\1510.jpg
MVSA_Single/data/1020.jpg,positive,2,2,C:\Users\user\OneDrive\Desktop\KUHNE LOGISTIC UNIVERSITY\SEMESTER 2\Machine Learning\Sentiment-Analysis_ML\data\raw\MVSA_Single\data\1020.jpg
MVSA_Single/data/2060.jpg,neutral,1,1,C:\Users\user\OneDrive\Desktop\KUHNE LOGISTIC UNIVERSITY\SEMESTER 2\Machine Learning\Sentiment-Analysis_ML\data\raw\MVSA_Single\data\2060.jpg
MVSA_Single/data/3651.jpg,positive,2,2,C:\Users\user\OneDrive\Desktop\KUHNE LOGISTIC UNIVERSITY\SEMESTER 2\Machine Learning\Sentiment-Analysis_ML\data\raw\MVSA_Single\data\3651.jpg
MVSA_Single/data/2788.jpg,neutral,1,1,C:\Users\user\OneDrive\Desktop\KUHNE LOGISTIC UNIVERSITY\SEMESTER 2\Machine Learning\Sentiment-Analysis_ML\data\raw\MVSA_Single\data\2788.jpg
MVSA_Single/data/944.jpg,negative,0,0,C:\Users\user\OneDrive\Desktop\KUHNE LOGISTIC UNIVERSITY\SEMESTER 2\Machine Learning\Sentiment-Analysis_ML\data\raw\MVSA_Single\data\944.jpg
MVSA_Single/data/4246.jpg,positive,2,2,C:\Users\user\OneDrive\Desktop\KUHNE LOGISTIC UNIVERSITY\SEMESTER 2\Machine Learning\Sentiment-Analysis_ML\data\raw\MVSA_Single\data\4246.jpg
MVSA_Single/data/1652.jpg,positive,2,2,C:\Users\user\OneDrive\Desktop\KUHNE LOGISTIC UNIVERSITY\SEMESTER 2\Machine Learning\Sentiment-Analysis_ML\data\raw\MVSA_Single\data\1652.jpg
MVSA_Single/data/229.jpg,positive,2,2,C:\Users\user\OneDrive\Desktop\KUHNE LOGISTIC UNIVERSITY\SEMESTER 2\Machine Learning\Sentiment-Analysis_ML\data\raw\MVSA_Single\data\229.jpg
MVSA_Single/data/3322.jpg,neutral,1,1,C:\Users\user\OneDrive\Desktop\KUHNE LOGISTIC UNIVERSITY\SEMESTER 2\Machine Learning\Sentiment-Analysis_ML\data\raw\MVSA_Single\data\3322.jpg
MVSA_Single/data/996.jpg,positive,2,2,C:\Users\user\OneDrive\Desktop\KUHNE LOGISTIC UNIVERSITY\SEMESTER 2\Machine Learning\Sentiment-Analysis_ML\data\raw\MVSA_Single\data\996.jpg
MVSA_Single/data/950.jpg,positive,2,2,C:\Users\user\OneDrive\Desktop\KUHNE LOGISTIC UNIVERSITY\SEMESTER 2\Machine Learning\Sentiment-Analysis_ML\data\raw\MVSA_Single\data\950.jpg
MVSA_Single/data/3639.jpg,positive,2,2,C:\Users\user\OneDrive\Desktop\KUHNE LOGISTIC UNIVERSITY\SEMESTER 2\Machine Learning\Sentiment-Analysis_ML\data\raw\MVSA_Single\data\3639.jpg
MVSA_Single/data/2076.jpg,neutral,1,1,C:\Users\user\OneDrive\Desktop\KUHNE LOGISTIC UNIVERSITY\SEMESTER 2\Machine Learning\Sentiment-Analysis_ML\data\raw\MVSA_Single\data\2076.jpg
MVSA_Single/data/3654.jpg,positive,2,2,C:\Users\user\OneDrive\Desktop\KUHNE LOGISTIC UNIVERSITY\SEMESTER 2\Machine Learning\Sentiment-Analysis_ML\data\raw\MVSA_Single\data\3654.jpg
MVSA_Single/data/3355.jpg,positive,2,2,C:\Users\user\OneDrive\Desktop\KUHNE LOGISTIC UNIVERSITY\SEMESTER 2\Machine Learning\Sentiment-Analysis_ML\data\raw\MVSA_Single\data\3355.jpg
MVSA_Single/data/4606.jpg,negative,0,0,C:\Users\user\OneDrive\Desktop\KUHNE LOGISTIC UNIVERSITY\SEMESTER 2\Machine Learning\Sentiment-Analysis_ML\data\raw\MVSA_Single\data\4606.jpg
MVSA_Single/data/666.jpg,positive,2,2,C:\Users\user\OneDrive\Desktop\KUHNE LOGISTIC UNIVERSITY\SEMESTER 2\Machine Learning\Sentiment-Analysis_ML\data\raw\MVSA_Single\data\666.jpg
MVSA_Single/data/3190.jpg,positive,2,2,C:\Users\user\OneDrive\Desktop\KUHNE LOGISTIC UNIVERSITY\SEMESTER 2\Machine Learning\Sentiment-Analysis_ML\data\raw\MVSA_Single\data\3190.jpg
MVSA_Single/data/2339.jpg,negative,0,0,C:\Users\user\OneDrive\Desktop\KUHNE LOGISTIC UNIVERSITY\SEMESTER 2\Machine Learning\Sentiment-Analysis_ML\data\raw\MVSA_Single\data\2339.jpg
MVSA_Single/data/2013.jpg,negative,0,0,C:\Users\user\OneDrive\Desktop\KUHNE LOGISTIC UNIVERSITY\SEMESTER 2\Machine Learning\Sentiment-Analysis_ML\data\raw\MVSA_Single\data\2013.jpg
MVSA_Single/data/4977.jpg,negative,0,0,C:\Users\user\OneDrive\Desktop\KUHNE LOGISTIC UNIVERSITY\SEMESTER 2\Machine Learning\Sentiment-Analysis_ML\data\raw\MVSA_Single\data\4977.jpg
MVSA_Single/data/58.jpg,positive,2,2,C:\Users\user\OneDrive\Desktop\KUHNE LOGISTIC UNIVERSITY\SEMESTER 2\Machine Learning\Sentiment-Analysis_ML\data\raw\MVSA_Single\data\58.jpg
MVSA_Single/data/4332.jpg,negative,0,0,C:\Users\user\OneDrive\Desktop\KUHNE LOGISTIC UNIVERSITY\SEMESTER 2\Machine Learning\Sentiment-Analysis_ML\data\raw\MVSA_Single\data\4332.jpg
MVSA_Single/data/4817.jpg,positive,2,2,C:\Users\user\OneDrive\Desktop\KUHNE LOGISTIC UNIVERSITY\SEMESTER 2\Machine Learning\Sentiment-Analysis_ML\data\raw\MVSA_Single\data\4817.jpg
MVSA_Single/data/4536.jpg,neutral,1,1,C:\Users\user\OneDrive\Desktop\KUHNE LOGISTIC UNIVERSITY\SEMESTER 2\Machine Learning\Sentiment-Analysis_ML\data\raw\MVSA_Single\data\4536.jpg
MVSA_Single/data/4549.jpg,positive,2,2,C:\Users\user\OneDrive\Desktop\KUHNE LOGISTIC UNIVERSITY\SEMESTER 2\Machine Learning\Sentiment-Analysis_ML\data\raw\MVSA_Single\data\4549.jpg
MVSA_Single/data/3203.jpg,positive,2,2,C:\Users\user\OneDrive\Desktop\KUHNE LOGISTIC UNIVERSITY\SEMESTER 2\Machine Learning\Sentiment-Analysis_ML\data\raw\MVSA_Single\data\3203.jpg
MVSA_Single/data/1609.jpg,positive,2,2,C:\Users\user\OneDrive\Desktop\KUHNE LOGISTIC UNIVERSITY\SEMESTER 2\Machine Learning\Sentiment-Analysis_ML\data\raw\MVSA_Single\data\1609.jpg
MVSA_Single/data/4409.jpg,neutral,1,1,C:\Users\user\OneDrive\Desktop\KUHNE LOGISTIC UNIVERSITY\SEMESTER 2\Machine Learning\Sentiment-Analysis_ML\data\raw\MVSA_Single\data\4409.jpg
MVSA_Single/data/4865.jpg,positive,2,2,C:\Users\user\OneDrive\Desktop\KUHNE LOGISTIC UNIVERSITY\SEMESTER 2\Machine Learning\Sentiment-Analysis_ML\data\raw\MVSA_Single\data\4865.jpg
MVSA_Single/data/2345.jpg,negative,0,0,C:\Users\user\OneDrive\Desktop\KUHNE LOGISTIC UNIVERSITY\SEMESTER 2\Machine Learning\Sentiment-Analysis_ML\data\raw\MVSA_Single\data\2345.jpg
MVSA_Single/data/3202.jpg,neutral,1,1,C:\Users\user\OneDrive\Desktop\KUHNE LOGISTIC UNIVERSITY\SEMESTER 2\Machine Learning\Sentiment-Analysis_ML\data\raw\MVSA_Single\data\3202.jpg
MVSA_Single/data/2896.jpg,negative,0,0,C:\Users\user\OneDrive\Desktop\KUHNE LOGISTIC UNIVERSITY\SEMESTER 2\Machine Learning\Sentiment-Analysis_ML\data\raw\MVSA_Single\data\2896.jpg
MVSA_Single/data/3663.jpg,positive,2,2,C:\Users\user\OneDrive\Desktop\KUHNE LOGISTIC UNIVERSITY\SEMESTER 2\Machine Learning\Sentiment-Analysis_ML\data\raw\MVSA_Single\data\3663.jpg
MVSA_Single/data/3399.jpg,positive,2,2,C:\Users\user\OneDrive\Desktop\KUHNE LOGISTIC UNIVERSITY\SEMESTER 2\Machine Learning\Sentiment-Analysis_ML\data\raw\MVSA_Single\data\3399.jpg
MVSA_Single/data/4558.jpg,neutral,1,1,C:\Users\user\OneDrive\Desktop\KUHNE LOGISTIC UNIVERSITY\SEMESTER 2\Machine Learning\Sentiment-Analysis_ML\data\raw\MVSA_Single\data\4558.jpg
MVSA_Single/data/3442.jpg,positive,2,2,C:\Users\user\OneDrive\Desktop\KUHNE LOGISTIC UNIVERSITY\SEMESTER 2\Machine Learning\Sentiment-Analysis_ML\data\raw\MVSA_Single\data\3442.jpg
MVSA_Single/data/1455.jpg,negative,0,0,C:\Users\user\OneDrive\Desktop\KUHNE LOGISTIC UNIVERSITY\SEMESTER 2\Machine Learning\Sentiment-Analysis_ML\data\raw\MVSA_Single\data\1455.jpg
MVSA_Single/data/2536.jpg,positive,2,2,C:\Users\user\OneDrive\Desktop\KUHNE LOGISTIC UNIVERSITY\SEMESTER 2\Machine Learning\Sentiment-Analysis_ML\data\raw\MVSA_Single\data\2536.jpg
MVSA_Single/data/4379.jpg,positive,2,2,C:\Users\user\OneDrive\Desktop\KUHNE LOGISTIC UNIVERSITY\SEMESTER 2\Machine Learning\Sentiment-Analysis_ML\data\raw\MVSA_Single\data\4379.jpg
MVSA_Single/data/3598.jpg,positive,2,2,C:\Users\user\OneDrive\Desktop\KUHNE LOGISTIC UNIVERSITY\SEMESTER 2\Machine Learning\Sentiment-Analysis_ML\data\raw\MVSA_Single\data\3598.jpg
MVSA_Single/data/2668.jpg,negative,0,0,C:\Users\user\OneDrive\Desktop\KUHNE LOGISTIC UNIVERSITY\SEMESTER 2\Machine Learning\Sentiment-Analysis_ML\data\raw\MVSA_Single\data\2668.jpg
MVSA_Single/data/2081.jpg,positive,2,2,C:\Users\user\OneDrive\Desktop\KUHNE LOGISTIC UNIVERSITY\SEMESTER 2\Machine Learning\Sentiment-Analysis_ML\data\raw\MVSA_Single\data\2081.jpg
MVSA_Single/data/3068.jpg,positive,2,2,C:\Users\user\OneDrive\Desktop\KUHNE LOGISTIC UNIVERSITY\SEMESTER 2\Machine Learning\Sentiment-Analysis_ML\data\raw\MVSA_Single\data\3068.jpg
MVSA_Single/data/230.jpg,positive,2,2,C:\Users\user\OneDrive\Desktop\KUHNE LOGISTIC UNIVERSITY\SEMESTER 2\Machine Learning\Sentiment-Analysis_ML\data\raw\MVSA_Single\data\230.jpg
MVSA_Single/data/3228.jpg,positive,2,2,C:\Users\user\OneDrive\Desktop\KUHNE LOGISTIC UNIVERSITY\SEMESTER 2\Machine Learning\Sentiment-Analysis_ML\data\raw\MVSA_Single\data\3228.jpg
MVSA_Single/data/3899.jpg,positive,2,2,C:\Users\user\OneDrive\Desktop\KUHNE LOGISTIC UNIVERSITY\SEMESTER 2\Machine Learning\Sentiment-Analysis_ML\data\raw\MVSA_Single\data\3899.jpg
MVSA_Single/data/2359.jpg,negative,0,0,C:\Users\user\OneDrive\Desktop\KUHNE LOGISTIC UNIVERSITY\SEMESTER 2\Machine Learning\Sentiment-Analysis_ML\data\raw\MVSA_Single\data\2359.jpg
MVSA_Single/data/3675.jpg,positive,2,2,C:\Users\user\OneDrive\Desktop\KUHNE LOGISTIC UNIVERSITY\SEMESTER 2\Machine Learning\Sentiment-Analysis_ML\data\raw\MVSA_Single\data\3675.jpg
MVSA_Single/data/1231.jpg,positive,2,2,C:\Users\user\OneDrive\Desktop\KUHNE LOGISTIC UNIVERSITY\SEMESTER 2\Machine Learning\Sentiment-Analysis_ML\data\raw\MVSA_Single\data\1231.jpg
MVSA_Single/data/3872.jpg,positive,2,2,C:\Users\user\OneDrive\Desktop\KUHNE LOGISTIC UNIVERSITY\SEMESTER 2\Machine Learning\Sentiment-Analysis_ML\data\raw\MVSA_Single\data\3872.jpg
MVSA_Single/data/3205.jpg,negative,0,0,C:\Users\user\OneDrive\Desktop\KUHNE LOGISTIC UNIVERSITY\SEMESTER 2\Machine Learning\Sentiment-Analysis_ML\data\raw\MVSA_Single\data\3205.jpg
MVSA_Single/data/4435.jpg,negative,0,0,C:\Users\user\OneDrive\Desktop\KUHNE LOGISTIC UNIVERSITY\SEMESTER 2\Machine Learning\Sentiment-Analysis_ML\data\raw\MVSA_Single\data\4435.jpg
MVSA_Single/data/2333.jpg,negative,0,0,C:\Users\user\OneDrive\Desktop\KUHNE LOGISTIC UNIVERSITY\SEMESTER 2\Machine Learning\Sentiment-Analysis_ML\data\raw\MVSA_Single\data\2333.jpg
MVSA_Single/data/4893.jpg,positive,2,2,C:\Users\user\OneDrive\Desktop\KUHNE LOGISTIC UNIVERSITY\SEMESTER 2\Machine Learning\Sentiment-Analysis_ML\data\raw\MVSA_Single\data\4893.jpg
MVSA_Single/data/2821.jpg,neutral,1,1,C:\Users\user\OneDrive\Desktop\KUHNE LOGISTIC UNIVERSITY\SEMESTER 2\Machine Learning\Sentiment-Analysis_ML\data\raw\MVSA_Single\data\2821.jpg
MVSA_Single/data/572.jpg,positive,2,2,C:\Users\user\OneDrive\Desktop\KUHNE LOGISTIC UNIVERSITY\SEMESTER 2\Machine Learning\Sentiment-Analysis_ML\data\raw\MVSA_Single\data\572.jpg
MVSA_Single/data/3733.jpg,neutral,1,1,C:\Users\user\OneDrive\Desktop\KUHNE LOGISTIC UNIVERSITY\SEMESTER 2\Machine Learning\Sentiment-Analysis_ML\data\raw\MVSA_Single\data\3733.jpg
MVSA_Single/data/2604.jpg,positive,2,2,C:\Users\user\OneDrive\Desktop\KUHNE LOGISTIC UNIVERSITY\SEMESTER 2\Machine Learning\Sentiment-Analysis_ML\data\raw\MVSA_Single\data\2604.jpg
MVSA_Single/data/1495.jpg,positive,2,2,C:\Users\user\OneDrive\Desktop\KUHNE LOGISTIC UNIVERSITY\SEMESTER 2\Machine Learning\Sentiment-Analysis_ML\data\raw\MVSA_Single\data\1495.jpg
MVSA_Single/data/1744.jpg,positive,2,2,C:\Users\user\OneDrive\Desktop\KUHNE LOGISTIC UNIVERSITY\SEMESTER 2\Machine Learning\Sentiment-Analysis_ML\data\raw\MVSA_Single\data\1744.jpg
MVSA_Single/data/2953.jpg,positive,2,2,C:\Users\user\OneDrive\Desktop\KUHNE LOGISTIC UNIVERSITY\SEMESTER 2\Machine Learning\Sentiment-Analysis_ML\data\raw\MVSA_Single\data\2953.jpg
MVSA_Single/data/4936.jpg,positive,2,2,C:\Users\user\OneDrive\Desktop\KUHNE LOGISTIC UNIVERSITY\SEMESTER 2\Machine Learning\Sentiment-Analysis_ML\data\raw\MVSA_Single\data\4936.jpg
MVSA_Single/data/3775.jpg,positive,2,2,C:\Users\user\OneDrive\Desktop\KUHNE LOGISTIC UNIVERSITY\SEMESTER 2\Machine Learning\Sentiment-Analysis_ML\data\raw\MVSA_Single\data\3775.jpg
MVSA_Single/data/1996.jpg,positive,2,2,C:\Users\user\OneDrive\Desktop\KUHNE LOGISTIC UNIVERSITY\SEMESTER 2\Machine Learning\Sentiment-Analysis_ML\data\raw\MVSA_Single\data\1996.jpg
MVSA_Single/data/3615.jpg,neutral,1,1,C:\Users\user\OneDrive\Desktop\KUHNE LOGISTIC UNIVERSITY\SEMESTER 2\Machine Learning\Sentiment-Analysis_ML\data\raw\MVSA_Single\data\3615.jpg
MVSA_Single/data/284.jpg,positive,2,2,C:\Users\user\OneDrive\Desktop\KUHNE LOGISTIC UNIVERSITY\SEMESTER 2\Machine Learning\Sentiment-Analysis_ML\data\raw\MVSA_Single\data\284.jpg
MVSA_Single/data/1605.jpg,positive,2,2,C:\Users\user\OneDrive\Desktop\KUHNE LOGISTIC UNIVERSITY\SEMESTER 2\Machine Learning\Sentiment-Analysis_ML\data\raw\MVSA_Single\data\1605.jpg
MVSA_Single/data/4363.jpg,positive,2,2,C:\Users\user\OneDrive\Desktop\KUHNE LOGISTIC UNIVERSITY\SEMESTER 2\Machine Learning\Sentiment-Analysis_ML\data\raw\MVSA_Single\data\4363.jpg
MVSA_Single/data/3129.jpg,negative,0,0,C:\Users\user\OneDrive\Desktop\KUHNE LOGISTIC UNIVERSITY\SEMESTER 2\Machine Learning\Sentiment-Analysis_ML\data\raw\MVSA_Single\data\3129.jpg
MVSA_Single/data/1280.jpg,positive,2,2,C:\Users\user\OneDrive\Desktop\KUHNE LOGISTIC UNIVERSITY\SEMESTER 2\Machine Learning\Sentiment-Analysis_ML\data\raw\MVSA_Single\data\1280.jpg
MVSA_Single/data/5067.jpg,neutral,1,1,C:\Users\user\OneDrive\Desktop\KUHNE LOGISTIC UNIVERSITY\SEMESTER 2\Machine Learning\Sentiment-Analysis_ML\data\raw\MVSA_Single\data\5067.jpg
MVSA_Single/data/4068.jpg,positive,2,2,C:\Users\user\OneDrive\Desktop\KUHNE LOGISTIC UNIVERSITY\SEMESTER 2\Machine Learning\Sentiment-Analysis_ML\data\raw\MVSA_Single\data\4068.jpg
MVSA_Single/data/3564.jpg,positive,2,2,C:\Users\user\OneDrive\Desktop\KUHNE LOGISTIC UNIVERSITY\SEMESTER 2\Machine Learning\Sentiment-Analysis_ML\data\raw\MVSA_Single\data\3564.jpg
MVSA_Single/data/1457.jpg,neutral,1,1,C:\Users\user\OneDrive\Desktop\KUHNE LOGISTIC UNIVERSITY\SEMESTER 2\Machine Learning\Sentiment-Analysis_ML\data\raw\MVSA_Single\data\1457.jpg
MVSA_Single/data/1057.jpg,positive,2,2,C:\Users\user\OneDrive\Desktop\KUHNE LOGISTIC UNIVERSITY\SEMESTER 2\Machine Learning\Sentiment-Analysis_ML\data\raw\MVSA_Single\data\1057.jpg
MVSA_Single/data/3522.jpg,negative,0,0,C:\Users\user\OneDrive\Desktop\KUHNE LOGISTIC UNIVERSITY\SEMESTER 2\Machine Learning\Sentiment-Analysis_ML\data\raw\MVSA_Single\data\3522.jpg
MVSA_Single/data/1471.jpg,neutral,1,1,C:\Users\user\OneDrive\Desktop\KUHNE LOGISTIC UNIVERSITY\SEMESTER 2\Machine Learning\Sentiment-Analysis_ML\data\raw\MVSA_Single\data\1471.jpg
MVSA_Single/data/986.jpg,positive,2,2,C:\Users\user\OneDrive\Desktop\KUHNE LOGISTIC UNIVERSITY\SEMESTER 2\Machine Learning\Sentiment-Analysis_ML\data\raw\MVSA_Single\data\986.jpg
MVSA_Single/data/1211.jpg,positive,2,2,C:\Users\user\OneDrive\Desktop\KUHNE LOGISTIC UNIVERSITY\SEMESTER 2\Machine Learning\Sentiment-Analysis_ML\data\raw\MVSA_Single\data\1211.jpg
MVSA_Single/data/250.jpg,negative,0,0,C:\Users\user\OneDrive\Desktop\KUHNE LOGISTIC UNIVERSITY\SEMESTER 2\Machine Learning\Sentiment-Analysis_ML\data\raw\MVSA_Single\data\250.jpg
MVSA_Single/data/4790.jpg,positive,2,2,C:\Users\user\OneDrive\Desktop\KUHNE LOGISTIC UNIVERSITY\SEMESTER 2\Machine Learning\Sentiment-Analysis_ML\data\raw\MVSA_Single\data\4790.jpg
MVSA_Single/data/1496.jpg,positive,2,2,C:\Users\user\OneDrive\Desktop\KUHNE LOGISTIC UNIVERSITY\SEMESTER 2\Machine Learning\Sentiment-Analysis_ML\data\raw\MVSA_Single\data\1496.jpg
MVSA_Single/data/546.jpg,neutral,1,1,C:\Users\user\OneDrive\Desktop\KUHNE LOGISTIC UNIVERSITY\SEMESTER 2\Machine Learning\Sentiment-Analysis_ML\data\raw\MVSA_Single\data\546.jpg
MVSA_Single/data/1700.jpg,positive,2,2,C:\Users\user\OneDrive\Desktop\KUHNE LOGISTIC UNIVERSITY\SEMESTER 2\Machine Learning\Sentiment-Analysis_ML\data\raw\MVSA_Single\data\1700.jpg
MVSA_Single/data/2558.jpg,positive,2,2,C:\Users\user\OneDrive\Desktop\KUHNE LOGISTIC UNIVERSITY\SEMESTER 2\Machine Learning\Sentiment-Analysis_ML\data\raw\MVSA_Single\data\2558.jpg
MVSA_Single/data/2884.jpg,positive,2,2,C:\Users\user\OneDrive\Desktop\KUHNE LOGISTIC UNIVERSITY\SEMESTER 2\Machine Learning\Sentiment-Analysis_ML\data\raw\MVSA_Single\data\2884.jpg
MVSA_Single/data/410.jpg,positive,2,2,C:\Users\user\OneDrive\Desktop\KUHNE LOGISTIC UNIVERSITY\SEMESTER 2\Machine Learning\Sentiment-Analysis_ML\data\raw\MVSA_Single\data\410.jpg
MVSA_Single/data/4560.jpg,positive,2,2,C:\Users\user\OneDrive\Desktop\KUHNE LOGISTIC UNIVERSITY\SEMESTER 2\Machine Learning\Sentiment-Analysis_ML\data\raw\MVSA_Single\data\4560.jpg
MVSA_Single/data/596.jpg,negative,0,0,C:\Users\user\OneDrive\Desktop\KUHNE LOGISTIC UNIVERSITY\SEMESTER 2\Machine Learning\Sentiment-Analysis_ML\data\raw\MVSA_Single\data\596.jpg
MVSA_Single/data/2459.jpg,neutral,1,1,C:\Users\user\OneDrive\Desktop\KUHNE LOGISTIC UNIVERSITY\SEMESTER 2\Machine Learning\Sentiment-Analysis_ML\data\raw\MVSA_Single\data\2459.jpg
MVSA_Single/data/4479.jpg,positive,2,2,C:\Users\user\OneDrive\Desktop\KUHNE LOGISTIC UNIVERSITY\SEMESTER 2\Machine Learning\Sentiment-Analysis_ML\data\raw\MVSA_Single\data\4479.jpg
MVSA_Single/data/318.jpg,negative,0,0,C:\Users\user\OneDrive\Desktop\KUHNE LOGISTIC UNIVERSITY\SEMESTER 2\Machine Learning\Sentiment-Analysis_ML\data\raw\MVSA_Single\data\318.jpg
MVSA_Single/data/4250.jpg,positive,2,2,C:\Users\user\OneDrive\Desktop\KUHNE LOGISTIC UNIVERSITY\SEMESTER 2\Machine Learning\Sentiment-Analysis_ML\data\raw\MVSA_Single\data\4250.jpg
MVSA_Single/data/1380.jpg,negative,0,0,C:\Users\user\OneDrive\Desktop\KUHNE LOGISTIC UNIVERSITY\SEMESTER 2\Machine Learning\Sentiment-Analysis_ML\data\raw\MVSA_Single\data\1380.jpg
MVSA_Single/data/4671.jpg,neutral,1,1,C:\Users\user\OneDrive\Desktop\KUHNE LOGISTIC UNIVERSITY\SEMESTER 2\Machine Learning\Sentiment-Analysis_ML\data\raw\MVSA_Single\data\4671.jpg
MVSA_Single/data/748.jpg,positive,2,2,C:\Users\user\OneDrive\Desktop\KUHNE LOGISTIC UNIVERSITY\SEMESTER 2\Machine Learning\Sentiment-Analysis_ML\data\raw\MVSA_Single\data\748.jpg
MVSA_Single/data/4013.jpg,neutral,1,1,C:\Users\user\OneDrive\Desktop\KUHNE LOGISTIC UNIVERSITY\SEMESTER 2\Machine Learning\Sentiment-Analysis_ML\data\raw\MVSA_Single\data\4013.jpg
MVSA_Single/data/3028.jpg,positive,2,2,C:\Users\user\OneDrive\Desktop\KUHNE LOGISTIC UNIVERSITY\SEMESTER 2\Machine Learning\Sentiment-Analysis_ML\data\raw\MVSA_Single\data\3028.jpg
MVSA_Single/data/350.jpg,neutral,1,1,C:\Users\user\OneDrive\Desktop\KUHNE LOGISTIC UNIVERSITY\SEMESTER 2\Machine Learning\Sentiment-Analysis_ML\data\raw\MVSA_Single\data\350.jpg
MVSA_Single/data/5012.jpg,neutral,1,1,C:\Users\user\OneDrive\Desktop\KUHNE LOGISTIC UNIVERSITY\SEMESTER 2\Machine Learning\Sentiment-Analysis_ML\data\raw\MVSA_Single\data\5012.jpg
MVSA_Single/data/195.jpg,negative,0,0,C:\Users\user\OneDrive\Desktop\KUHNE LOGISTIC UNIVERSITY\SEMESTER 2\Machine Learning\Sentiment-Analysis_ML\data\raw\MVSA_Single\data\195.jpg
MVSA_Single/data/738.jpg,positive,2,2,C:\Users\user\OneDrive\Desktop\KUHNE LOGISTIC UNIVERSITY\SEMESTER 2\Machine Learning\Sentiment-Analysis_ML\data\raw\MVSA_Single\data\738.jpg
MVSA_Single/data/2340.jpg,negative,0,0,C:\Users\user\OneDrive\Desktop\KUHNE LOGISTIC UNIVERSITY\SEMESTER 2\Machine Learning\Sentiment-Analysis_ML\data\raw\MVSA_Single\data\2340.jpg
MVSA_Single/data/951.jpg,negative,0,0,C:\Users\user\OneDrive\Desktop\KUHNE LOGISTIC UNIVERSITY\SEMESTER 2\Machine Learning\Sentiment-Analysis_ML\data\raw\MVSA_Single\data\951.jpg
MVSA_Single/data/4984.jpg,positive,2,2,C:\Users\user\OneDrive\Desktop\KUHNE LOGISTIC UNIVERSITY\SEMESTER 2\Machine Learning\Sentiment-Analysis_ML\data\raw\MVSA_Single\data\4984.jpg
MVSA_Single/data/4406.jpg,positive,2,2,C:\Users\user\OneDrive\Desktop\KUHNE LOGISTIC UNIVERSITY\SEMESTER 2\Machine Learning\Sentiment-Analysis_ML\data\raw\MVSA_Single\data\4406.jpg
MVSA_Single/data/2326.jpg,negative,0,0,C:\Users\user\OneDrive\Desktop\KUHNE LOGISTIC UNIVERSITY\SEMESTER 2\Machine Learning\Sentiment-Analysis_ML\data\raw\MVSA_Single\data\2326.jpg
MVSA_Single/data/1240.jpg,positive,2,2,C:\Users\user\OneDrive\Desktop\KUHNE LOGISTIC UNIVERSITY\SEMESTER 2\Machine Learning\Sentiment-Analysis_ML\data\raw\MVSA_Single\data\1240.jpg
MVSA_Single/data/3806.jpg,positive,2,2,C:\Users\user\OneDrive\Desktop\KUHNE LOGISTIC UNIVERSITY\SEMESTER 2\Machine Learning\Sentiment-Analysis_ML\data\raw\MVSA_Single\data\3806.jpg
MVSA_Single/data/1538.jpg,negative,0,0,C:\Users\user\OneDrive\Desktop\KUHNE LOGISTIC UNIVERSITY\SEMESTER 2\Machine Learning\Sentiment-Analysis_ML\data\raw\MVSA_Single\data\1538.jpg
MVSA_Single/data/95.jpg,positive,2,2,C:\Users\user\OneDrive\Desktop\KUHNE LOGISTIC UNIVERSITY\SEMESTER 2\Machine Learning\Sentiment-Analysis_ML\data\raw\MVSA_Single\data\95.jpg
MVSA_Single/data/3044.jpg,negative,0,0,C:\Users\user\OneDrive\Desktop\KUHNE LOGISTIC UNIVERSITY\SEMESTER 2\Machine Learning\Sentiment-Analysis_ML\data\raw\MVSA_Single\data\3044.jpg
MVSA_Single/data/429.jpg,neutral,1,1,C:\Users\user\OneDrive\Desktop\KUHNE LOGISTIC UNIVERSITY\SEMESTER 2\Machine Learning\Sentiment-Analysis_ML\data\raw\MVSA_Single\data\429.jpg
MVSA_Single/data/2497.jpg,neutral,1,1,C:\Users\user\OneDrive\Desktop\KUHNE LOGISTIC UNIVERSITY\SEMESTER 2\Machine Learning\Sentiment-Analysis_ML\data\raw\MVSA_Single\data\2497.jpg
MVSA_Single/data/4609.jpg,positive,2,2,C:\Users\user\OneDrive\Desktop\KUHNE LOGISTIC UNIVERSITY\SEMESTER 2\Machine Learning\Sentiment-Analysis_ML\data\raw\MVSA_Single\data\4609.jpg
MVSA_Single/data/169.jpg,negative,0,0,C:\Users\user\OneDrive\Desktop\KUHNE LOGISTIC UNIVERSITY\SEMESTER 2\Machine Learning\Sentiment-Analysis_ML\data\raw\MVSA_Single\data\169.jpg
MVSA_Single/data/949.jpg,positive,2,2,C:\Users\user\OneDrive\Desktop\KUHNE LOGISTIC UNIVERSITY\SEMESTER 2\Machine Learning\Sentiment-Analysis_ML\data\raw\MVSA_Single\data\949.jpg
MVSA_Single/data/2061.jpg,positive,2,2,C:\Users\user\OneDrive\Desktop\KUHNE LOGISTIC UNIVERSITY\SEMESTER 2\Machine Learning\Sentiment-Analysis_ML\data\raw\MVSA_Single\data\2061.jpg
MVSA_Single/data/252.jpg,positive,2,2,C:\Users\user\OneDrive\Desktop\KUHNE LOGISTIC UNIVERSITY\SEMESTER 2\Machine Learning\Sentiment-Analysis_ML\data\raw\MVSA_Single\data\252.jpg
MVSA_Single/data/2703.jpg,neutral,1,1,C:\Users\user\OneDrive\Desktop\KUHNE LOGISTIC UNIVERSITY\SEMESTER 2\Machine Learning\Sentiment-Analysis_ML\data\raw\MVSA_Single\data\2703.jpg
MVSA_Single/data/1963.jpg,positive,2,2,C:\Users\user\OneDrive\Desktop\KUHNE LOGISTIC UNIVERSITY\SEMESTER 2\Machine Learning\Sentiment-Analysis_ML\data\raw\MVSA_Single\data\1963.jpg
MVSA_Single/data/652.jpg,positive,2,2,C:\Users\user\OneDrive\Desktop\KUHNE LOGISTIC UNIVERSITY\SEMESTER 2\Machine Learning\Sentiment-Analysis_ML\data\raw\MVSA_Single\data\652.jpg
MVSA_Single/data/317.jpg,positive,2,2,C:\Users\user\OneDrive\Desktop\KUHNE LOGISTIC UNIVERSITY\SEMESTER 2\Machine Learning\Sentiment-Analysis_ML\data\raw\MVSA_Single\data\317.jpg
MVSA_Single/data/4444.jpg,positive,2,2,C:\Users\user\OneDrive\Desktop\KUHNE LOGISTIC UNIVERSITY\SEMESTER 2\Machine Learning\Sentiment-Analysis_ML\data\raw\MVSA_Single\data\4444.jpg
MVSA_Single/data/1272.jpg,positive,2,2,C:\Users\user\OneDrive\Desktop\KUHNE LOGISTIC UNIVERSITY\SEMESTER 2\Machine Learning\Sentiment-Analysis_ML\data\raw\MVSA_Single\data\1272.jpg
MVSA_Single/data/2716.jpg,positive,2,2,C:\Users\user\OneDrive\Desktop\KUHNE LOGISTIC UNIVERSITY\SEMESTER 2\Machine Learning\Sentiment-Analysis_ML\data\raw\MVSA_Single\data\2716.jpg
MVSA_Single/data/1175.jpg,positive,2,2,C:\Users\user\OneDrive\Desktop\KUHNE LOGISTIC UNIVERSITY\SEMESTER 2\Machine Learning\Sentiment-Analysis_ML\data\raw\MVSA_Single\data\1175.jpg
MVSA_Single/data/678.jpg,neutral,1,1,C:\Users\user\OneDrive\Desktop\KUHNE LOGISTIC UNIVERSITY\SEMESTER 2\Machine Learning\Sentiment-Analysis_ML\data\raw\MVSA_Single\data\678.jpg
MVSA_Single/data/1767.jpg,positive,2,2,C:\Users\user\OneDrive\Desktop\KUHNE LOGISTIC UNIVERSITY\SEMESTER 2\Machine Learning\Sentiment-Analysis_ML\data\raw\MVSA_Single\data\1767.jpg
MVSA_Single/data/25.jpg,neutral,1,1,C:\Users\user\OneDrive\Desktop\KUHNE LOGISTIC UNIVERSITY\SEMESTER 2\Machine Learning\Sentiment-Analysis_ML\data\raw\MVSA_Single\data\25.jpg
MVSA_Single/data/3350.jpg,positive,2,2,C:\Users\user\OneDrive\Desktop\KUHNE LOGISTIC UNIVERSITY\SEMESTER 2\Machine Learning\Sentiment-Analysis_ML\data\raw\MVSA_Single\data\3350.jpg
MVSA_Single/data/1635.jpg,negative,0,0,C:\Users\user\OneDrive\Desktop\KUHNE LOGISTIC UNIVERSITY\SEMESTER 2\Machine Learning\Sentiment-Analysis_ML\data\raw\MVSA_Single\data\1635.jpg
MVSA_Single/data/1939.jpg,positive,2,2,C:\Users\user\OneDrive\Desktop\KUHNE LOGISTIC UNIVERSITY\SEMESTER 2\Machine Learning\Sentiment-Analysis_ML\data\raw\MVSA_Single\data\1939.jpg
MVSA_Single/data/754.jpg,positive,2,2,C:\Users\user\OneDrive\Desktop\KUHNE LOGISTIC UNIVERSITY\SEMESTER 2\Machine Learning\Sentiment-Analysis_ML\data\raw\MVSA_Single\data\754.jpg
MVSA_Single/data/695.jpg,positive,2,2,C:\Users\user\OneDrive\Desktop\KUHNE LOGISTIC UNIVERSITY\SEMESTER 2\Machine Learning\Sentiment-Analysis_ML\data\raw\MVSA_Single\data\695.jpg
MVSA_Single/data/312.jpg,negative,0,0,C:\Users\user\OneDrive\Desktop\KUHNE LOGISTIC UNIVERSITY\SEMESTER 2\Machine Learning\Sentiment-Analysis_ML\data\raw\MVSA_Single\data\312.jpg
MVSA_Single/data/2592.jpg,positive,2,2,C:\Users\user\OneDrive\Desktop\KUHNE LOGISTIC UNIVERSITY\SEMESTER 2\Machine Learning\Sentiment-Analysis_ML\data\raw\MVSA_Single\data\2592.jpg
MVSA_Single/data/4450.jpg,neutral,1,1,C:\Users\user\OneDrive\Desktop\KUHNE LOGISTIC UNIVERSITY\SEMESTER 2\Machine Learning\Sentiment-Analysis_ML\data\raw\MVSA_Single\data\4450.jpg
MVSA_Single/data/4481.jpg,positive,2,2,C:\Users\user\OneDrive\Desktop\KUHNE LOGISTIC UNIVERSITY\SEMESTER 2\Machine Learning\Sentiment-Analysis_ML\data\raw\MVSA_Single\data\4481.jpg
MVSA_Single/data/4116.jpg,neutral,1,1,C:\Users\user\OneDrive\Desktop\KUHNE LOGISTIC UNIVERSITY\SEMESTER 2\Machine Learning\Sentiment-Analysis_ML\data\raw\MVSA_Single\data\4116.jpg
MVSA_Single/data/494.jpg,positive,2,2,C:\Users\user\OneDrive\Desktop\KUHNE LOGISTIC UNIVERSITY\SEMESTER 2\Machine Learning\Sentiment-Analysis_ML\data\raw\MVSA_Single\data\494.jpg
MVSA_Single/data/26.jpg,neutral,1,1,C:\Users\user\OneDrive\Desktop\KUHNE LOGISTIC UNIVERSITY\SEMESTER 2\Machine Learning\Sentiment-Analysis_ML\data\raw\MVSA_Single\data\26.jpg
MVSA_Single/data/705.jpg,positive,2,2,C:\Users\user\OneDrive\Desktop\KUHNE LOGISTIC UNIVERSITY\SEMESTER 2\Machine Learning\Sentiment-Analysis_ML\data\raw\MVSA_Single\data\705.jpg
MVSA_Single/data/3973.jpg,neutral,1,1,C:\Users\user\OneDrive\Desktop\KUHNE LOGISTIC UNIVERSITY\SEMESTER 2\Machine Learning\Sentiment-Analysis_ML\data\raw\MVSA_Single\data\3973.jpg
MVSA_Single/data/1044.jpg,neutral,1,1,C:\Users\user\OneDrive\Desktop\KUHNE LOGISTIC UNIVERSITY\SEMESTER 2\Machine Learning\Sentiment-Analysis_ML\data\raw\MVSA_Single\data\1044.jpg
MVSA_Single/data/1557.jpg,positive,2,2,C:\Users\user\OneDrive\Desktop\KUHNE LOGISTIC UNIVERSITY\SEMESTER 2\Machine Learning\Sentiment-Analysis_ML\data\raw\MVSA_Single\data\1557.jpg
MVSA_Single/data/1490.jpg,negative,0,0,C:\Users\user\OneDrive\Desktop\KUHNE LOGISTIC UNIVERSITY\SEMESTER 2\Machine Learning\Sentiment-Analysis_ML\data\raw\MVSA_Single\data\1490.jpg
MVSA_Single/data/2939.jpg,neutral,1,1,C:\Users\user\OneDrive\Desktop\KUHNE LOGISTIC UNIVERSITY\SEMESTER 2\Machine Learning\Sentiment-Analysis_ML\data\raw\MVSA_Single\data\2939.jpg
MVSA_Single/data/119.jpg,negative,0,0,C:\Users\user\OneDrive\Desktop\KUHNE LOGISTIC UNIVERSITY\SEMESTER 2\Machine Learning\Sentiment-Analysis_ML\data\raw\MVSA_Single\data\119.jpg
MVSA_Single/data/2427.jpg,positive,2,2,C:\Users\user\OneDrive\Desktop\KUHNE LOGISTIC UNIVERSITY\SEMESTER 2\Machine Learning\Sentiment-Analysis_ML\data\raw\MVSA_Single\data\2427.jpg
MVSA_Single/data/1752.jpg,positive,2,2,C:\Users\user\OneDrive\Desktop\KUHNE LOGISTIC UNIVERSITY\SEMESTER 2\Machine Learning\Sentiment-Analysis_ML\data\raw\MVSA_Single\data\1752.jpg
MVSA_Single/data/1159.jpg,neutral,1,1,C:\Users\user\OneDrive\Desktop\KUHNE LOGISTIC UNIVERSITY\SEMESTER 2\Machine Learning\Sentiment-Analysis_ML\data\raw\MVSA_Single\data\1159.jpg
MVSA_Single/data/1072.jpg,positive,2,2,C:\Users\user\OneDrive\Desktop\KUHNE LOGISTIC UNIVERSITY\SEMESTER 2\Machine Learning\Sentiment-Analysis_ML\data\raw\MVSA_Single\data\1072.jpg
MVSA_Single/data/42.jpg,positive,2,2,C:\Users\user\OneDrive\Desktop\KUHNE LOGISTIC UNIVERSITY\SEMESTER 2\Machine Learning\Sentiment-Analysis_ML\data\raw\MVSA_Single\data\42.jpg
MVSA_Single/data/3923.jpg,negative,0,0,C:\Users\user\OneDrive\Desktop\KUHNE LOGISTIC UNIVERSITY\SEMESTER 2\Machine Learning\Sentiment-Analysis_ML\data\raw\MVSA_Single\data\3923.jpg
MVSA_Single/data/2848.jpg,neutral,1,1,C:\Users\user\OneDrive\Desktop\KUHNE LOGISTIC UNIVERSITY\SEMESTER 2\Machine Learning\Sentiment-Analysis_ML\data\raw\MVSA_Single\data\2848.jpg
MVSA_Single/data/1881.jpg,negative,0,0,C:\Users\user\OneDrive\Desktop\KUHNE LOGISTIC UNIVERSITY\SEMESTER 2\Machine Learning\Sentiment-Analysis_ML\data\raw\MVSA_Single\data\1881.jpg
MVSA_Single/data/3664.jpg,negative,0,0,C:\Users\user\OneDrive\Desktop\KUHNE LOGISTIC UNIVERSITY\SEMESTER 2\Machine Learning\Sentiment-Analysis_ML\data\raw\MVSA_Single\data\3664.jpg
MVSA_Single/data/1589.jpg,negative,0,0,C:\Users\user\OneDrive\Desktop\KUHNE LOGISTIC UNIVERSITY\SEMESTER 2\Machine Learning\Sentiment-Analysis_ML\data\raw\MVSA_Single\data\1589.jpg
MVSA_Single/data/4681.jpg,positive,2,2,C:\Users\user\OneDrive\Desktop\KUHNE LOGISTIC UNIVERSITY\SEMESTER 2\Machine Learning\Sentiment-Analysis_ML\data\raw\MVSA_Single\data\4681.jpg
MVSA_Single/data/2424.jpg,positive,2,2,C:\Users\user\OneDrive\Desktop\KUHNE LOGISTIC UNIVERSITY\SEMESTER 2\Machine Learning\Sentiment-Analysis_ML\data\raw\MVSA_Single\data\2424.jpg
MVSA_Single/data/4733.jpg,neutral,1,1,C:\Users\user\OneDrive\Desktop\KUHNE LOGISTIC UNIVERSITY\SEMESTER 2\Machine Learning\Sentiment-Analysis_ML\data\raw\MVSA_Single\data\4733.jpg
MVSA_Single/data/852.jpg,positive,2,2,C:\Users\user\OneDrive\Desktop\KUHNE LOGISTIC UNIVERSITY\SEMESTER 2\Machine Learning\Sentiment-Analysis_ML\data\raw\MVSA_Single\data\852.jpg
MVSA_Single/data/4304.jpg,negative,0,0,C:\Users\user\OneDrive\Desktop\KUHNE LOGISTIC UNIVERSITY\SEMESTER 2\Machine Learning\Sentiment-Analysis_ML\data\raw\MVSA_Single\data\4304.jpg
MVSA_Single/data/2071.jpg,positive,2,2,C:\Users\user\OneDrive\Desktop\KUHNE LOGISTIC UNIVERSITY\SEMESTER 2\Machine Learning\Sentiment-Analysis_ML\data\raw\MVSA_Single\data\2071.jpg
MVSA_Single/data/3313.jpg,neutral,1,1,C:\Users\user\OneDrive\Desktop\KUHNE LOGISTIC UNIVERSITY\SEMESTER 2\Machine Learning\Sentiment-Analysis_ML\data\raw\MVSA_Single\data\3313.jpg
MVSA_Single/data/3559.jpg,positive,2,2,C:\Users\user\OneDrive\Desktop\KUHNE LOGISTIC UNIVERSITY\SEMESTER 2\Machine Learning\Sentiment-Analysis_ML\data\raw\MVSA_Single\data\3559.jpg
MVSA_Single/data/3247.jpg,negative,0,0,C:\Users\user\OneDrive\Desktop\KUHNE LOGISTIC UNIVERSITY\SEMESTER 2\Machine Learning\Sentiment-Analysis_ML\data\raw\MVSA_Single\data\3247.jpg
MVSA_Single/data/4377.jpg,positive,2,2,C:\Users\user\OneDrive\Desktop\KUHNE LOGISTIC UNIVERSITY\SEMESTER 2\Machine Learning\Sentiment-Analysis_ML\data\raw\MVSA_Single\data\4377.jpg
MVSA_Single/data/2707.jpg,positive,2,2,C:\Users\user\OneDrive\Desktop\KUHNE LOGISTIC UNIVERSITY\SEMESTER 2\Machine Learning\Sentiment-Analysis_ML\data\raw\MVSA_Single\data\2707.jpg
MVSA_Single/data/4324.jpg,positive,2,2,C:\Users\user\OneDrive\Desktop\KUHNE LOGISTIC UNIVERSITY\SEMESTER 2\Machine Learning\Sentiment-Analysis_ML\data\raw\MVSA_Single\data\4324.jpg
MVSA_Single/data/3459.jpg,positive,2,2,C:\Users\user\OneDrive\Desktop\KUHNE LOGISTIC UNIVERSITY\SEMESTER 2\Machine Learning\Sentiment-Analysis_ML\data\raw\MVSA_Single\data\3459.jpg
MVSA_Single/data/3397.jpg,positive,2,2,C:\Users\user\OneDrive\Desktop\KUHNE LOGISTIC UNIVERSITY\SEMESTER 2\Machine Learning\Sentiment-Analysis_ML\data\raw\MVSA_Single\data\3397.jpg
MVSA_Single/data/2872.jpg,positive,2,2,C:\Users\user\OneDrive\Desktop\KUHNE LOGISTIC UNIVERSITY\SEMESTER 2\Machine Learning\Sentiment-Analysis_ML\data\raw\MVSA_Single\data\2872.jpg
MVSA_Single/data/2156.jpg,negative,0,0,C:\Users\user\OneDrive\Desktop\KUHNE LOGISTIC UNIVERSITY\SEMESTER 2\Machine Learning\Sentiment-Analysis_ML\data\raw\MVSA_Single\data\2156.jpg
MVSA_Single/data/3405.jpg,neutral,1,1,C:\Users\user\OneDrive\Desktop\KUHNE LOGISTIC UNIVERSITY\SEMESTER 2\Machine Learning\Sentiment-Analysis_ML\data\raw\MVSA_Single\data\3405.jpg
MVSA_Single/data/980.jpg,positive,2,2,C:\Users\user\OneDrive\Desktop\KUHNE LOGISTIC UNIVERSITY\SEMESTER 2\Machine Learning\Sentiment-Analysis_ML\data\raw\MVSA_Single\data\980.jpg
MVSA_Single/data/3956.jpg,neutral,1,1,C:\Users\user\OneDrive\Desktop\KUHNE LOGISTIC UNIVERSITY\SEMESTER 2\Machine Learning\Sentiment-Analysis_ML\data\raw\MVSA_Single\data\3956.jpg
MVSA_Single/data/1069.jpg,negative,0,0,C:\Users\user\OneDrive\Desktop\KUHNE LOGISTIC UNIVERSITY\SEMESTER 2\Machine Learning\Sentiment-Analysis_ML\data\raw\MVSA_Single\data\1069.jpg
MVSA_Single/data/1122.jpg,negative,0,0,C:\Users\user\OneDrive\Desktop\KUHNE LOGISTIC UNIVERSITY\SEMESTER 2\Machine Learning\Sentiment-Analysis_ML\data\raw\MVSA_Single\data\1122.jpg
MVSA_Single/data/1797.jpg,positive,2,2,C:\Users\user\OneDrive\Desktop\KUHNE LOGISTIC UNIVERSITY\SEMESTER 2\Machine Learning\Sentiment-Analysis_ML\data\raw\MVSA_Single\data\1797.jpg
MVSA_Single/data/1989.jpg,positive,2,2,C:\Users\user\OneDrive\Desktop\KUHNE LOGISTIC UNIVERSITY\SEMESTER 2\Machine Learning\Sentiment-Analysis_ML\data\raw\MVSA_Single\data\1989.jpg
MVSA_Single/data/1154.jpg,positive,2,2,C:\Users\user\OneDrive\Desktop\KUHNE LOGISTIC UNIVERSITY\SEMESTER 2\Machine Learning\Sentiment-Analysis_ML\data\raw\MVSA_Single\data\1154.jpg
MVSA_Single/data/1772.jpg,positive,2,2,C:\Users\user\OneDrive\Desktop\KUHNE LOGISTIC UNIVERSITY\SEMESTER 2\Machine Learning\Sentiment-Analysis_ML\data\raw\MVSA_Single\data\1772.jpg
MVSA_Single/data/1539.jpg,positive,2,2,C:\Users\user\OneDrive\Desktop\KUHNE LOGISTIC UNIVERSITY\SEMESTER 2\Machine Learning\Sentiment-Analysis_ML\data\raw\MVSA_Single\data\1539.jpg
MVSA_Single/data/4291.jpg,neutral,1,1,C:\Users\user\OneDrive\Desktop\KUHNE LOGISTIC UNIVERSITY\SEMESTER 2\Machine Learning\Sentiment-Analysis_ML\data\raw\MVSA_Single\data\4291.jpg
MVSA_Single/data/4628.jpg,positive,2,2,C:\Users\user\OneDrive\Desktop\KUHNE LOGISTIC UNIVERSITY\SEMESTER 2\Machine Learning\Sentiment-Analysis_ML\data\raw\MVSA_Single\data\4628.jpg
MVSA_Single/data/909.jpg,negative,0,0,C:\Users\user\OneDrive\Desktop\KUHNE LOGISTIC UNIVERSITY\SEMESTER 2\Machine Learning\Sentiment-Analysis_ML\data\raw\MVSA_Single\data\909.jpg
MVSA_Single/data/4971.jpg,positive,2,2,C:\Users\user\OneDrive\Desktop\KUHNE LOGISTIC UNIVERSITY\SEMESTER 2\Machine Learning\Sentiment-Analysis_ML\data\raw\MVSA_Single\data\4971.jpg
MVSA_Single/data/4241.jpg,neutral,1,1,C:\Users\user\OneDrive\Desktop\KUHNE LOGISTIC UNIVERSITY\SEMESTER 2\Machine Learning\Sentiment-Analysis_ML\data\raw\MVSA_Single\data\4241.jpg
MVSA_Single/data/4867.jpg,positive,2,2,C:\Users\user\OneDrive\Desktop\KUHNE LOGISTIC UNIVERSITY\SEMESTER 2\Machine Learning\Sentiment-Analysis_ML\data\raw\MVSA_Single\data\4867.jpg
MVSA_Single/data/2564.jpg,negative,0,0,C:\Users\user\OneDrive\Desktop\KUHNE LOGISTIC UNIVERSITY\SEMESTER 2\Machine Learning\Sentiment-Analysis_ML\data\raw\MVSA_Single\data\2564.jpg
MVSA_Single/data/2726.jpg,neutral,1,1,C:\Users\user\OneDrive\Desktop\KUHNE LOGISTIC UNIVERSITY\SEMESTER 2\Machine Learning\Sentiment-Analysis_ML\data\raw\MVSA_Single\data\2726.jpg
MVSA_Single/data/442.jpg,negative,0,0,C:\Users\user\OneDrive\Desktop\KUHNE LOGISTIC UNIVERSITY\SEMESTER 2\Machine Learning\Sentiment-Analysis_ML\data\raw\MVSA_Single\data\442.jpg
MVSA_Single/data/3302.jpg,positive,2,2,C:\Users\user\OneDrive\Desktop\KUHNE LOGISTIC UNIVERSITY\SEMESTER 2\Machine Learning\Sentiment-Analysis_ML\data\raw\MVSA_Single\data\3302.jpg
MVSA_Single/data/4002.jpg,negative,0,0,C:\Users\user\OneDrive\Desktop\KUHNE LOGISTIC UNIVERSITY\SEMESTER 2\Machine Learning\Sentiment-Analysis_ML\data\raw\MVSA_Single\data\4002.jpg
MVSA_Single/data/88.jpg,positive,2,2,C:\Users\user\OneDrive\Desktop\KUHNE LOGISTIC UNIVERSITY\SEMESTER 2\Machine Learning\Sentiment-Analysis_ML\data\raw\MVSA_Single\data\88.jpg
MVSA_Single/data/4044.jpg,positive,2,2,C:\Users\user\OneDrive\Desktop\KUHNE LOGISTIC UNIVERSITY\SEMESTER 2\Machine Learning\Sentiment-Analysis_ML\data\raw\MVSA_Single\data\4044.jpg
MVSA_Single/data/3224.jpg,neutral,1,1,C:\Users\user\OneDrive\Desktop\KUHNE LOGISTIC UNIVERSITY\SEMESTER 2\Machine Learning\Sentiment-Analysis_ML\data\raw\MVSA_Single\data\3224.jpg
MVSA_Single/data/578.jpg,positive,2,2,C:\Users\user\OneDrive\Desktop\KUHNE LOGISTIC UNIVERSITY\SEMESTER 2\Machine Learning\Sentiment-Analysis_ML\data\raw\MVSA_Single\data\578.jpg
MVSA_Single/data/3333.jpg,neutral,1,1,C:\Users\user\OneDrive\Desktop\KUHNE LOGISTIC UNIVERSITY\SEMESTER 2\Machine Learning\Sentiment-Analysis_ML\data\raw\MVSA_Single\data\3333.jpg
MVSA_Single/data/762.jpg,positive,2,2,C:\Users\user\OneDrive\Desktop\KUHNE LOGISTIC UNIVERSITY\SEMESTER 2\Machine Learning\Sentiment-Analysis_ML\data\raw\MVSA_Single\data\762.jpg
MVSA_Single/data/2142.jpg,positive,2,2,C:\Users\user\OneDrive\Desktop\KUHNE LOGISTIC UNIVERSITY\SEMESTER 2\Machine Learning\Sentiment-Analysis_ML\data\raw\MVSA_Single\data\2142.jpg
MVSA_Single/data/933.jpg,positive,2,2,C:\Users\user\OneDrive\Desktop\KUHNE LOGISTIC UNIVERSITY\SEMESTER 2\Machine Learning\Sentiment-Analysis_ML\data\raw\MVSA_Single\data\933.jpg
MVSA_Single/data/3467.jpg,positive,2,2,C:\Users\user\OneDrive\Desktop\KUHNE LOGISTIC UNIVERSITY\SEMESTER 2\Machine Learning\Sentiment-Analysis_ML\data\raw\MVSA_Single\data\3467.jpg
MVSA_Single/data/4723.jpg,positive,2,2,C:\Users\user\OneDrive\Desktop\KUHNE LOGISTIC UNIVERSITY\SEMESTER 2\Machine Learning\Sentiment-Analysis_ML\data\raw\MVSA_Single\data\4723.jpg
MVSA_Single/data/4467.jpg,negative,0,0,C:\Users\user\OneDrive\Desktop\KUHNE LOGISTIC UNIVERSITY\SEMESTER 2\Machine Learning\Sentiment-Analysis_ML\data\raw\MVSA_Single\data\4467.jpg
MVSA_Single/data/4884.jpg,neutral,1,1,C:\Users\user\OneDrive\Desktop\KUHNE LOGISTIC UNIVERSITY\SEMESTER 2\Machine Learning\Sentiment-Analysis_ML\data\raw\MVSA_Single\data\4884.jpg
MVSA_Single/data/488.jpg,positive,2,2,C:\Users\user\OneDrive\Desktop\KUHNE LOGISTIC UNIVERSITY\SEMESTER 2\Machine Learning\Sentiment-Analysis_ML\data\raw\MVSA_Single\data\488.jpg
MVSA_Single/data/3722.jpg,neutral,1,1,C:\Users\user\OneDrive\Desktop\KUHNE LOGISTIC UNIVERSITY\SEMESTER 2\Machine Learning\Sentiment-Analysis_ML\data\raw\MVSA_Single\data\3722.jpg
MVSA_Single/data/477.jpg,positive,2,2,C:\Users\user\OneDrive\Desktop\KUHNE LOGISTIC UNIVERSITY\SEMESTER 2\Machine Learning\Sentiment-Analysis_ML\data\raw\MVSA_Single\data\477.jpg
MVSA_Single/data/3274.jpg,negative,0,0,C:\Users\user\OneDrive\Desktop\KUHNE LOGISTIC UNIVERSITY\SEMESTER 2\Machine Learning\Sentiment-Analysis_ML\data\raw\MVSA_Single\data\3274.jpg
MVSA_Single/data/1024.jpg,neutral,1,1,C:\Users\user\OneDrive\Desktop\KUHNE LOGISTIC UNIVERSITY\SEMESTER 2\Machine Learning\Sentiment-Analysis_ML\data\raw\MVSA_Single\data\1024.jpg
MVSA_Single/data/3776.jpg,negative,0,0,C:\Users\user\OneDrive\Desktop\KUHNE LOGISTIC UNIVERSITY\SEMESTER 2\Machine Learning\Sentiment-Analysis_ML\data\raw\MVSA_Single\data\3776.jpg
MVSA_Single/data/3680.jpg,positive,2,2,C:\Users\user\OneDrive\Desktop\KUHNE LOGISTIC UNIVERSITY\SEMESTER 2\Machine Learning\Sentiment-Analysis_ML\data\raw\MVSA_Single\data\3680.jpg
MVSA_Single/data/416.jpg,positive,2,2,C:\Users\user\OneDrive\Desktop\KUHNE LOGISTIC UNIVERSITY\SEMESTER 2\Machine Learning\Sentiment-Analysis_ML\data\raw\MVSA_Single\data\416.jpg
MVSA_Single/data/4559.jpg,positive,2,2,C:\Users\user\OneDrive\Desktop\KUHNE LOGISTIC UNIVERSITY\SEMESTER 2\Machine Learning\Sentiment-Analysis_ML\data\raw\MVSA_Single\data\4559.jpg
MVSA_Single/data/610.jpg,neutral,1,1,C:\Users\user\OneDrive\Desktop\KUHNE LOGISTIC UNIVERSITY\SEMESTER 2\Machine Learning\Sentiment-Analysis_ML\data\raw\MVSA_Single\data\610.jpg
MVSA_Single/data/2678.jpg,positive,2,2,C:\Users\user\OneDrive\Desktop\KUHNE LOGISTIC UNIVERSITY\SEMESTER 2\Machine Learning\Sentiment-Analysis_ML\data\raw\MVSA_Single\data\2678.jpg
MVSA_Single/data/2566.jpg,positive,2,2,C:\Users\user\OneDrive\Desktop\KUHNE LOGISTIC UNIVERSITY\SEMESTER 2\Machine Learning\Sentiment-Analysis_ML\data\raw\MVSA_Single\data\2566.jpg
MVSA_Single/data/942.jpg,positive,2,2,C:\Users\user\OneDrive\Desktop\KUHNE LOGISTIC UNIVERSITY\SEMESTER 2\Machine Learning\Sentiment-Analysis_ML\data\raw\MVSA_Single\data\942.jpg
MVSA_Single/data/4333.jpg,neutral,1,1,C:\Users\user\OneDrive\Desktop\KUHNE LOGISTIC UNIVERSITY\SEMESTER 2\Machine Learning\Sentiment-Analysis_ML\data\raw\MVSA_Single\data\4333.jpg
MVSA_Single/data/4428.jpg,negative,0,0,C:\Users\user\OneDrive\Desktop\KUHNE LOGISTIC UNIVERSITY\SEMESTER 2\Machine Learning\Sentiment-Analysis_ML\data\raw\MVSA_Single\data\4428.jpg
MVSA_Single/data/3796.jpg,positive,2,2,C:\Users\user\OneDrive\Desktop\KUHNE LOGISTIC UNIVERSITY\SEMESTER 2\Machine Learning\Sentiment-Analysis_ML\data\raw\MVSA_Single\data\3796.jpg
MVSA_Single/data/4234.jpg,positive,2,2,C:\Users\user\OneDrive\Desktop\KUHNE LOGISTIC UNIVERSITY\SEMESTER 2\Machine Learning\Sentiment-Analysis_ML\data\raw\MVSA_Single\data\4234.jpg
MVSA_Single/data/415.jpg,negative,0,0,C:\Users\user\OneDrive\Desktop\KUHNE LOGISTIC UNIVERSITY\SEMESTER 2\Machine Learning\Sentiment-Analysis_ML\data\raw\MVSA_Single\data\415.jpg
MVSA_Single/data/1234.jpg,neutral,1,1,C:\Users\user\OneDrive\Desktop\KUHNE LOGISTIC UNIVERSITY\SEMESTER 2\Machine Learning\Sentiment-Analysis_ML\data\raw\MVSA_Single\data\1234.jpg
MVSA_Single/data/4001.jpg,negative,0,0,C:\Users\user\OneDrive\Desktop\KUHNE LOGISTIC UNIVERSITY\SEMESTER 2\Machine Learning\Sentiment-Analysis_ML\data\raw\MVSA_Single\data\4001.jpg
MVSA_Single/data/339.jpg,positive,2,2,C:\Users\user\OneDrive\Desktop\KUHNE LOGISTIC UNIVERSITY\SEMESTER 2\Machine Learning\Sentiment-Analysis_ML\data\raw\MVSA_Single\data\339.jpg
MVSA_Single/data/4662.jpg,neutral,1,1,C:\Users\user\OneDrive\Desktop\KUHNE LOGISTIC UNIVERSITY\SEMESTER 2\Machine Learning\Sentiment-Analysis_ML\data\raw\MVSA_Single\data\4662.jpg
MVSA_Single/data/4700.jpg,negative,0,0,C:\Users\user\OneDrive\Desktop\KUHNE LOGISTIC UNIVERSITY\SEMESTER 2\Machine Learning\Sentiment-Analysis_ML\data\raw\MVSA_Single\data\4700.jpg
MVSA_Single/data/3398.jpg,negative,0,0,C:\Users\user\OneDrive\Desktop\KUHNE LOGISTIC UNIVERSITY\SEMESTER 2\Machine Learning\Sentiment-Analysis_ML\data\raw\MVSA_Single\data\3398.jpg
MVSA_Single/data/1779.jpg,negative,0,0,C:\Users\user\OneDrive\Desktop\KUHNE LOGISTIC UNIVERSITY\SEMESTER 2\Machine Learning\Sentiment-Analysis_ML\data\raw\MVSA_Single\data\1779.jpg
MVSA_Single/data/877.jpg,negative,0,0,C:\Users\user\OneDrive\Desktop\KUHNE LOGISTIC UNIVERSITY\SEMESTER 2\Machine Learning\Sentiment-Analysis_ML\data\raw\MVSA_Single\data\877.jpg
MVSA_Single/data/2314.jpg,positive,2,2,C:\Users\user\OneDrive\Desktop\KUHNE LOGISTIC UNIVERSITY\SEMESTER 2\Machine Learning\Sentiment-Analysis_ML\data\raw\MVSA_Single\data\2314.jpg
MVSA_Single/data/1979.jpg,positive,2,2,C:\Users\user\OneDrive\Desktop\KUHNE LOGISTIC UNIVERSITY\SEMESTER 2\Machine Learning\Sentiment-Analysis_ML\data\raw\MVSA_Single\data\1979.jpg
MVSA_Single/data/1968.jpg,positive,2,2,C:\Users\user\OneDrive\Desktop\KUHNE LOGISTIC UNIVERSITY\SEMESTER 2\Machine Learning\Sentiment-Analysis_ML\data\raw\MVSA_Single\data\1968.jpg
MVSA_Single/data/3957.jpg,positive,2,2,C:\Users\user\OneDrive\Desktop\KUHNE LOGISTIC UNIVERSITY\SEMESTER 2\Machine Learning\Sentiment-Analysis_ML\data\raw\MVSA_Single\data\3957.jpg
MVSA_Single/data/2005.jpg,neutral,1,1,C:\Users\user\OneDrive\Desktop\KUHNE LOGISTIC UNIVERSITY\SEMESTER 2\Machine Learning\Sentiment-Analysis_ML\data\raw\MVSA_Single\data\2005.jpg
MVSA_Single/data/357.jpg,positive,2,2,C:\Users\user\OneDrive\Desktop\KUHNE LOGISTIC UNIVERSITY\SEMESTER 2\Machine Learning\Sentiment-Analysis_ML\data\raw\MVSA_Single\data\357.jpg
MVSA_Single/data/1136.jpg,positive,2,2,C:\Users\user\OneDrive\Desktop\KUHNE LOGISTIC UNIVERSITY\SEMESTER 2\Machine Learning\Sentiment-Analysis_ML\data\raw\MVSA_Single\data\1136.jpg
MVSA_Single/data/1889.jpg,positive,2,2,C:\Users\user\OneDrive\Desktop\KUHNE LOGISTIC UNIVERSITY\SEMESTER 2\Machine Learning\Sentiment-Analysis_ML\data\raw\MVSA_Single\data\1889.jpg
MVSA_Single/data/1186.jpg,positive,2,2,C:\Users\user\OneDrive\Desktop\KUHNE LOGISTIC UNIVERSITY\SEMESTER 2\Machine Learning\Sentiment-Analysis_ML\data\raw\MVSA_Single\data\1186.jpg
MVSA_Single/data/3725.jpg,positive,2,2,C:\Users\user\OneDrive\Desktop\KUHNE LOGISTIC UNIVERSITY\SEMESTER 2\Machine Learning\Sentiment-Analysis_ML\data\raw\MVSA_Single\data\3725.jpg
MVSA_Single/data/3422.jpg,positive,2,2,C:\Users\user\OneDrive\Desktop\KUHNE LOGISTIC UNIVERSITY\SEMESTER 2\Machine Learning\Sentiment-Analysis_ML\data\raw\MVSA_Single\data\3422.jpg
MVSA_Single/data/1485.jpg,negative,0,0,C:\Users\user\OneDrive\Desktop\KUHNE LOGISTIC UNIVERSITY\SEMESTER 2\Machine Learning\Sentiment-Analysis_ML\data\raw\MVSA_Single\data\1485.jpg
MVSA_Single/data/860.jpg,positive,2,2,C:\Users\user\OneDrive\Desktop\KUHNE LOGISTIC UNIVERSITY\SEMESTER 2\Machine Learning\Sentiment-Analysis_ML\data\raw\MVSA_Single\data\860.jpg
MVSA_Single/data/3971.jpg,positive,2,2,C:\Users\user\OneDrive\Desktop\KUHNE LOGISTIC UNIVERSITY\SEMESTER 2\Machine Learning\Sentiment-Analysis_ML\data\raw\MVSA_Single\data\3971.jpg
MVSA_Single/data/4803.jpg,neutral,1,1,C:\Users\user\OneDrive\Desktop\KUHNE LOGISTIC UNIVERSITY\SEMESTER 2\Machine Learning\Sentiment-Analysis_ML\data\raw\MVSA_Single\data\4803.jpg
MVSA_Single/data/4125.jpg,negative,0,0,C:\Users\user\OneDrive\Desktop\KUHNE LOGISTIC UNIVERSITY\SEMESTER 2\Machine Learning\Sentiment-Analysis_ML\data\raw\MVSA_Single\data\4125.jpg
MVSA_Single/data/2781.jpg,positive,2,2,C:\Users\user\OneDrive\Desktop\KUHNE LOGISTIC UNIVERSITY\SEMESTER 2\Machine Learning\Sentiment-Analysis_ML\data\raw\MVSA_Single\data\2781.jpg
MVSA_Single/data/345.jpg,negative,0,0,C:\Users\user\OneDrive\Desktop\KUHNE LOGISTIC UNIVERSITY\SEMESTER 2\Machine Learning\Sentiment-Analysis_ML\data\raw\MVSA_Single\data\345.jpg
MVSA_Single/data/3172.jpg,positive,2,2,C:\Users\user\OneDrive\Desktop\KUHNE LOGISTIC UNIVERSITY\SEMESTER 2\Machine Learning\Sentiment-Analysis_ML\data\raw\MVSA_Single\data\3172.jpg
MVSA_Single/data/3544.jpg,neutral,1,1,C:\Users\user\OneDrive\Desktop\KUHNE LOGISTIC UNIVERSITY\SEMESTER 2\Machine Learning\Sentiment-Analysis_ML\data\raw\MVSA_Single\data\3544.jpg
MVSA_Single/data/1124.jpg,negative,0,0,C:\Users\user\OneDrive\Desktop\KUHNE LOGISTIC UNIVERSITY\SEMESTER 2\Machine Learning\Sentiment-Analysis_ML\data\raw\MVSA_Single\data\1124.jpg
MVSA_Single/data/953.jpg,positive,2,2,C:\Users\user\OneDrive\Desktop\KUHNE LOGISTIC UNIVERSITY\SEMESTER 2\Machine Learning\Sentiment-Analysis_ML\data\raw\MVSA_Single\data\953.jpg
MVSA_Single/data/4608.jpg,positive,2,2,C:\Users\user\OneDrive\Desktop\KUHNE LOGISTIC UNIVERSITY\SEMESTER 2\Machine Learning\Sentiment-Analysis_ML\data\raw\MVSA_Single\data\4608.jpg
MVSA_Single/data/292.jpg,positive,2,2,C:\Users\user\OneDrive\Desktop\KUHNE LOGISTIC UNIVERSITY\SEMESTER 2\Machine Learning\Sentiment-Analysis_ML\data\raw\MVSA_Single\data\292.jpg
MVSA_Single/data/1731.jpg,positive,2,2,C:\Users\user\OneDrive\Desktop\KUHNE LOGISTIC UNIVERSITY\SEMESTER 2\Machine Learning\Sentiment-Analysis_ML\data\raw\MVSA_Single\data\1731.jpg
MVSA_Single/data/133.jpg,positive,2,2,C:\Users\user\OneDrive\Desktop\KUHNE LOGISTIC UNIVERSITY\SEMESTER 2\Machine Learning\Sentiment-Analysis_ML\data\raw\MVSA_Single\data\133.jpg
MVSA_Single/data/3808.jpg,neutral,1,1,C:\Users\user\OneDrive\Desktop\KUHNE LOGISTIC UNIVERSITY\SEMESTER 2\Machine Learning\Sentiment-Analysis_ML\data\raw\MVSA_Single\data\3808.jpg
MVSA_Single/data/815.jpg,positive,2,2,C:\Users\user\OneDrive\Desktop\KUHNE LOGISTIC UNIVERSITY\SEMESTER 2\Machine Learning\Sentiment-Analysis_ML\data\raw\MVSA_Single\data\815.jpg
MVSA_Single/data/327.jpg,negative,0,0,C:\Users\user\OneDrive\Desktop\KUHNE LOGISTIC UNIVERSITY\SEMESTER 2\Machine Learning\Sentiment-Analysis_ML\data\raw\MVSA_Single\data\327.jpg
MVSA_Single/data/616.jpg,positive,2,2,C:\Users\user\OneDrive\Desktop\KUHNE LOGISTIC UNIVERSITY\SEMESTER 2\Machine Learning\Sentiment-Analysis_ML\data\raw\MVSA_Single\data\616.jpg
MVSA_Single/data/1638.jpg,positive,2,2,C:\Users\user\OneDrive\Desktop\KUHNE LOGISTIC UNIVERSITY\SEMESTER 2\Machine Learning\Sentiment-Analysis_ML\data\raw\MVSA_Single\data\1638.jpg
MVSA_Single/data/1137.jpg,neutral,1,1,C:\Users\user\OneDrive\Desktop\KUHNE LOGISTIC UNIVERSITY\SEMESTER 2\Machine Learning\Sentiment-Analysis_ML\data\raw\MVSA_Single\data\1137.jpg
MVSA_Single/data/3605.jpg,neutral,1,1,C:\Users\user\OneDrive\Desktop\KUHNE LOGISTIC UNIVERSITY\SEMESTER 2\Machine Learning\Sentiment-Analysis_ML\data\raw\MVSA_Single\data\3605.jpg
MVSA_Single/data/3222.jpg,negative,0,0,C:\Users\user\OneDrive\Desktop\KUHNE LOGISTIC UNIVERSITY\SEMESTER 2\Machine Learning\Sentiment-Analysis_ML\data\raw\MVSA_Single\data\3222.jpg
MVSA_Single/data/859.jpg,positive,2,2,C:\Users\user\OneDrive\Desktop\KUHNE LOGISTIC UNIVERSITY\SEMESTER 2\Machine Learning\Sentiment-Analysis_ML\data\raw\MVSA_Single\data\859.jpg
MVSA_Single/data/3968.jpg,negative,0,0,C:\Users\user\OneDrive\Desktop\KUHNE LOGISTIC UNIVERSITY\SEMESTER 2\Machine Learning\Sentiment-Analysis_ML\data\raw\MVSA_Single\data\3968.jpg
MVSA_Single/data/1397.jpg,neutral,1,1,C:\Users\user\OneDrive\Desktop\KUHNE LOGISTIC UNIVERSITY\SEMESTER 2\Machine Learning\Sentiment-Analysis_ML\data\raw\MVSA_Single\data\1397.jpg
MVSA_Single/data/2158.jpg,negative,0,0,C:\Users\user\OneDrive\Desktop\KUHNE LOGISTIC UNIVERSITY\SEMESTER 2\Machine Learning\Sentiment-Analysis_ML\data\raw\MVSA_Single\data\2158.jpg
MVSA_Single/data/4635.jpg,neutral,1,1,C:\Users\user\OneDrive\Desktop\KUHNE LOGISTIC UNIVERSITY\SEMESTER 2\Machine Learning\Sentiment-Analysis_ML\data\raw\MVSA_Single\data\4635.jpg
MVSA_Single/data/3316.jpg,neutral,1,1,C:\Users\user\OneDrive\Desktop\KUHNE LOGISTIC UNIVERSITY\SEMESTER 2\Machine Learning\Sentiment-Analysis_ML\data\raw\MVSA_Single\data\3316.jpg
MVSA_Single/data/1129.jpg,negative,0,0,C:\Users\user\OneDrive\Desktop\KUHNE LOGISTIC UNIVERSITY\SEMESTER 2\Machine Learning\Sentiment-Analysis_ML\data\raw\MVSA_Single\data\1129.jpg
MVSA_Single/data/4682.jpg,positive,2,2,C:\Users\user\OneDrive\Desktop\KUHNE LOGISTIC UNIVERSITY\SEMESTER 2\Machine Learning\Sentiment-Analysis_ML\data\raw\MVSA_Single\data\4682.jpg
MVSA_Single/data/3633.jpg,positive,2,2,C:\Users\user\OneDrive\Desktop\KUHNE LOGISTIC UNIVERSITY\SEMESTER 2\Machine Learning\Sentiment-Analysis_ML\data\raw\MVSA_Single\data\3633.jpg
MVSA_Single/data/1813.jpg,positive,2,2,C:\Users\user\OneDrive\Desktop\KUHNE LOGISTIC UNIVERSITY\SEMESTER 2\Machine Learning\Sentiment-Analysis_ML\data\raw\MVSA_Single\data\1813.jpg
MVSA_Single/data/2023.jpg,positive,2,2,C:\Users\user\OneDrive\Desktop\KUHNE LOGISTIC UNIVERSITY\SEMESTER 2\Machine Learning\Sentiment-Analysis_ML\data\raw\MVSA_Single\data\2023.jpg
MVSA_Single/data/4496.jpg,positive,2,2,C:\Users\user\OneDrive\Desktop\KUHNE LOGISTIC UNIVERSITY\SEMESTER 2\Machine Learning\Sentiment-Analysis_ML\data\raw\MVSA_Single\data\4496.jpg
MVSA_Single/data/3981.jpg,negative,0,0,C:\Users\user\OneDrive\Desktop\KUHNE LOGISTIC UNIVERSITY\SEMESTER 2\Machine Learning\Sentiment-Analysis_ML\data\raw\MVSA_Single\data\3981.jpg
MVSA_Single/data/3504.jpg,positive,2,2,C:\Users\user\OneDrive\Desktop\KUHNE LOGISTIC UNIVERSITY\SEMESTER 2\Machine Learning\Sentiment-Analysis_ML\data\raw\MVSA_Single\data\3504.jpg
MVSA_Single/data/4316.jpg,neutral,1,1,C:\Users\user\OneDrive\Desktop\KUHNE LOGISTIC UNIVERSITY\SEMESTER 2\Machine Learning\Sentiment-Analysis_ML\data\raw\MVSA_Single\data\4316.jpg
MVSA_Single/data/1718.jpg,positive,2,2,C:\Users\user\OneDrive\Desktop\KUHNE LOGISTIC UNIVERSITY\SEMESTER 2\Machine Learning\Sentiment-Analysis_ML\data\raw\MVSA_Single\data\1718.jpg
MVSA_Single/data/3792.jpg,negative,0,0,C:\Users\user\OneDrive\Desktop\KUHNE LOGISTIC UNIVERSITY\SEMESTER 2\Machine Learning\Sentiment-Analysis_ML\data\raw\MVSA_Single\data\3792.jpg
MVSA_Single/data/203.jpg,negative,0,0,C:\Users\user\OneDrive\Desktop\KUHNE LOGISTIC UNIVERSITY\SEMESTER 2\Machine Learning\Sentiment-Analysis_ML\data\raw\MVSA_Single\data\203.jpg
MVSA_Single/data/1423.jpg,positive,2,2,C:\Users\user\OneDrive\Desktop\KUHNE LOGISTIC UNIVERSITY\SEMESTER 2\Machine Learning\Sentiment-Analysis_ML\data\raw\MVSA_Single\data\1423.jpg
MVSA_Single/data/2792.jpg,negative,0,0,C:\Users\user\OneDrive\Desktop\KUHNE LOGISTIC UNIVERSITY\SEMESTER 2\Machine Learning\Sentiment-Analysis_ML\data\raw\MVSA_Single\data\2792.jpg
MVSA_Single/data/1581.jpg,neutral,1,1,C:\Users\user\OneDrive\Desktop\KUHNE LOGISTIC UNIVERSITY\SEMESTER 2\Machine Learning\Sentiment-Analysis_ML\data\raw\MVSA_Single\data\1581.jpg
MVSA_Single/data/1669.jpg,positive,2,2,C:\Users\user\OneDrive\Desktop\KUHNE LOGISTIC UNIVERSITY\SEMESTER 2\Machine Learning\Sentiment-Analysis_ML\data\raw\MVSA_Single\data\1669.jpg
MVSA_Single/data/4334.jpg,positive,2,2,C:\Users\user\OneDrive\Desktop\KUHNE LOGISTIC UNIVERSITY\SEMESTER 2\Machine Learning\Sentiment-Analysis_ML\data\raw\MVSA_Single\data\4334.jpg
MVSA_Single/data/374.jpg,neutral,1,1,C:\Users\user\OneDrive\Desktop\KUHNE LOGISTIC UNIVERSITY\SEMESTER 2\Machine Learning\Sentiment-Analysis_ML\data\raw\MVSA_Single\data\374.jpg
MVSA_Single/data/2965.jpg,positive,2,2,C:\Users\user\OneDrive\Desktop\KUHNE LOGISTIC UNIVERSITY\SEMESTER 2\Machine Learning\Sentiment-Analysis_ML\data\raw\MVSA_Single\data\2965.jpg
MVSA_Single/data/526.jpg,positive,2,2,C:\Users\user\OneDrive\Desktop\KUHNE LOGISTIC UNIVERSITY\SEMESTER 2\Machine Learning\Sentiment-Analysis_ML\data\raw\MVSA_Single\data\526.jpg
MVSA_Single/data/1969.jpg,neutral,1,1,C:\Users\user\OneDrive\Desktop\KUHNE LOGISTIC UNIVERSITY\SEMESTER 2\Machine Learning\Sentiment-Analysis_ML\data\raw\MVSA_Single\data\1969.jpg
MVSA_Single/data/2021.jpg,positive,2,2,C:\Users\user\OneDrive\Desktop\KUHNE LOGISTIC UNIVERSITY\SEMESTER 2\Machine Learning\Sentiment-Analysis_ML\data\raw\MVSA_Single\data\2021.jpg
MVSA_Single/data/1133.jpg,positive,2,2,C:\Users\user\OneDrive\Desktop\KUHNE LOGISTIC UNIVERSITY\SEMESTER 2\Machine Learning\Sentiment-Analysis_ML\data\raw\MVSA_Single\data\1133.jpg
MVSA_Single/data/560.jpg,positive,2,2,C:\Users\user\OneDrive\Desktop\KUHNE LOGISTIC UNIVERSITY\SEMESTER 2\Machine Learning\Sentiment-Analysis_ML\data\raw\MVSA_Single\data\560.jpg
MVSA_Single/data/534.jpg,positive,2,2,C:\Users\user\OneDrive\Desktop\KUHNE LOGISTIC UNIVERSITY\SEMESTER 2\Machine Learning\Sentiment-Analysis_ML\data\raw\MVSA_Single\data\534.jpg
MVSA_Single/data/5023.jpg,positive,2,2,C:\Users\user\OneDrive\Desktop\KUHNE LOGISTIC UNIVERSITY\SEMESTER 2\Machine Learning\Sentiment-Analysis_ML\data\raw\MVSA_Single\data\5023.jpg
MVSA_Single/data/1998.jpg,positive,2,2,C:\Users\user\OneDrive\Desktop\KUHNE LOGISTIC UNIVERSITY\SEMESTER 2\Machine Learning\Sentiment-Analysis_ML\data\raw\MVSA_Single\data\1998.jpg
MVSA_Single/data/514.jpg,positive,2,2,C:\Users\user\OneDrive\Desktop\KUHNE LOGISTIC UNIVERSITY\SEMESTER 2\Machine Learning\Sentiment-Analysis_ML\data\raw\MVSA_Single\data\514.jpg
MVSA_Single/data/1220.jpg,neutral,1,1,C:\Users\user\OneDrive\Desktop\KUHNE LOGISTIC UNIVERSITY\SEMESTER 2\Machine Learning\Sentiment-Analysis_ML\data\raw\MVSA_Single\data\1220.jpg
MVSA_Single/data/369.jpg,positive,2,2,C:\Users\user\OneDrive\Desktop\KUHNE LOGISTIC UNIVERSITY\SEMESTER 2\Machine Learning\Sentiment-Analysis_ML\data\raw\MVSA_Single\data\369.jpg
MVSA_Single/data/722.jpg,positive,2,2,C:\Users\user\OneDrive\Desktop\KUHNE LOGISTIC UNIVERSITY\SEMESTER 2\Machine Learning\Sentiment-Analysis_ML\data\raw\MVSA_Single\data\722.jpg
MVSA_Single/data/4588.jpg,positive,2,2,C:\Users\user\OneDrive\Desktop\KUHNE LOGISTIC UNIVERSITY\SEMESTER 2\Machine Learning\Sentiment-Analysis_ML\data\raw\MVSA_Single\data\4588.jpg
MVSA_Single/data/4607.jpg,positive,2,2,C:\Users\user\OneDrive\Desktop\KUHNE LOGISTIC UNIVERSITY\SEMESTER 2\Machine Learning\Sentiment-Analysis_ML\data\raw\MVSA_Single\data\4607.jpg
MVSA_Single/data/1598.jpg,positive,2,2,C:\Users\user\OneDrive\Desktop\KUHNE LOGISTIC UNIVERSITY\SEMESTER 2\Machine Learning\Sentiment-Analysis_ML\data\raw\MVSA_Single\data\1598.jpg
MVSA_Single/data/3365.jpg,negative,0,0,C:\Users\user\OneDrive\Desktop\KUHNE LOGISTIC UNIVERSITY\SEMESTER 2\Machine Learning\Sentiment-Analysis_ML\data\raw\MVSA_Single\data\3365.jpg
MVSA_Single/data/389.jpg,negative,0,0,C:\Users\user\OneDrive\Desktop\KUHNE LOGISTIC UNIVERSITY\SEMESTER 2\Machine Learning\Sentiment-Analysis_ML\data\raw\MVSA_Single\data\389.jpg
MVSA_Single/data/4772.jpg,positive,2,2,C:\Users\user\OneDrive\Desktop\KUHNE LOGISTIC UNIVERSITY\SEMESTER 2\Machine Learning\Sentiment-Analysis_ML\data\raw\MVSA_Single\data\4772.jpg
MVSA_Single/data/2683.jpg,positive,2,2,C:\Users\user\OneDrive\Desktop\KUHNE LOGISTIC UNIVERSITY\SEMESTER 2\Machine Learning\Sentiment-Analysis_ML\data\raw\MVSA_Single\data\2683.jpg
MVSA_Single/data/3325.jpg,negative,0,0,C:\Users\user\OneDrive\Desktop\KUHNE LOGISTIC UNIVERSITY\SEMESTER 2\Machine Learning\Sentiment-Analysis_ML\data\raw\MVSA_Single\data\3325.jpg
MVSA_Single/data/1874.jpg,positive,2,2,C:\Users\user\OneDrive\Desktop\KUHNE LOGISTIC UNIVERSITY\SEMESTER 2\Machine Learning\Sentiment-Analysis_ML\data\raw\MVSA_Single\data\1874.jpg
MVSA_Single/data/2515.jpg,positive,2,2,C:\Users\user\OneDrive\Desktop\KUHNE LOGISTIC UNIVERSITY\SEMESTER 2\Machine Learning\Sentiment-Analysis_ML\data\raw\MVSA_Single\data\2515.jpg
MVSA_Single/data/2837.jpg,positive,2,2,C:\Users\user\OneDrive\Desktop\KUHNE LOGISTIC UNIVERSITY\SEMESTER 2\Machine Learning\Sentiment-Analysis_ML\data\raw\MVSA_Single\data\2837.jpg
MVSA_Single/data/2530.jpg,positive,2,2,C:\Users\user\OneDrive\Desktop\KUHNE LOGISTIC UNIVERSITY\SEMESTER 2\Machine Learning\Sentiment-Analysis_ML\data\raw\MVSA_Single\data\2530.jpg
MVSA_Single/data/5032.jpg,positive,2,2,C:\Users\user\OneDrive\Desktop\KUHNE LOGISTIC UNIVERSITY\SEMESTER 2\Machine Learning\Sentiment-Analysis_ML\data\raw\MVSA_Single\data\5032.jpg
MVSA_Single/data/1856.jpg,negative,0,0,C:\Users\user\OneDrive\Desktop\KUHNE LOGISTIC UNIVERSITY\SEMESTER 2\Machine Learning\Sentiment-Analysis_ML\data\raw\MVSA_Single\data\1856.jpg
MVSA_Single/data/4751.jpg,positive,2,2,C:\Users\user\OneDrive\Desktop\KUHNE LOGISTIC UNIVERSITY\SEMESTER 2\Machine Learning\Sentiment-Analysis_ML\data\raw\MVSA_Single\data\4751.jpg
MVSA_Single/data/4010.jpg,positive,2,2,C:\Users\user\OneDrive\Desktop\KUHNE LOGISTIC UNIVERSITY\SEMESTER 2\Machine Learning\Sentiment-Analysis_ML\data\raw\MVSA_Single\data\4010.jpg
MVSA_Single/data/24.jpg,neutral,1,1,C:\Users\user\OneDrive\Desktop\KUHNE LOGISTIC UNIVERSITY\SEMESTER 2\Machine Learning\Sentiment-Analysis_ML\data\raw\MVSA_Single\data\24.jpg
MVSA_Single/data/5056.jpg,positive,2,2,C:\Users\user\OneDrive\Desktop\KUHNE LOGISTIC UNIVERSITY\SEMESTER 2\Machine Learning\Sentiment-Analysis_ML\data\raw\MVSA_Single\data\5056.jpg
MVSA_Single/data/3858.jpg,positive,2,2,C:\Users\user\OneDrive\Desktop\KUHNE LOGISTIC UNIVERSITY\SEMESTER 2\Machine Learning\Sentiment-Analysis_ML\data\raw\MVSA_Single\data\3858.jpg
MVSA_Single/data/127.jpg,neutral,1,1,C:\Users\user\OneDrive\Desktop\KUHNE LOGISTIC UNIVERSITY\SEMESTER 2\Machine Learning\Sentiment-Analysis_ML\data\raw\MVSA_Single\data\127.jpg
MVSA_Single/data/4426.jpg,positive,2,2,C:\Users\user\OneDrive\Desktop\KUHNE LOGISTIC UNIVERSITY\SEMESTER 2\Machine Learning\Sentiment-Analysis_ML\data\raw\MVSA_Single\data\4426.jpg
MVSA_Single/data/1252.jpg,negative,0,0,C:\Users\user\OneDrive\Desktop\KUHNE LOGISTIC UNIVERSITY\SEMESTER 2\Machine Learning\Sentiment-Analysis_ML\data\raw\MVSA_Single\data\1252.jpg
MVSA_Single/data/1170.jpg,positive,2,2,C:\Users\user\OneDrive\Desktop\KUHNE LOGISTIC UNIVERSITY\SEMESTER 2\Machine Learning\Sentiment-Analysis_ML\data\raw\MVSA_Single\data\1170.jpg
MVSA_Single/data/927.jpg,neutral,1,1,C:\Users\user\OneDrive\Desktop\KUHNE LOGISTIC UNIVERSITY\SEMESTER 2\Machine Learning\Sentiment-Analysis_ML\data\raw\MVSA_Single\data\927.jpg
MVSA_Single/data/4339.jpg,positive,2,2,C:\Users\user\OneDrive\Desktop\KUHNE LOGISTIC UNIVERSITY\SEMESTER 2\Machine Learning\Sentiment-Analysis_ML\data\raw\MVSA_Single\data\4339.jpg
MVSA_Single/data/1493.jpg,positive,2,2,C:\Users\user\OneDrive\Desktop\KUHNE LOGISTIC UNIVERSITY\SEMESTER 2\Machine Learning\Sentiment-Analysis_ML\data\raw\MVSA_Single\data\1493.jpg
MVSA_Single/data/31.jpg,positive,2,2,C:\Users\user\OneDrive\Desktop\KUHNE LOGISTIC UNIVERSITY\SEMESTER 2\Machine Learning\Sentiment-Analysis_ML\data\raw\MVSA_Single\data\31.jpg
MVSA_Single/data/2489.jpg,positive,2,2,C:\Users\user\OneDrive\Desktop\KUHNE LOGISTIC UNIVERSITY\SEMESTER 2\Machine Learning\Sentiment-Analysis_ML\data\raw\MVSA_Single\data\2489.jpg
MVSA_Single/data/915.jpg,positive,2,2,C:\Users\user\OneDrive\Desktop\KUHNE LOGISTIC UNIVERSITY\SEMESTER 2\Machine Learning\Sentiment-Analysis_ML\data\raw\MVSA_Single\data\915.jpg
MVSA_Single/data/5039.jpg,positive,2,2,C:\Users\user\OneDrive\Desktop\KUHNE LOGISTIC UNIVERSITY\SEMESTER 2\Machine Learning\Sentiment-Analysis_ML\data\raw\MVSA_Single\data\5039.jpg
MVSA_Single/data/3098.jpg,positive,2,2,C:\Users\user\OneDrive\Desktop\KUHNE LOGISTIC UNIVERSITY\SEMESTER 2\Machine Learning\Sentiment-Analysis_ML\data\raw\MVSA_Single\data\3098.jpg
MVSA_Single/data/2450.jpg,neutral,1,1,C:\Users\user\OneDrive\Desktop\KUHNE LOGISTIC UNIVERSITY\SEMESTER 2\Machine Learning\Sentiment-Analysis_ML\data\raw\MVSA_Single\data\2450.jpg
MVSA_Single/data/2991.jpg,negative,0,0,C:\Users\user\OneDrive\Desktop\KUHNE LOGISTIC UNIVERSITY\SEMESTER 2\Machine Learning\Sentiment-Analysis_ML\data\raw\MVSA_Single\data\2991.jpg
MVSA_Single/data/1860.jpg,positive,2,2,C:\Users\user\OneDrive\Desktop\KUHNE LOGISTIC UNIVERSITY\SEMESTER 2\Machine Learning\Sentiment-Analysis_ML\data\raw\MVSA_Single\data\1860.jpg
MVSA_Single/data/3831.jpg,negative,0,0,C:\Users\user\OneDrive\Desktop\KUHNE LOGISTIC UNIVERSITY\SEMESTER 2\Machine Learning\Sentiment-Analysis_ML\data\raw\MVSA_Single\data\3831.jpg
MVSA_Single/data/1034.jpg,positive,2,2,C:\Users\user\OneDrive\Desktop\KUHNE LOGISTIC UNIVERSITY\SEMESTER 2\Machine Learning\Sentiment-Analysis_ML\data\raw\MVSA_Single\data\1034.jpg
MVSA_Single/data/2638.jpg,positive,2,2,C:\Users\user\OneDrive\Desktop\KUHNE LOGISTIC UNIVERSITY\SEMESTER 2\Machine Learning\Sentiment-Analysis_ML\data\raw\MVSA_Single\data\2638.jpg
MVSA_Single/data/3825.jpg,negative,0,0,C:\Users\user\OneDrive\Desktop\KUHNE LOGISTIC UNIVERSITY\SEMESTER 2\Machine Learning\Sentiment-Analysis_ML\data\raw\MVSA_Single\data\3825.jpg
MVSA_Single/data/1789.jpg,positive,2,2,C:\Users\user\OneDrive\Desktop\KUHNE LOGISTIC UNIVERSITY\SEMESTER 2\Machine Learning\Sentiment-Analysis_ML\data\raw\MVSA_Single\data\1789.jpg
MVSA_Single/data/3595.jpg,positive,2,2,C:\Users\user\OneDrive\Desktop\KUHNE LOGISTIC UNIVERSITY\SEMESTER 2\Machine Learning\Sentiment-Analysis_ML\data\raw\MVSA_Single\data\3595.jpg
MVSA_Single/data/1393.jpg,negative,0,0,C:\Users\user\OneDrive\Desktop\KUHNE LOGISTIC UNIVERSITY\SEMESTER 2\Machine Learning\Sentiment-Analysis_ML\data\raw\MVSA_Single\data\1393.jpg
MVSA_Single/data/1063.jpg,positive,2,2,C:\Users\user\OneDrive\Desktop\KUHNE LOGISTIC UNIVERSITY\SEMESTER 2\Machine Learning\Sentiment-Analysis_ML\data\raw\MVSA_Single\data\1063.jpg
MVSA_Single/data/349.jpg,negative,0,0,C:\Users\user\OneDrive\Desktop\KUHNE LOGISTIC UNIVERSITY\SEMESTER 2\Machine Learning\Sentiment-Analysis_ML\data\raw\MVSA_Single\data\349.jpg
MVSA_Single/data/1066.jpg,neutral,1,1,C:\Users\user\OneDrive\Desktop\KUHNE LOGISTIC UNIVERSITY\SEMESTER 2\Machine Learning\Sentiment-Analysis_ML\data\raw\MVSA_Single\data\1066.jpg
MVSA_Single/data/898.jpg,neutral,1,1,C:\Users\user\OneDrive\Desktop\KUHNE LOGISTIC UNIVERSITY\SEMESTER 2\Machine Learning\Sentiment-Analysis_ML\data\raw\MVSA_Single\data\898.jpg
MVSA_Single/data/1039.jpg,positive,2,2,C:\Users\user\OneDrive\Desktop\KUHNE LOGISTIC UNIVERSITY\SEMESTER 2\Machine Learning\Sentiment-Analysis_ML\data\raw\MVSA_Single\data\1039.jpg
MVSA_Single/data/1205.jpg,positive,2,2,C:\Users\user\OneDrive\Desktop\KUHNE LOGISTIC UNIVERSITY\SEMESTER 2\Machine Learning\Sentiment-Analysis_ML\data\raw\MVSA_Single\data\1205.jpg
MVSA_Single/data/1865.jpg,negative,0,0,C:\Users\user\OneDrive\Desktop\KUHNE LOGISTIC UNIVERSITY\SEMESTER 2\Machine Learning\Sentiment-Analysis_ML\data\raw\MVSA_Single\data\1865.jpg
MVSA_Single/data/2100.jpg,negative,0,0,C:\Users\user\OneDrive\Desktop\KUHNE LOGISTIC UNIVERSITY\SEMESTER 2\Machine Learning\Sentiment-Analysis_ML\data\raw\MVSA_Single\data\2100.jpg
MVSA_Single/data/3453.jpg,negative,0,0,C:\Users\user\OneDrive\Desktop\KUHNE LOGISTIC UNIVERSITY\SEMESTER 2\Machine Learning\Sentiment-Analysis_ML\data\raw\MVSA_Single\data\3453.jpg
MVSA_Single/data/849.jpg,positive,2,2,C:\Users\user\OneDrive\Desktop\KUHNE LOGISTIC UNIVERSITY\SEMESTER 2\Machine Learning\Sentiment-Analysis_ML\data\raw\MVSA_Single\data\849.jpg
MVSA_Single/data/1936.jpg,neutral,1,1,C:\Users\user\OneDrive\Desktop\KUHNE LOGISTIC UNIVERSITY\SEMESTER 2\Machine Learning\Sentiment-Analysis_ML\data\raw\MVSA_Single\data\1936.jpg
MVSA_Single/data/2689.jpg,negative,0,0,C:\Users\user\OneDrive\Desktop\KUHNE LOGISTIC UNIVERSITY\SEMESTER 2\Machine Learning\Sentiment-Analysis_ML\data\raw\MVSA_Single\data\2689.jpg
MVSA_Single/data/43.jpg,positive,2,2,C:\Users\user\OneDrive\Desktop\KUHNE LOGISTIC UNIVERSITY\SEMESTER 2\Machine Learning\Sentiment-Analysis_ML\data\raw\MVSA_Single\data\43.jpg
MVSA_Single/data/510.jpg,positive,2,2,C:\Users\user\OneDrive\Desktop\KUHNE LOGISTIC UNIVERSITY\SEMESTER 2\Machine Learning\Sentiment-Analysis_ML\data\raw\MVSA_Single\data\510.jpg
MVSA_Single/data/1759.jpg,positive,2,2,C:\Users\user\OneDrive\Desktop\KUHNE LOGISTIC UNIVERSITY\SEMESTER 2\Machine Learning\Sentiment-Analysis_ML\data\raw\MVSA_Single\data\1759.jpg
MVSA_Single/data/2384.jpg,positive,2,2,C:\Users\user\OneDrive\Desktop\KUHNE LOGISTIC UNIVERSITY\SEMESTER 2\Machine Learning\Sentiment-Analysis_ML\data\raw\MVSA_Single\data\2384.jpg
MVSA_Single/data/3001.jpg,positive,2,2,C:\Users\user\OneDrive\Desktop\KUHNE LOGISTIC UNIVERSITY\SEMESTER 2\Machine Learning\Sentiment-Analysis_ML\data\raw\MVSA_Single\data\3001.jpg
MVSA_Single/data/226.jpg,positive,2,2,C:\Users\user\OneDrive\Desktop\KUHNE LOGISTIC UNIVERSITY\SEMESTER 2\Machine Learning\Sentiment-Analysis_ML\data\raw\MVSA_Single\data\226.jpg
MVSA_Single/data/2597.jpg,positive,2,2,C:\Users\user\OneDrive\Desktop\KUHNE LOGISTIC UNIVERSITY\SEMESTER 2\Machine Learning\Sentiment-Analysis_ML\data\raw\MVSA_Single\data\2597.jpg
MVSA_Single/data/991.jpg,neutral,1,1,C:\Users\user\OneDrive\Desktop\KUHNE LOGISTIC UNIVERSITY\SEMESTER 2\Machine Learning\Sentiment-Analysis_ML\data\raw\MVSA_Single\data\991.jpg
MVSA_Single/data/2636.jpg,neutral,1,1,C:\Users\user\OneDrive\Desktop\KUHNE LOGISTIC UNIVERSITY\SEMESTER 2\Machine Learning\Sentiment-Analysis_ML\data\raw\MVSA_Single\data\2636.jpg
MVSA_Single/data/1279.jpg,neutral,1,1,C:\Users\user\OneDrive\Desktop\KUHNE LOGISTIC UNIVERSITY\SEMESTER 2\Machine Learning\Sentiment-Analysis_ML\data\raw\MVSA_Single\data\1279.jpg
MVSA_Single/data/2027.jpg,positive,2,2,C:\Users\user\OneDrive\Desktop\KUHNE LOGISTIC UNIVERSITY\SEMESTER 2\Machine Learning\Sentiment-Analysis_ML\data\raw\MVSA_Single\data\2027.jpg
MVSA_Single/data/3726.jpg,negative,0,0,C:\Users\user\OneDrive\Desktop\KUHNE LOGISTIC UNIVERSITY\SEMESTER 2\Machine Learning\Sentiment-Analysis_ML\data\raw\MVSA_Single\data\3726.jpg
MVSA_Single/data/2017.jpg,positive,2,2,C:\Users\user\OneDrive\Desktop\KUHNE LOGISTIC UNIVERSITY\SEMESTER 2\Machine Learning\Sentiment-Analysis_ML\data\raw\MVSA_Single\data\2017.jpg
MVSA_Single/data/584.jpg,positive,2,2,C:\Users\user\OneDrive\Desktop\KUHNE LOGISTIC UNIVERSITY\SEMESTER 2\Machine Learning\Sentiment-Analysis_ML\data\raw\MVSA_Single\data\584.jpg
MVSA_Single/data/3301.jpg,positive,2,2,C:\Users\user\OneDrive\Desktop\KUHNE LOGISTIC UNIVERSITY\SEMESTER 2\Machine Learning\Sentiment-Analysis_ML\data\raw\MVSA_Single\data\3301.jpg
MVSA_Single/data/1054.jpg,positive,2,2,C:\Users\user\OneDrive\Desktop\KUHNE LOGISTIC UNIVERSITY\SEMESTER 2\Machine Learning\Sentiment-Analysis_ML\data\raw\MVSA_Single\data\1054.jpg
MVSA_Single/data/4595.jpg,positive,2,2,C:\Users\user\OneDrive\Desktop\KUHNE LOGISTIC UNIVERSITY\SEMESTER 2\Machine Learning\Sentiment-Analysis_ML\data\raw\MVSA_Single\data\4595.jpg
MVSA_Single/data/111.jpg,positive,2,2,C:\Users\user\OneDrive\Desktop\KUHNE LOGISTIC UNIVERSITY\SEMESTER 2\Machine Learning\Sentiment-Analysis_ML\data\raw\MVSA_Single\data\111.jpg
MVSA_Single/data/1363.jpg,negative,0,0,C:\Users\user\OneDrive\Desktop\KUHNE LOGISTIC UNIVERSITY\SEMESTER 2\Machine Learning\Sentiment-Analysis_ML\data\raw\MVSA_Single\data\1363.jpg
MVSA_Single/data/176.jpg,positive,2,2,C:\Users\user\OneDrive\Desktop\KUHNE LOGISTIC UNIVERSITY\SEMESTER 2\Machine Learning\Sentiment-Analysis_ML\data\raw\MVSA_Single\data\176.jpg
MVSA_Single/data/3532.jpg,positive,2,2,C:\Users\user\OneDrive\Desktop\KUHNE LOGISTIC UNIVERSITY\SEMESTER 2\Machine Learning\Sentiment-Analysis_ML\data\raw\MVSA_Single\data\3532.jpg
MVSA_Single/data/360.jpg,positive,2,2,C:\Users\user\OneDrive\Desktop\KUHNE LOGISTIC UNIVERSITY\SEMESTER 2\Machine Learning\Sentiment-Analysis_ML\data\raw\MVSA_Single\data\360.jpg
MVSA_Single/data/2547.jpg,negative,0,0,C:\Users\user\OneDrive\Desktop\KUHNE LOGISTIC UNIVERSITY\SEMESTER 2\Machine Learning\Sentiment-Analysis_ML\data\raw\MVSA_Single\data\2547.jpg
MVSA_Single/data/184.jpg,neutral,1,1,C:\Users\user\OneDrive\Desktop\KUHNE LOGISTIC UNIVERSITY\SEMESTER 2\Machine Learning\Sentiment-Analysis_ML\data\raw\MVSA_Single\data\184.jpg
MVSA_Single/data/1193.jpg,neutral,1,1,C:\Users\user\OneDrive\Desktop\KUHNE LOGISTIC UNIVERSITY\SEMESTER 2\Machine Learning\Sentiment-Analysis_ML\data\raw\MVSA_Single\data\1193.jpg
MVSA_Single/data/2070.jpg,negative,0,0,C:\Users\user\OneDrive\Desktop\KUHNE LOGISTIC UNIVERSITY\SEMESTER 2\Machine Learning\Sentiment-Analysis_ML\data\raw\MVSA_Single\data\2070.jpg
MVSA_Single/data/1916.jpg,neutral,1,1,C:\Users\user\OneDrive\Desktop\KUHNE LOGISTIC UNIVERSITY\SEMESTER 2\Machine Learning\Sentiment-Analysis_ML\data\raw\MVSA_Single\data\1916.jpg
MVSA_Single/data/3375.jpg,neutral,1,1,C:\Users\user\OneDrive\Desktop\KUHNE LOGISTIC UNIVERSITY\SEMESTER 2\Machine Learning\Sentiment-Analysis_ML\data\raw\MVSA_Single\data\3375.jpg
MVSA_Single/data/3278.jpg,negative,0,0,C:\Users\user\OneDrive\Desktop\KUHNE LOGISTIC UNIVERSITY\SEMESTER 2\Machine Learning\Sentiment-Analysis_ML\data\raw\MVSA_Single\data\3278.jpg
MVSA_Single/data/1721.jpg,positive,2,2,C:\Users\user\OneDrive\Desktop\KUHNE LOGISTIC UNIVERSITY\SEMESTER 2\Machine Learning\Sentiment-Analysis_ML\data\raw\MVSA_Single\data\1721.jpg
MVSA_Single/data/54.jpg,positive,2,2,C:\Users\user\OneDrive\Desktop\KUHNE LOGISTIC UNIVERSITY\SEMESTER 2\Machine Learning\Sentiment-Analysis_ML\data\raw\MVSA_Single\data\54.jpg
MVSA_Single/data/4237.jpg,positive,2,2,C:\Users\user\OneDrive\Desktop\KUHNE LOGISTIC UNIVERSITY\SEMESTER 2\Machine Learning\Sentiment-Analysis_ML\data\raw\MVSA_Single\data\4237.jpg
MVSA_Single/data/83.jpg,positive,2,2,C:\Users\user\OneDrive\Desktop\KUHNE LOGISTIC UNIVERSITY\SEMESTER 2\Machine Learning\Sentiment-Analysis_ML\data\raw\MVSA_Single\data\83.jpg
MVSA_Single/data/3812.jpg,positive,2,2,C:\Users\user\OneDrive\Desktop\KUHNE LOGISTIC UNIVERSITY\SEMESTER 2\Machine Learning\Sentiment-Analysis_ML\data\raw\MVSA_Single\data\3812.jpg
MVSA_Single/data/2981.jpg,neutral,1,1,C:\Users\user\OneDrive\Desktop\KUHNE LOGISTIC UNIVERSITY\SEMESTER 2\Machine Learning\Sentiment-Analysis_ML\data\raw\MVSA_Single\data\2981.jpg
MVSA_Single/data/1826.jpg,positive,2,2,C:\Users\user\OneDrive\Desktop\KUHNE LOGISTIC UNIVERSITY\SEMESTER 2\Machine Learning\Sentiment-Analysis_ML\data\raw\MVSA_Single\data\1826.jpg
MVSA_Single/data/3373.jpg,positive,2,2,C:\Users\user\OneDrive\Desktop\KUHNE LOGISTIC UNIVERSITY\SEMESTER 2\Machine Learning\Sentiment-Analysis_ML\data\raw\MVSA_Single\data\3373.jpg
MVSA_Single/data/3473.jpg,positive,2,2,C:\Users\user\OneDrive\Desktop\KUHNE LOGISTIC UNIVERSITY\SEMESTER 2\Machine Learning\Sentiment-Analysis_ML\data\raw\MVSA_Single\data\3473.jpg
MVSA_Single/data/5112.jpg,negative,0,0,C:\Users\user\OneDrive\Desktop\KUHNE LOGISTIC UNIVERSITY\SEMESTER 2\Machine Learning\Sentiment-Analysis_ML\data\raw\MVSA_Single\data\5112.jpg
MVSA_Single/data/2120.jpg,positive,2,2,C:\Users\user\OneDrive\Desktop\KUHNE LOGISTIC UNIVERSITY\SEMESTER 2\Machine Learning\Sentiment-Analysis_ML\data\raw\MVSA_Single\data\2120.jpg
MVSA_Single/data/149.jpg,positive,2,2,C:\Users\user\OneDrive\Desktop\KUHNE LOGISTIC UNIVERSITY\SEMESTER 2\Machine Learning\Sentiment-Analysis_ML\data\raw\MVSA_Single\data\149.jpg
MVSA_Single/data/786.jpg,negative,0,0,C:\Users\user\OneDrive\Desktop\KUHNE LOGISTIC UNIVERSITY\SEMESTER 2\Machine Learning\Sentiment-Analysis_ML\data\raw\MVSA_Single\data\786.jpg
MVSA_Single/data/4064.jpg,negative,0,0,C:\Users\user\OneDrive\Desktop\KUHNE LOGISTIC UNIVERSITY\SEMESTER 2\Machine Learning\Sentiment-Analysis_ML\data\raw\MVSA_Single\data\4064.jpg
MVSA_Single/data/4351.jpg,positive,2,2,C:\Users\user\OneDrive\Desktop\KUHNE LOGISTIC UNIVERSITY\SEMESTER 2\Machine Learning\Sentiment-Analysis_ML\data\raw\MVSA_Single\data\4351.jpg
MVSA_Single/data/3057.jpg,positive,2,2,C:\Users\user\OneDrive\Desktop\KUHNE LOGISTIC UNIVERSITY\SEMESTER 2\Machine Learning\Sentiment-Analysis_ML\data\raw\MVSA_Single\data\3057.jpg
MVSA_Single/data/5087.jpg,negative,0,0,C:\Users\user\OneDrive\Desktop\KUHNE LOGISTIC UNIVERSITY\SEMESTER 2\Machine Learning\Sentiment-Analysis_ML\data\raw\MVSA_Single\data\5087.jpg
MVSA_Single/data/2933.jpg,neutral,1,1,C:\Users\user\OneDrive\Desktop\KUHNE LOGISTIC UNIVERSITY\SEMESTER 2\Machine Learning\Sentiment-Analysis_ML\data\raw\MVSA_Single\data\2933.jpg
MVSA_Single/data/2790.jpg,neutral,1,1,C:\Users\user\OneDrive\Desktop\KUHNE LOGISTIC UNIVERSITY\SEMESTER 2\Machine Learning\Sentiment-Analysis_ML\data\raw\MVSA_Single\data\2790.jpg
MVSA_Single/data/4367.jpg,neutral,1,1,C:\Users\user\OneDrive\Desktop\KUHNE LOGISTIC UNIVERSITY\SEMESTER 2\Machine Learning\Sentiment-Analysis_ML\data\raw\MVSA_Single\data\4367.jpg
MVSA_Single/data/1988.jpg,positive,2,2,C:\Users\user\OneDrive\Desktop\KUHNE LOGISTIC UNIVERSITY\SEMESTER 2\Machine Learning\Sentiment-Analysis_ML\data\raw\MVSA_Single\data\1988.jpg
MVSA_Single/data/1248.jpg,positive,2,2,C:\Users\user\OneDrive\Desktop\KUHNE LOGISTIC UNIVERSITY\SEMESTER 2\Machine Learning\Sentiment-Analysis_ML\data\raw\MVSA_Single\data\1248.jpg
MVSA_Single/data/3262.jpg,positive,2,2,C:\Users\user\OneDrive\Desktop\KUHNE LOGISTIC UNIVERSITY\SEMESTER 2\Machine Learning\Sentiment-Analysis_ML\data\raw\MVSA_Single\data\3262.jpg
MVSA_Single/data/2623.jpg,neutral,1,1,C:\Users\user\OneDrive\Desktop\KUHNE LOGISTIC UNIVERSITY\SEMESTER 2\Machine Learning\Sentiment-Analysis_ML\data\raw\MVSA_Single\data\2623.jpg
MVSA_Single/data/3815.jpg,positive,2,2,C:\Users\user\OneDrive\Desktop\KUHNE LOGISTIC UNIVERSITY\SEMESTER 2\Machine Learning\Sentiment-Analysis_ML\data\raw\MVSA_Single\data\3815.jpg
MVSA_Single/data/3250.jpg,positive,2,2,C:\Users\user\OneDrive\Desktop\KUHNE LOGISTIC UNIVERSITY\SEMESTER 2\Machine Learning\Sentiment-Analysis_ML\data\raw\MVSA_Single\data\3250.jpg
MVSA_Single/data/785.jpg,positive,2,2,C:\Users\user\OneDrive\Desktop\KUHNE LOGISTIC UNIVERSITY\SEMESTER 2\Machine Learning\Sentiment-Analysis_ML\data\raw\MVSA_Single\data\785.jpg
MVSA_Single/data/4590.jpg,positive,2,2,C:\Users\user\OneDrive\Desktop\KUHNE LOGISTIC UNIVERSITY\SEMESTER 2\Machine Learning\Sentiment-Analysis_ML\data\raw\MVSA_Single\data\4590.jpg
MVSA_Single/data/1312.jpg,positive,2,2,C:\Users\user\OneDrive\Desktop\KUHNE LOGISTIC UNIVERSITY\SEMESTER 2\Machine Learning\Sentiment-Analysis_ML\data\raw\MVSA_Single\data\1312.jpg
MVSA_Single/data/2155.jpg,positive,2,2,C:\Users\user\OneDrive\Desktop\KUHNE LOGISTIC UNIVERSITY\SEMESTER 2\Machine Learning\Sentiment-Analysis_ML\data\raw\MVSA_Single\data\2155.jpg
MVSA_Single/data/757.jpg,positive,2,2,C:\Users\user\OneDrive\Desktop\KUHNE LOGISTIC UNIVERSITY\SEMESTER 2\Machine Learning\Sentiment-Analysis_ML\data\raw\MVSA_Single\data\757.jpg
MVSA_Single/data/2586.jpg,negative,0,0,C:\Users\user\OneDrive\Desktop\KUHNE LOGISTIC UNIVERSITY\SEMESTER 2\Machine Learning\Sentiment-Analysis_ML\data\raw\MVSA_Single\data\2586.jpg
MVSA_Single/data/2684.jpg,neutral,1,1,C:\Users\user\OneDrive\Desktop\KUHNE LOGISTIC UNIVERSITY\SEMESTER 2\Machine Learning\Sentiment-Analysis_ML\data\raw\MVSA_Single\data\2684.jpg
MVSA_Single/data/2321.jpg,positive,2,2,C:\Users\user\OneDrive\Desktop\KUHNE LOGISTIC UNIVERSITY\SEMESTER 2\Machine Learning\Sentiment-Analysis_ML\data\raw\MVSA_Single\data\2321.jpg
MVSA_Single/data/4283.jpg,positive,2,2,C:\Users\user\OneDrive\Desktop\KUHNE LOGISTIC UNIVERSITY\SEMESTER 2\Machine Learning\Sentiment-Analysis_ML\data\raw\MVSA_Single\data\4283.jpg
MVSA_Single/data/1408.jpg,positive,2,2,C:\Users\user\OneDrive\Desktop\KUHNE LOGISTIC UNIVERSITY\SEMESTER 2\Machine Learning\Sentiment-Analysis_ML\data\raw\MVSA_Single\data\1408.jpg
MVSA_Single/data/4175.jpg,positive,2,2,C:\Users\user\OneDrive\Desktop\KUHNE LOGISTIC UNIVERSITY\SEMESTER 2\Machine Learning\Sentiment-Analysis_ML\data\raw\MVSA_Single\data\4175.jpg
MVSA_Single/data/1273.jpg,positive,2,2,C:\Users\user\OneDrive\Desktop\KUHNE LOGISTIC UNIVERSITY\SEMESTER 2\Machine Learning\Sentiment-Analysis_ML\data\raw\MVSA_Single\data\1273.jpg
MVSA_Single/data/50.jpg,negative,0,0,C:\Users\user\OneDrive\Desktop\KUHNE LOGISTIC UNIVERSITY\SEMESTER 2\Machine Learning\Sentiment-Analysis_ML\data\raw\MVSA_Single\data\50.jpg
MVSA_Single/data/1792.jpg,positive,2,2,C:\Users\user\OneDrive\Desktop\KUHNE LOGISTIC UNIVERSITY\SEMESTER 2\Machine Learning\Sentiment-Analysis_ML\data\raw\MVSA_Single\data\1792.jpg
MVSA_Single/data/1722.jpg,neutral,1,1,C:\Users\user\OneDrive\Desktop\KUHNE LOGISTIC UNIVERSITY\SEMESTER 2\Machine Learning\Sentiment-Analysis_ML\data\raw\MVSA_Single\data\1722.jpg
MVSA_Single/data/3366.jpg,positive,2,2,C:\Users\user\OneDrive\Desktop\KUHNE LOGISTIC UNIVERSITY\SEMESTER 2\Machine Learning\Sentiment-Analysis_ML\data\raw\MVSA_Single\data\3366.jpg
MVSA_Single/data/3456.jpg,negative,0,0,C:\Users\user\OneDrive\Desktop\KUHNE LOGISTIC UNIVERSITY\SEMESTER 2\Machine Learning\Sentiment-Analysis_ML\data\raw\MVSA_Single\data\3456.jpg
MVSA_Single/data/5111.jpg,positive,2,2,C:\Users\user\OneDrive\Desktop\KUHNE LOGISTIC UNIVERSITY\SEMESTER 2\Machine Learning\Sentiment-Analysis_ML\data\raw\MVSA_Single\data\5111.jpg
MVSA_Single/data/4541.jpg,positive,2,2,C:\Users\user\OneDrive\Desktop\KUHNE LOGISTIC UNIVERSITY\SEMESTER 2\Machine Learning\Sentiment-Analysis_ML\data\raw\MVSA_Single\data\4541.jpg
MVSA_Single/data/1878.jpg,negative,0,0,C:\Users\user\OneDrive\Desktop\KUHNE LOGISTIC UNIVERSITY\SEMESTER 2\Machine Learning\Sentiment-Analysis_ML\data\raw\MVSA_Single\data\1878.jpg
MVSA_Single/data/4663.jpg,positive,2,2,C:\Users\user\OneDrive\Desktop\KUHNE LOGISTIC UNIVERSITY\SEMESTER 2\Machine Learning\Sentiment-Analysis_ML\data\raw\MVSA_Single\data\4663.jpg
MVSA_Single/data/4425.jpg,neutral,1,1,C:\Users\user\OneDrive\Desktop\KUHNE LOGISTIC UNIVERSITY\SEMESTER 2\Machine Learning\Sentiment-Analysis_ML\data\raw\MVSA_Single\data\4425.jpg
MVSA_Single/data/3018.jpg,neutral,1,1,C:\Users\user\OneDrive\Desktop\KUHNE LOGISTIC UNIVERSITY\SEMESTER 2\Machine Learning\Sentiment-Analysis_ML\data\raw\MVSA_Single\data\3018.jpg
MVSA_Single/data/2589.jpg,positive,2,2,C:\Users\user\OneDrive\Desktop\KUHNE LOGISTIC UNIVERSITY\SEMESTER 2\Machine Learning\Sentiment-Analysis_ML\data\raw\MVSA_Single\data\2589.jpg
MVSA_Single/data/2793.jpg,neutral,1,1,C:\Users\user\OneDrive\Desktop\KUHNE LOGISTIC UNIVERSITY\SEMESTER 2\Machine Learning\Sentiment-Analysis_ML\data\raw\MVSA_Single\data\2793.jpg
MVSA_Single/data/3686.jpg,positive,2,2,C:\Users\user\OneDrive\Desktop\KUHNE LOGISTIC UNIVERSITY\SEMESTER 2\Machine Learning\Sentiment-Analysis_ML\data\raw\MVSA_Single\data\3686.jpg
MVSA_Single/data/3609.jpg,positive,2,2,C:\Users\user\OneDrive\Desktop\KUHNE LOGISTIC UNIVERSITY\SEMESTER 2\Machine Learning\Sentiment-Analysis_ML\data\raw\MVSA_Single\data\3609.jpg
MVSA_Single/data/511.jpg,neutral,1,1,C:\Users\user\OneDrive\Desktop\KUHNE LOGISTIC UNIVERSITY\SEMESTER 2\Machine Learning\Sentiment-Analysis_ML\data\raw\MVSA_Single\data\511.jpg
MVSA_Single/data/3759.jpg,positive,2,2,C:\Users\user\OneDrive\Desktop\KUHNE LOGISTIC UNIVERSITY\SEMESTER 2\Machine Learning\Sentiment-Analysis_ML\data\raw\MVSA_Single\data\3759.jpg
MVSA_Single/data/2157.jpg,neutral,1,1,C:\Users\user\OneDrive\Desktop\KUHNE LOGISTIC UNIVERSITY\SEMESTER 2\Machine Learning\Sentiment-Analysis_ML\data\raw\MVSA_Single\data\2157.jpg
MVSA_Single/data/1216.jpg,positive,2,2,C:\Users\user\OneDrive\Desktop\KUHNE LOGISTIC UNIVERSITY\SEMESTER 2\Machine Learning\Sentiment-Analysis_ML\data\raw\MVSA_Single\data\1216.jpg
MVSA_Single/data/4201.jpg,negative,0,0,C:\Users\user\OneDrive\Desktop\KUHNE LOGISTIC UNIVERSITY\SEMESTER 2\Machine Learning\Sentiment-Analysis_ML\data\raw\MVSA_Single\data\4201.jpg
MVSA_Single/data/1140.jpg,positive,2,2,C:\Users\user\OneDrive\Desktop\KUHNE LOGISTIC UNIVERSITY\SEMESTER 2\Machine Learning\Sentiment-Analysis_ML\data\raw\MVSA_Single\data\1140.jpg
MVSA_Single/data/316.jpg,negative,0,0,C:\Users\user\OneDrive\Desktop\KUHNE LOGISTIC UNIVERSITY\SEMESTER 2\Machine Learning\Sentiment-Analysis_ML\data\raw\MVSA_Single\data\316.jpg
MVSA_Single/data/3659.jpg,neutral,1,1,C:\Users\user\OneDrive\Desktop\KUHNE LOGISTIC UNIVERSITY\SEMESTER 2\Machine Learning\Sentiment-Analysis_ML\data\raw\MVSA_Single\data\3659.jpg
MVSA_Single/data/2553.jpg,positive,2,2,C:\Users\user\OneDrive\Desktop\KUHNE LOGISTIC UNIVERSITY\SEMESTER 2\Machine Learning\Sentiment-Analysis_ML\data\raw\MVSA_Single\data\2553.jpg
MVSA_Single/data/3039.jpg,positive,2,2,C:\Users\user\OneDrive\Desktop\KUHNE LOGISTIC UNIVERSITY\SEMESTER 2\Machine Learning\Sentiment-Analysis_ML\data\raw\MVSA_Single\data\3039.jpg
MVSA_Single/data/3218.jpg,positive,2,2,C:\Users\user\OneDrive\Desktop\KUHNE LOGISTIC UNIVERSITY\SEMESTER 2\Machine Learning\Sentiment-Analysis_ML\data\raw\MVSA_Single\data\3218.jpg
MVSA_Single/data/4.jpg,positive,2,2,C:\Users\user\OneDrive\Desktop\KUHNE LOGISTIC UNIVERSITY\SEMESTER 2\Machine Learning\Sentiment-Analysis_ML\data\raw\MVSA_Single\data\4.jpg
MVSA_Single/data/509.jpg,positive,2,2,C:\Users\user\OneDrive\Desktop\KUHNE LOGISTIC UNIVERSITY\SEMESTER 2\Machine Learning\Sentiment-Analysis_ML\data\raw\MVSA_Single\data\509.jpg
MVSA_Single/data/3304.jpg,positive,2,2,C:\Users\user\OneDrive\Desktop\KUHNE LOGISTIC UNIVERSITY\SEMESTER 2\Machine Learning\Sentiment-Analysis_ML\data\raw\MVSA_Single\data\3304.jpg
MVSA_Single/data/3266.jpg,positive,2,2,C:\Users\user\OneDrive\Desktop\KUHNE LOGISTIC UNIVERSITY\SEMESTER 2\Machine Learning\Sentiment-Analysis_ML\data\raw\MVSA_Single\data\3266.jpg
MVSA_Single/data/3161.jpg,positive,2,2,C:\Users\user\OneDrive\Desktop\KUHNE LOGISTIC UNIVERSITY\SEMESTER 2\Machine Learning\Sentiment-Analysis_ML\data\raw\MVSA_Single\data\3161.jpg
MVSA_Single/data/1757.jpg,positive,2,2,C:\Users\user\OneDrive\Desktop\KUHNE LOGISTIC UNIVERSITY\SEMESTER 2\Machine Learning\Sentiment-Analysis_ML\data\raw\MVSA_Single\data\1757.jpg
MVSA_Single/data/764.jpg,positive,2,2,C:\Users\user\OneDrive\Desktop\KUHNE LOGISTIC UNIVERSITY\SEMESTER 2\Machine Learning\Sentiment-Analysis_ML\data\raw\MVSA_Single\data\764.jpg
MVSA_Single/data/3384.jpg,neutral,1,1,C:\Users\user\OneDrive\Desktop\KUHNE LOGISTIC UNIVERSITY\SEMESTER 2\Machine Learning\Sentiment-Analysis_ML\data\raw\MVSA_Single\data\3384.jpg
MVSA_Single/data/716.jpg,positive,2,2,C:\Users\user\OneDrive\Desktop\KUHNE LOGISTIC UNIVERSITY\SEMESTER 2\Machine Learning\Sentiment-Analysis_ML\data\raw\MVSA_Single\data\716.jpg
MVSA_Single/data/1230.jpg,positive,2,2,C:\Users\user\OneDrive\Desktop\KUHNE LOGISTIC UNIVERSITY\SEMESTER 2\Machine Learning\Sentiment-Analysis_ML\data\raw\MVSA_Single\data\1230.jpg
MVSA_Single/data/2711.jpg,positive,2,2,C:\Users\user\OneDrive\Desktop\KUHNE LOGISTIC UNIVERSITY\SEMESTER 2\Machine Learning\Sentiment-Analysis_ML\data\raw\MVSA_Single\data\2711.jpg
MVSA_Single/data/4850.jpg,negative,0,0,C:\Users\user\OneDrive\Desktop\KUHNE LOGISTIC UNIVERSITY\SEMESTER 2\Machine Learning\Sentiment-Analysis_ML\data\raw\MVSA_Single\data\4850.jpg
MVSA_Single/data/595.jpg,positive,2,2,C:\Users\user\OneDrive\Desktop\KUHNE LOGISTIC UNIVERSITY\SEMESTER 2\Machine Learning\Sentiment-Analysis_ML\data\raw\MVSA_Single\data\595.jpg
MVSA_Single/data/3445.jpg,negative,0,0,C:\Users\user\OneDrive\Desktop\KUHNE LOGISTIC UNIVERSITY\SEMESTER 2\Machine Learning\Sentiment-Analysis_ML\data\raw\MVSA_Single\data\3445.jpg
MVSA_Single/data/4052.jpg,positive,2,2,C:\Users\user\OneDrive\Desktop\KUHNE LOGISTIC UNIVERSITY\SEMESTER 2\Machine Learning\Sentiment-Analysis_ML\data\raw\MVSA_Single\data\4052.jpg
MVSA_Single/data/4254.jpg,positive,2,2,C:\Users\user\OneDrive\Desktop\KUHNE LOGISTIC UNIVERSITY\SEMESTER 2\Machine Learning\Sentiment-Analysis_ML\data\raw\MVSA_Single\data\4254.jpg
MVSA_Single/data/1745.jpg,positive,2,2,C:\Users\user\OneDrive\Desktop\KUHNE LOGISTIC UNIVERSITY\SEMESTER 2\Machine Learning\Sentiment-Analysis_ML\data\raw\MVSA_Single\data\1745.jpg
MVSA_Single/data/1868.jpg,positive,2,2,C:\Users\user\OneDrive\Desktop\KUHNE LOGISTIC UNIVERSITY\SEMESTER 2\Machine Learning\Sentiment-Analysis_ML\data\raw\MVSA_Single\data\1868.jpg
MVSA_Single/data/2063.jpg,neutral,1,1,C:\Users\user\OneDrive\Desktop\KUHNE LOGISTIC UNIVERSITY\SEMESTER 2\Machine Learning\Sentiment-Analysis_ML\data\raw\MVSA_Single\data\2063.jpg
MVSA_Single/data/1908.jpg,negative,0,0,C:\Users\user\OneDrive\Desktop\KUHNE LOGISTIC UNIVERSITY\SEMESTER 2\Machine Learning\Sentiment-Analysis_ML\data\raw\MVSA_Single\data\1908.jpg
MVSA_Single/data/1512.jpg,negative,0,0,C:\Users\user\OneDrive\Desktop\KUHNE LOGISTIC UNIVERSITY\SEMESTER 2\Machine Learning\Sentiment-Analysis_ML\data\raw\MVSA_Single\data\1512.jpg
MVSA_Single/data/589.jpg,negative,0,0,C:\Users\user\OneDrive\Desktop\KUHNE LOGISTIC UNIVERSITY\SEMESTER 2\Machine Learning\Sentiment-Analysis_ML\data\raw\MVSA_Single\data\589.jpg
MVSA_Single/data/440.jpg,positive,2,2,C:\Users\user\OneDrive\Desktop\KUHNE LOGISTIC UNIVERSITY\SEMESTER 2\Machine Learning\Sentiment-Analysis_ML\data\raw\MVSA_Single\data\440.jpg
MVSA_Single/data/3982.jpg,positive,2,2,C:\Users\user\OneDrive\Desktop\KUHNE LOGISTIC UNIVERSITY\SEMESTER 2\Machine Learning\Sentiment-Analysis_ML\data\raw\MVSA_Single\data\3982.jpg
MVSA_Single/data/4602.jpg,negative,0,0,C:\Users\user\OneDrive\Desktop\KUHNE LOGISTIC UNIVERSITY\SEMESTER 2\Machine Learning\Sentiment-Analysis_ML\data\raw\MVSA_Single\data\4602.jpg
MVSA_Single/data/920.jpg,negative,0,0,C:\Users\user\OneDrive\Desktop\KUHNE LOGISTIC UNIVERSITY\SEMESTER 2\Machine Learning\Sentiment-Analysis_ML\data\raw\MVSA_Single\data\920.jpg
MVSA_Single/data/2121.jpg,positive,2,2,C:\Users\user\OneDrive\Desktop\KUHNE LOGISTIC UNIVERSITY\SEMESTER 2\Machine Learning\Sentiment-Analysis_ML\data\raw\MVSA_Single\data\2121.jpg
MVSA_Single/data/4294.jpg,neutral,1,1,C:\Users\user\OneDrive\Desktop\KUHNE LOGISTIC UNIVERSITY\SEMESTER 2\Machine Learning\Sentiment-Analysis_ML\data\raw\MVSA_Single\data\4294.jpg
MVSA_Single/data/960.jpg,negative,0,0,C:\Users\user\OneDrive\Desktop\KUHNE LOGISTIC UNIVERSITY\SEMESTER 2\Machine Learning\Sentiment-Analysis_ML\data\raw\MVSA_Single\data\960.jpg
MVSA_Single/data/3329.jpg,neutral,1,1,C:\Users\user\OneDrive\Desktop\KUHNE LOGISTIC UNIVERSITY\SEMESTER 2\Machine Learning\Sentiment-Analysis_ML\data\raw\MVSA_Single\data\3329.jpg
MVSA_Single/data/3962.jpg,negative,0,0,C:\Users\user\OneDrive\Desktop\KUHNE LOGISTIC UNIVERSITY\SEMESTER 2\Machine Learning\Sentiment-Analysis_ML\data\raw\MVSA_Single\data\3962.jpg
MVSA_Single/data/1488.jpg,negative,0,0,C:\Users\user\OneDrive\Desktop\KUHNE LOGISTIC UNIVERSITY\SEMESTER 2\Machine Learning\Sentiment-Analysis_ML\data\raw\MVSA_Single\data\1488.jpg
MVSA_Single/data/974.jpg,positive,2,2,C:\Users\user\OneDrive\Desktop\KUHNE LOGISTIC UNIVERSITY\SEMESTER 2\Machine Learning\Sentiment-Analysis_ML\data\raw\MVSA_Single\data\974.jpg
MVSA_Single/data/740.jpg,positive,2,2,C:\Users\user\OneDrive\Desktop\KUHNE LOGISTIC UNIVERSITY\SEMESTER 2\Machine Learning\Sentiment-Analysis_ML\data\raw\MVSA_Single\data\740.jpg
MVSA_Single/data/4407.jpg,neutral,1,1,C:\Users\user\OneDrive\Desktop\KUHNE LOGISTIC UNIVERSITY\SEMESTER 2\Machine Learning\Sentiment-Analysis_ML\data\raw\MVSA_Single\data\4407.jpg
MVSA_Single/data/3408.jpg,positive,2,2,C:\Users\user\OneDrive\Desktop\KUHNE LOGISTIC UNIVERSITY\SEMESTER 2\Machine Learning\Sentiment-Analysis_ML\data\raw\MVSA_Single\data\3408.jpg
MVSA_Single/data/4979.jpg,positive,2,2,C:\Users\user\OneDrive\Desktop\KUHNE LOGISTIC UNIVERSITY\SEMESTER 2\Machine Learning\Sentiment-Analysis_ML\data\raw\MVSA_Single\data\4979.jpg
MVSA_Single/data/3082.jpg,neutral,1,1,C:\Users\user\OneDrive\Desktop\KUHNE LOGISTIC UNIVERSITY\SEMESTER 2\Machine Learning\Sentiment-Analysis_ML\data\raw\MVSA_Single\data\3082.jpg
MVSA_Single/data/780.jpg,neutral,1,1,C:\Users\user\OneDrive\Desktop\KUHNE LOGISTIC UNIVERSITY\SEMESTER 2\Machine Learning\Sentiment-Analysis_ML\data\raw\MVSA_Single\data\780.jpg
MVSA_Single/data/1866.jpg,neutral,1,1,C:\Users\user\OneDrive\Desktop\KUHNE LOGISTIC UNIVERSITY\SEMESTER 2\Machine Learning\Sentiment-Analysis_ML\data\raw\MVSA_Single\data\1866.jpg
MVSA_Single/data/2854.jpg,positive,2,2,C:\Users\user\OneDrive\Desktop\KUHNE LOGISTIC UNIVERSITY\SEMESTER 2\Machine Learning\Sentiment-Analysis_ML\data\raw\MVSA_Single\data\2854.jpg
MVSA_Single/data/4037.jpg,positive,2,2,C:\Users\user\OneDrive\Desktop\KUHNE LOGISTIC UNIVERSITY\SEMESTER 2\Machine Learning\Sentiment-Analysis_ML\data\raw\MVSA_Single\data\4037.jpg
MVSA_Single/data/1448.jpg,positive,2,2,C:\Users\user\OneDrive\Desktop\KUHNE LOGISTIC UNIVERSITY\SEMESTER 2\Machine Learning\Sentiment-Analysis_ML\data\raw\MVSA_Single\data\1448.jpg
MVSA_Single/data/4340.jpg,positive,2,2,C:\Users\user\OneDrive\Desktop\KUHNE LOGISTIC UNIVERSITY\SEMESTER 2\Machine Learning\Sentiment-Analysis_ML\data\raw\MVSA_Single\data\4340.jpg
MVSA_Single/data/1658.jpg,neutral,1,1,C:\Users\user\OneDrive\Desktop\KUHNE LOGISTIC UNIVERSITY\SEMESTER 2\Machine Learning\Sentiment-Analysis_ML\data\raw\MVSA_Single\data\1658.jpg
MVSA_Single/data/4762.jpg,negative,0,0,C:\Users\user\OneDrive\Desktop\KUHNE LOGISTIC UNIVERSITY\SEMESTER 2\Machine Learning\Sentiment-Analysis_ML\data\raw\MVSA_Single\data\4762.jpg
MVSA_Single/data/3826.jpg,negative,0,0,C:\Users\user\OneDrive\Desktop\KUHNE LOGISTIC UNIVERSITY\SEMESTER 2\Machine Learning\Sentiment-Analysis_ML\data\raw\MVSA_Single\data\3826.jpg
MVSA_Single/data/2491.jpg,positive,2,2,C:\Users\user\OneDrive\Desktop\KUHNE LOGISTIC UNIVERSITY\SEMESTER 2\Machine Learning\Sentiment-Analysis_ML\data\raw\MVSA_Single\data\2491.jpg
MVSA_Single/data/5116.jpg,negative,0,0,C:\Users\user\OneDrive\Desktop\KUHNE LOGISTIC UNIVERSITY\SEMESTER 2\Machine Learning\Sentiment-Analysis_ML\data\raw\MVSA_Single\data\5116.jpg
MVSA_Single/data/4709.jpg,positive,2,2,C:\Users\user\OneDrive\Desktop\KUHNE LOGISTIC UNIVERSITY\SEMESTER 2\Machine Learning\Sentiment-Analysis_ML\data\raw\MVSA_Single\data\4709.jpg
MVSA_Single/data/3472.jpg,positive,2,2,C:\Users\user\OneDrive\Desktop\KUHNE LOGISTIC UNIVERSITY\SEMESTER 2\Machine Learning\Sentiment-Analysis_ML\data\raw\MVSA_Single\data\3472.jpg
MVSA_Single/data/173.jpg,neutral,1,1,C:\Users\user\OneDrive\Desktop\KUHNE LOGISTIC UNIVERSITY\SEMESTER 2\Machine Learning\Sentiment-Analysis_ML\data\raw\MVSA_Single\data\173.jpg
MVSA_Single/data/683.jpg,positive,2,2,C:\Users\user\OneDrive\Desktop\KUHNE LOGISTIC UNIVERSITY\SEMESTER 2\Machine Learning\Sentiment-Analysis_ML\data\raw\MVSA_Single\data\683.jpg
MVSA_Single/data/2849.jpg,positive,2,2,C:\Users\user\OneDrive\Desktop\KUHNE LOGISTIC UNIVERSITY\SEMESTER 2\Machine Learning\Sentiment-Analysis_ML\data\raw\MVSA_Single\data\2849.jpg
MVSA_Single/data/1799.jpg,positive,2,2,C:\Users\user\OneDrive\Desktop\KUHNE LOGISTIC UNIVERSITY\SEMESTER 2\Machine Learning\Sentiment-Analysis_ML\data\raw\MVSA_Single\data\1799.jpg
MVSA_Single/data/507.jpg,positive,2,2,C:\Users\user\OneDrive\Desktop\KUHNE LOGISTIC UNIVERSITY\SEMESTER 2\Machine Learning\Sentiment-Analysis_ML\data\raw\MVSA_Single\data\507.jpg
MVSA_Single/data/2575.jpg,positive,2,2,C:\Users\user\OneDrive\Desktop\KUHNE LOGISTIC UNIVERSITY\SEMESTER 2\Machine Learning\Sentiment-Analysis_ML\data\raw\MVSA_Single\data\2575.jpg
MVSA_Single/data/612.jpg,positive,2,2,C:\Users\user\OneDrive\Desktop\KUHNE LOGISTIC UNIVERSITY\SEMESTER 2\Machine Learning\Sentiment-Analysis_ML\data\raw\MVSA_Single\data\612.jpg
MVSA_Single/data/1212.jpg,positive,2,2,C:\Users\user\OneDrive\Desktop\KUHNE LOGISTIC UNIVERSITY\SEMESTER 2\Machine Learning\Sentiment-Analysis_ML\data\raw\MVSA_Single\data\1212.jpg
MVSA_Single/data/3241.jpg,positive,2,2,C:\Users\user\OneDrive\Desktop\KUHNE LOGISTIC UNIVERSITY\SEMESTER 2\Machine Learning\Sentiment-Analysis_ML\data\raw\MVSA_Single\data\3241.jpg
MVSA_Single/data/2030.jpg,positive,2,2,C:\Users\user\OneDrive\Desktop\KUHNE LOGISTIC UNIVERSITY\SEMESTER 2\Machine Learning\Sentiment-Analysis_ML\data\raw\MVSA_Single\data\2030.jpg
MVSA_Single/data/562.jpg,positive,2,2,C:\Users\user\OneDrive\Desktop\KUHNE LOGISTIC UNIVERSITY\SEMESTER 2\Machine Learning\Sentiment-Analysis_ML\data\raw\MVSA_Single\data\562.jpg
MVSA_Single/data/409.jpg,positive,2,2,C:\Users\user\OneDrive\Desktop\KUHNE LOGISTIC UNIVERSITY\SEMESTER 2\Machine Learning\Sentiment-Analysis_ML\data\raw\MVSA_Single\data\409.jpg
MVSA_Single/data/2749.jpg,positive,2,2,C:\Users\user\OneDrive\Desktop\KUHNE LOGISTIC UNIVERSITY\SEMESTER 2\Machine Learning\Sentiment-Analysis_ML\data\raw\MVSA_Single\data\2749.jpg
MVSA_Single/data/4685.jpg,neutral,1,1,C:\Users\user\OneDrive\Desktop\KUHNE LOGISTIC UNIVERSITY\SEMESTER 2\Machine Learning\Sentiment-Analysis_ML\data\raw\MVSA_Single\data\4685.jpg
MVSA_Single/data/290.jpg,positive,2,2,C:\Users\user\OneDrive\Desktop\KUHNE LOGISTIC UNIVERSITY\SEMESTER 2\Machine Learning\Sentiment-Analysis_ML\data\raw\MVSA_Single\data\290.jpg
MVSA_Single/data/3273.jpg,positive,2,2,C:\Users\user\OneDrive\Desktop\KUHNE LOGISTIC UNIVERSITY\SEMESTER 2\Machine Learning\Sentiment-Analysis_ML\data\raw\MVSA_Single\data\3273.jpg
MVSA_Single/data/3871.jpg,positive,2,2,C:\Users\user\OneDrive\Desktop\KUHNE LOGISTIC UNIVERSITY\SEMESTER 2\Machine Learning\Sentiment-Analysis_ML\data\raw\MVSA_Single\data\3871.jpg
MVSA_Single/data/725.jpg,positive,2,2,C:\Users\user\OneDrive\Desktop\KUHNE LOGISTIC UNIVERSITY\SEMESTER 2\Machine Learning\Sentiment-Analysis_ML\data\raw\MVSA_Single\data\725.jpg
MVSA_Single/data/3466.jpg,positive,2,2,C:\Users\user\OneDrive\Desktop\KUHNE LOGISTIC UNIVERSITY\SEMESTER 2\Machine Learning\Sentiment-Analysis_ML\data\raw\MVSA_Single\data\3466.jpg
MVSA_Single/data/640.jpg,positive,2,2,C:\Users\user\OneDrive\Desktop\KUHNE LOGISTIC UNIVERSITY\SEMESTER 2\Machine Learning\Sentiment-Analysis_ML\data\raw\MVSA_Single\data\640.jpg
MVSA_Single/data/3086.jpg,positive,2,2,C:\Users\user\OneDrive\Desktop\KUHNE LOGISTIC UNIVERSITY\SEMESTER 2\Machine Learning\Sentiment-Analysis_ML\data\raw\MVSA_Single\data\3086.jpg
MVSA_Single/data/2870.jpg,positive,2,2,C:\Users\user\OneDrive\Desktop\KUHNE LOGISTIC UNIVERSITY\SEMESTER 2\Machine Learning\Sentiment-Analysis_ML\data\raw\MVSA_Single\data\2870.jpg
MVSA_Single/data/4577.jpg,neutral,1,1,C:\Users\user\OneDrive\Desktop\KUHNE LOGISTIC UNIVERSITY\SEMESTER 2\Machine Learning\Sentiment-Analysis_ML\data\raw\MVSA_Single\data\4577.jpg
MVSA_Single/data/123.jpg,positive,2,2,C:\Users\user\OneDrive\Desktop\KUHNE LOGISTIC UNIVERSITY\SEMESTER 2\Machine Learning\Sentiment-Analysis_ML\data\raw\MVSA_Single\data\123.jpg
MVSA_Single/data/606.jpg,negative,0,0,C:\Users\user\OneDrive\Desktop\KUHNE LOGISTIC UNIVERSITY\SEMESTER 2\Machine Learning\Sentiment-Analysis_ML\data\raw\MVSA_Single\data\606.jpg
MVSA_Single/data/1818.jpg,negative,0,0,C:\Users\user\OneDrive\Desktop\KUHNE LOGISTIC UNIVERSITY\SEMESTER 2\Machine Learning\Sentiment-Analysis_ML\data\raw\MVSA_Single\data\1818.jpg
MVSA_Single/data/1568.jpg,neutral,1,1,C:\Users\user\OneDrive\Desktop\KUHNE LOGISTIC UNIVERSITY\SEMESTER 2\Machine Learning\Sentiment-Analysis_ML\data\raw\MVSA_Single\data\1568.jpg
MVSA_Single/data/2811.jpg,positive,2,2,C:\Users\user\OneDrive\Desktop\KUHNE LOGISTIC UNIVERSITY\SEMESTER 2\Machine Learning\Sentiment-Analysis_ML\data\raw\MVSA_Single\data\2811.jpg
MVSA_Single/data/1829.jpg,negative,0,0,C:\Users\user\OneDrive\Desktop\KUHNE LOGISTIC UNIVERSITY\SEMESTER 2\Machine Learning\Sentiment-Analysis_ML\data\raw\MVSA_Single\data\1829.jpg
MVSA_Single/data/2494.jpg,positive,2,2,C:\Users\user\OneDrive\Desktop\KUHNE LOGISTIC UNIVERSITY\SEMESTER 2\Machine Learning\Sentiment-Analysis_ML\data\raw\MVSA_Single\data\2494.jpg
MVSA_Single/data/1369.jpg,positive,2,2,C:\Users\user\OneDrive\Desktop\KUHNE LOGISTIC UNIVERSITY\SEMESTER 2\Machine Learning\Sentiment-Analysis_ML\data\raw\MVSA_Single\data\1369.jpg
MVSA_Single/data/2867.jpg,positive,2,2,C:\Users\user\OneDrive\Desktop\KUHNE LOGISTIC UNIVERSITY\SEMESTER 2\Machine Learning\Sentiment-Analysis_ML\data\raw\MVSA_Single\data\2867.jpg
MVSA_Single/data/4593.jpg,neutral,1,1,C:\Users\user\OneDrive\Desktop\KUHNE LOGISTIC UNIVERSITY\SEMESTER 2\Machine Learning\Sentiment-Analysis_ML\data\raw\MVSA_Single\data\4593.jpg
MVSA_Single/data/1043.jpg,positive,2,2,C:\Users\user\OneDrive\Desktop\KUHNE LOGISTIC UNIVERSITY\SEMESTER 2\Machine Learning\Sentiment-Analysis_ML\data\raw\MVSA_Single\data\1043.jpg
MVSA_Single/data/3603.jpg,positive,2,2,C:\Users\user\OneDrive\Desktop\KUHNE LOGISTIC UNIVERSITY\SEMESTER 2\Machine Learning\Sentiment-Analysis_ML\data\raw\MVSA_Single\data\3603.jpg
MVSA_Single/data/607.jpg,positive,2,2,C:\Users\user\OneDrive\Desktop\KUHNE LOGISTIC UNIVERSITY\SEMESTER 2\Machine Learning\Sentiment-Analysis_ML\data\raw\MVSA_Single\data\607.jpg
MVSA_Single/data/3431.jpg,positive,2,2,C:\Users\user\OneDrive\Desktop\KUHNE LOGISTIC UNIVERSITY\SEMESTER 2\Machine Learning\Sentiment-Analysis_ML\data\raw\MVSA_Single\data\3431.jpg
MVSA_Single/data/4703.jpg,positive,2,2,C:\Users\user\OneDrive\Desktop\KUHNE LOGISTIC UNIVERSITY\SEMESTER 2\Machine Learning\Sentiment-Analysis_ML\data\raw\MVSA_Single\data\4703.jpg
MVSA_Single/data/1071.jpg,neutral,1,1,C:\Users\user\OneDrive\Desktop\KUHNE LOGISTIC UNIVERSITY\SEMESTER 2\Machine Learning\Sentiment-Analysis_ML\data\raw\MVSA_Single\data\1071.jpg
MVSA_Single/data/1713.jpg,negative,0,0,C:\Users\user\OneDrive\Desktop\KUHNE LOGISTIC UNIVERSITY\SEMESTER 2\Machine Learning\Sentiment-Analysis_ML\data\raw\MVSA_Single\data\1713.jpg
MVSA_Single/data/5064.jpg,neutral,1,1,C:\Users\user\OneDrive\Desktop\KUHNE LOGISTIC UNIVERSITY\SEMESTER 2\Machine Learning\Sentiment-Analysis_ML\data\raw\MVSA_Single\data\5064.jpg
MVSA_Single/data/3758.jpg,positive,2,2,C:\Users\user\OneDrive\Desktop\KUHNE LOGISTIC UNIVERSITY\SEMESTER 2\Machine Learning\Sentiment-Analysis_ML\data\raw\MVSA_Single\data\3758.jpg
MVSA_Single/data/1229.jpg,positive,2,2,C:\Users\user\OneDrive\Desktop\KUHNE LOGISTIC UNIVERSITY\SEMESTER 2\Machine Learning\Sentiment-Analysis_ML\data\raw\MVSA_Single\data\1229.jpg
MVSA_Single/data/2901.jpg,positive,2,2,C:\Users\user\OneDrive\Desktop\KUHNE LOGISTIC UNIVERSITY\SEMESTER 2\Machine Learning\Sentiment-Analysis_ML\data\raw\MVSA_Single\data\2901.jpg
MVSA_Single/data/4694.jpg,positive,2,2,C:\Users\user\OneDrive\Desktop\KUHNE LOGISTIC UNIVERSITY\SEMESTER 2\Machine Learning\Sentiment-Analysis_ML\data\raw\MVSA_Single\data\4694.jpg
MVSA_Single/data/4300.jpg,neutral,1,1,C:\Users\user\OneDrive\Desktop\KUHNE LOGISTIC UNIVERSITY\SEMESTER 2\Machine Learning\Sentiment-Analysis_ML\data\raw\MVSA_Single\data\4300.jpg
MVSA_Single/data/2052.jpg,neutral,1,1,C:\Users\user\OneDrive\Desktop\KUHNE LOGISTIC UNIVERSITY\SEMESTER 2\Machine Learning\Sentiment-Analysis_ML\data\raw\MVSA_Single\data\2052.jpg
MVSA_Single/data/1134.jpg,positive,2,2,C:\Users\user\OneDrive\Desktop\KUHNE LOGISTIC UNIVERSITY\SEMESTER 2\Machine Learning\Sentiment-Analysis_ML\data\raw\MVSA_Single\data\1134.jpg
MVSA_Single/data/5107.jpg,positive,2,2,C:\Users\user\OneDrive\Desktop\KUHNE LOGISTIC UNIVERSITY\SEMESTER 2\Machine Learning\Sentiment-Analysis_ML\data\raw\MVSA_Single\data\5107.jpg
MVSA_Single/data/3728.jpg,negative,0,0,C:\Users\user\OneDrive\Desktop\KUHNE LOGISTIC UNIVERSITY\SEMESTER 2\Machine Learning\Sentiment-Analysis_ML\data\raw\MVSA_Single\data\3728.jpg
MVSA_Single/data/3546.jpg,neutral,1,1,C:\Users\user\OneDrive\Desktop\KUHNE LOGISTIC UNIVERSITY\SEMESTER 2\Machine Learning\Sentiment-Analysis_ML\data\raw\MVSA_Single\data\3546.jpg
MVSA_Single/data/823.jpg,positive,2,2,C:\Users\user\OneDrive\Desktop\KUHNE LOGISTIC UNIVERSITY\SEMESTER 2\Machine Learning\Sentiment-Analysis_ML\data\raw\MVSA_Single\data\823.jpg
MVSA_Single/data/1059.jpg,negative,0,0,C:\Users\user\OneDrive\Desktop\KUHNE LOGISTIC UNIVERSITY\SEMESTER 2\Machine Learning\Sentiment-Analysis_ML\data\raw\MVSA_Single\data\1059.jpg
MVSA_Single/data/4357.jpg,negative,0,0,C:\Users\user\OneDrive\Desktop\KUHNE LOGISTIC UNIVERSITY\SEMESTER 2\Machine Learning\Sentiment-Analysis_ML\data\raw\MVSA_Single\data\4357.jpg
MVSA_Single/data/2919.jpg,positive,2,2,C:\Users\user\OneDrive\Desktop\KUHNE LOGISTIC UNIVERSITY\SEMESTER 2\Machine Learning\Sentiment-Analysis_ML\data\raw\MVSA_Single\data\2919.jpg
MVSA_Single/data/4319.jpg,neutral,1,1,C:\Users\user\OneDrive\Desktop\KUHNE LOGISTIC UNIVERSITY\SEMESTER 2\Machine Learning\Sentiment-Analysis_ML\data\raw\MVSA_Single\data\4319.jpg
MVSA_Single/data/2674.jpg,negative,0,0,C:\Users\user\OneDrive\Desktop\KUHNE LOGISTIC UNIVERSITY\SEMESTER 2\Machine Learning\Sentiment-Analysis_ML\data\raw\MVSA_Single\data\2674.jpg
MVSA_Single/data/1293.jpg,negative,0,0,C:\Users\user\OneDrive\Desktop\KUHNE LOGISTIC UNIVERSITY\SEMESTER 2\Machine Learning\Sentiment-Analysis_ML\data\raw\MVSA_Single\data\1293.jpg
MVSA_Single/data/1371.jpg,positive,2,2,C:\Users\user\OneDrive\Desktop\KUHNE LOGISTIC UNIVERSITY\SEMESTER 2\Machine Learning\Sentiment-Analysis_ML\data\raw\MVSA_Single\data\1371.jpg
MVSA_Single/data/3326.jpg,positive,2,2,C:\Users\user\OneDrive\Desktop\KUHNE LOGISTIC UNIVERSITY\SEMESTER 2\Machine Learning\Sentiment-Analysis_ML\data\raw\MVSA_Single\data\3326.jpg
MVSA_Single/data/1029.jpg,positive,2,2,C:\Users\user\OneDrive\Desktop\KUHNE LOGISTIC UNIVERSITY\SEMESTER 2\Machine Learning\Sentiment-Analysis_ML\data\raw\MVSA_Single\data\1029.jpg
MVSA_Single/data/1416.jpg,positive,2,2,C:\Users\user\OneDrive\Desktop\KUHNE LOGISTIC UNIVERSITY\SEMESTER 2\Machine Learning\Sentiment-Analysis_ML\data\raw\MVSA_Single\data\1416.jpg
MVSA_Single/data/2744.jpg,positive,2,2,C:\Users\user\OneDrive\Desktop\KUHNE LOGISTIC UNIVERSITY\SEMESTER 2\Machine Learning\Sentiment-Analysis_ML\data\raw\MVSA_Single\data\2744.jpg
MVSA_Single/data/4440.jpg,neutral,1,1,C:\Users\user\OneDrive\Desktop\KUHNE LOGISTIC UNIVERSITY\SEMESTER 2\Machine Learning\Sentiment-Analysis_ML\data\raw\MVSA_Single\data\4440.jpg
MVSA_Single/data/1853.jpg,neutral,1,1,C:\Users\user\OneDrive\Desktop\KUHNE LOGISTIC UNIVERSITY\SEMESTER 2\Machine Learning\Sentiment-Analysis_ML\data\raw\MVSA_Single\data\1853.jpg
MVSA_Single/data/3270.jpg,positive,2,2,C:\Users\user\OneDrive\Desktop\KUHNE LOGISTIC UNIVERSITY\SEMESTER 2\Machine Learning\Sentiment-Analysis_ML\data\raw\MVSA_Single\data\3270.jpg
MVSA_Single/data/196.jpg,negative,0,0,C:\Users\user\OneDrive\Desktop\KUHNE LOGISTIC UNIVERSITY\SEMESTER 2\Machine Learning\Sentiment-Analysis_ML\data\raw\MVSA_Single\data\196.jpg
MVSA_Single/data/1037.jpg,positive,2,2,C:\Users\user\OneDrive\Desktop\KUHNE LOGISTIC UNIVERSITY\SEMESTER 2\Machine Learning\Sentiment-Analysis_ML\data\raw\MVSA_Single\data\1037.jpg
MVSA_Single/data/1610.jpg,positive,2,2,C:\Users\user\OneDrive\Desktop\KUHNE LOGISTIC UNIVERSITY\SEMESTER 2\Machine Learning\Sentiment-Analysis_ML\data\raw\MVSA_Single\data\1610.jpg
MVSA_Single/data/4232.jpg,positive,2,2,C:\Users\user\OneDrive\Desktop\KUHNE LOGISTIC UNIVERSITY\SEMESTER 2\Machine Learning\Sentiment-Analysis_ML\data\raw\MVSA_Single\data\4232.jpg
MVSA_Single/data/1047.jpg,positive,2,2,C:\Users\user\OneDrive\Desktop\KUHNE LOGISTIC UNIVERSITY\SEMESTER 2\Machine Learning\Sentiment-Analysis_ML\data\raw\MVSA_Single\data\1047.jpg
MVSA_Single/data/720.jpg,neutral,1,1,C:\Users\user\OneDrive\Desktop\KUHNE LOGISTIC UNIVERSITY\SEMESTER 2\Machine Learning\Sentiment-Analysis_ML\data\raw\MVSA_Single\data\720.jpg
MVSA_Single/data/4676.jpg,positive,2,2,C:\Users\user\OneDrive\Desktop\KUHNE LOGISTIC UNIVERSITY\SEMESTER 2\Machine Learning\Sentiment-Analysis_ML\data\raw\MVSA_Single\data\4676.jpg
MVSA_Single/data/2732.jpg,neutral,1,1,C:\Users\user\OneDrive\Desktop\KUHNE LOGISTIC UNIVERSITY\SEMESTER 2\Machine Learning\Sentiment-Analysis_ML\data\raw\MVSA_Single\data\2732.jpg
MVSA_Single/data/3358.jpg,negative,0,0,C:\Users\user\OneDrive\Desktop\KUHNE LOGISTIC UNIVERSITY\SEMESTER 2\Machine Learning\Sentiment-Analysis_ML\data\raw\MVSA_Single\data\3358.jpg
MVSA_Single/data/499.jpg,positive,2,2,C:\Users\user\OneDrive\Desktop\KUHNE LOGISTIC UNIVERSITY\SEMESTER 2\Machine Learning\Sentiment-Analysis_ML\data\raw\MVSA_Single\data\499.jpg
MVSA_Single/data/2348.jpg,positive,2,2,C:\Users\user\OneDrive\Desktop\KUHNE LOGISTIC UNIVERSITY\SEMESTER 2\Machine Learning\Sentiment-Analysis_ML\data\raw\MVSA_Single\data\2348.jpg
MVSA_Single/data/3994.jpg,positive,2,2,C:\Users\user\OneDrive\Desktop\KUHNE LOGISTIC UNIVERSITY\SEMESTER 2\Machine Learning\Sentiment-Analysis_ML\data\raw\MVSA_Single\data\3994.jpg
MVSA_Single/data/4957.jpg,positive,2,2,C:\Users\user\OneDrive\Desktop\KUHNE LOGISTIC UNIVERSITY\SEMESTER 2\Machine Learning\Sentiment-Analysis_ML\data\raw\MVSA_Single\data\4957.jpg
MVSA_Single/data/2133.jpg,positive,2,2,C:\Users\user\OneDrive\Desktop\KUHNE LOGISTIC UNIVERSITY\SEMESTER 2\Machine Learning\Sentiment-Analysis_ML\data\raw\MVSA_Single\data\2133.jpg
MVSA_Single/data/3557.jpg,negative,0,0,C:\Users\user\OneDrive\Desktop\KUHNE LOGISTIC UNIVERSITY\SEMESTER 2\Machine Learning\Sentiment-Analysis_ML\data\raw\MVSA_Single\data\3557.jpg
MVSA_Single/data/3648.jpg,positive,2,2,C:\Users\user\OneDrive\Desktop\KUHNE LOGISTIC UNIVERSITY\SEMESTER 2\Machine Learning\Sentiment-Analysis_ML\data\raw\MVSA_Single\data\3648.jpg
MVSA_Single/data/527.jpg,positive,2,2,C:\Users\user\OneDrive\Desktop\KUHNE LOGISTIC UNIVERSITY\SEMESTER 2\Machine Learning\Sentiment-Analysis_ML\data\raw\MVSA_Single\data\527.jpg
MVSA_Single/data/2366.jpg,neutral,1,1,C:\Users\user\OneDrive\Desktop\KUHNE LOGISTIC UNIVERSITY\SEMESTER 2\Machine Learning\Sentiment-Analysis_ML\data\raw\MVSA_Single\data\2366.jpg
MVSA_Single/data/3938.jpg,negative,0,0,C:\Users\user\OneDrive\Desktop\KUHNE LOGISTIC UNIVERSITY\SEMESTER 2\Machine Learning\Sentiment-Analysis_ML\data\raw\MVSA_Single\data\3938.jpg
MVSA_Single/data/1641.jpg,positive,2,2,C:\Users\user\OneDrive\Desktop\KUHNE LOGISTIC UNIVERSITY\SEMESTER 2\Machine Learning\Sentiment-Analysis_ML\data\raw\MVSA_Single\data\1641.jpg
MVSA_Single/data/3870.jpg,positive,2,2,C:\Users\user\OneDrive\Desktop\KUHNE LOGISTIC UNIVERSITY\SEMESTER 2\Machine Learning\Sentiment-Analysis_ML\data\raw\MVSA_Single\data\3870.jpg
MVSA_Single/data/1760.jpg,positive,2,2,C:\Users\user\OneDrive\Desktop\KUHNE LOGISTIC UNIVERSITY\SEMESTER 2\Machine Learning\Sentiment-Analysis_ML\data\raw\MVSA_Single\data\1760.jpg
MVSA_Single/data/3045.jpg,neutral,1,1,C:\Users\user\OneDrive\Desktop\KUHNE LOGISTIC UNIVERSITY\SEMESTER 2\Machine Learning\Sentiment-Analysis_ML\data\raw\MVSA_Single\data\3045.jpg
MVSA_Single/data/1710.jpg,negative,0,0,C:\Users\user\OneDrive\Desktop\KUHNE LOGISTIC UNIVERSITY\SEMESTER 2\Machine Learning\Sentiment-Analysis_ML\data\raw\MVSA_Single\data\1710.jpg
MVSA_Single/data/3171.jpg,negative,0,0,C:\Users\user\OneDrive\Desktop\KUHNE LOGISTIC UNIVERSITY\SEMESTER 2\Machine Learning\Sentiment-Analysis_ML\data\raw\MVSA_Single\data\3171.jpg
MVSA_Single/data/1887.jpg,positive,2,2,C:\Users\user\OneDrive\Desktop\KUHNE LOGISTIC UNIVERSITY\SEMESTER 2\Machine Learning\Sentiment-Analysis_ML\data\raw\MVSA_Single\data\1887.jpg
MVSA_Single/data/768.jpg,negative,0,0,C:\Users\user\OneDrive\Desktop\KUHNE LOGISTIC UNIVERSITY\SEMESTER 2\Machine Learning\Sentiment-Analysis_ML\data\raw\MVSA_Single\data\768.jpg
MVSA_Single/data/221.jpg,positive,2,2,C:\Users\user\OneDrive\Desktop\KUHNE LOGISTIC UNIVERSITY\SEMESTER 2\Machine Learning\Sentiment-Analysis_ML\data\raw\MVSA_Single\data\221.jpg
MVSA_Single/data/792.jpg,positive,2,2,C:\Users\user\OneDrive\Desktop\KUHNE LOGISTIC UNIVERSITY\SEMESTER 2\Machine Learning\Sentiment-Analysis_ML\data\raw\MVSA_Single\data\792.jpg
MVSA_Single/data/3701.jpg,neutral,1,1,C:\Users\user\OneDrive\Desktop\KUHNE LOGISTIC UNIVERSITY\SEMESTER 2\Machine Learning\Sentiment-Analysis_ML\data\raw\MVSA_Single\data\3701.jpg
MVSA_Single/data/3901.jpg,neutral,1,1,C:\Users\user\OneDrive\Desktop\KUHNE LOGISTIC UNIVERSITY\SEMESTER 2\Machine Learning\Sentiment-Analysis_ML\data\raw\MVSA_Single\data\3901.jpg
MVSA_Single/data/2537.jpg,positive,2,2,C:\Users\user\OneDrive\Desktop\KUHNE LOGISTIC UNIVERSITY\SEMESTER 2\Machine Learning\Sentiment-Analysis_ML\data\raw\MVSA_Single\data\2537.jpg
MVSA_Single/data/4423.jpg,negative,0,0,C:\Users\user\OneDrive\Desktop\KUHNE LOGISTIC UNIVERSITY\SEMESTER 2\Machine Learning\Sentiment-Analysis_ML\data\raw\MVSA_Single\data\4423.jpg
MVSA_Single/data/2842.jpg,negative,0,0,C:\Users\user\OneDrive\Desktop\KUHNE LOGISTIC UNIVERSITY\SEMESTER 2\Machine Learning\Sentiment-Analysis_ML\data\raw\MVSA_Single\data\2842.jpg
MVSA_Single/data/4307.jpg,positive,2,2,C:\Users\user\OneDrive\Desktop\KUHNE LOGISTIC UNIVERSITY\SEMESTER 2\Machine Learning\Sentiment-Analysis_ML\data\raw\MVSA_Single\data\4307.jpg
MVSA_Single/data/306.jpg,positive,2,2,C:\Users\user\OneDrive\Desktop\KUHNE LOGISTIC UNIVERSITY\SEMESTER 2\Machine Learning\Sentiment-Analysis_ML\data\raw\MVSA_Single\data\306.jpg
MVSA_Single/data/976.jpg,positive,2,2,C:\Users\user\OneDrive\Desktop\KUHNE LOGISTIC UNIVERSITY\SEMESTER 2\Machine Learning\Sentiment-Analysis_ML\data\raw\MVSA_Single\data\976.jpg
MVSA_Single/data/11.jpg,positive,2,2,C:\Users\user\OneDrive\Desktop\KUHNE LOGISTIC UNIVERSITY\SEMESTER 2\Machine Learning\Sentiment-Analysis_ML\data\raw\MVSA_Single\data\11.jpg
MVSA_Single/data/297.jpg,negative,0,0,C:\Users\user\OneDrive\Desktop\KUHNE LOGISTIC UNIVERSITY\SEMESTER 2\Machine Learning\Sentiment-Analysis_ML\data\raw\MVSA_Single\data\297.jpg
MVSA_Single/data/586.jpg,neutral,1,1,C:\Users\user\OneDrive\Desktop\KUHNE LOGISTIC UNIVERSITY\SEMESTER 2\Machine Learning\Sentiment-Analysis_ML\data\raw\MVSA_Single\data\586.jpg
MVSA_Single/data/4831.jpg,negative,0,0,C:\Users\user\OneDrive\Desktop\KUHNE LOGISTIC UNIVERSITY\SEMESTER 2\Machine Learning\Sentiment-Analysis_ML\data\raw\MVSA_Single\data\4831.jpg
MVSA_Single/data/2633.jpg,negative,0,0,C:\Users\user\OneDrive\Desktop\KUHNE LOGISTIC UNIVERSITY\SEMESTER 2\Machine Learning\Sentiment-Analysis_ML\data\raw\MVSA_Single\data\2633.jpg
MVSA_Single/data/1862.jpg,neutral,1,1,C:\Users\user\OneDrive\Desktop\KUHNE LOGISTIC UNIVERSITY\SEMESTER 2\Machine Learning\Sentiment-Analysis_ML\data\raw\MVSA_Single\data\1862.jpg
MVSA_Single/data/157.jpg,positive,2,2,C:\Users\user\OneDrive\Desktop\KUHNE LOGISTIC UNIVERSITY\SEMESTER 2\Machine Learning\Sentiment-Analysis_ML\data\raw\MVSA_Single\data\157.jpg
MVSA_Single/data/4513.jpg,positive,2,2,C:\Users\user\OneDrive\Desktop\KUHNE LOGISTIC UNIVERSITY\SEMESTER 2\Machine Learning\Sentiment-Analysis_ML\data\raw\MVSA_Single\data\4513.jpg
MVSA_Single/data/398.jpg,negative,0,0,C:\Users\user\OneDrive\Desktop\KUHNE LOGISTIC UNIVERSITY\SEMESTER 2\Machine Learning\Sentiment-Analysis_ML\data\raw\MVSA_Single\data\398.jpg
MVSA_Single/data/3778.jpg,negative,0,0,C:\Users\user\OneDrive\Desktop\KUHNE LOGISTIC UNIVERSITY\SEMESTER 2\Machine Learning\Sentiment-Analysis_ML\data\raw\MVSA_Single\data\3778.jpg
MVSA_Single/data/320.jpg,negative,0,0,C:\Users\user\OneDrive\Desktop\KUHNE LOGISTIC UNIVERSITY\SEMESTER 2\Machine Learning\Sentiment-Analysis_ML\data\raw\MVSA_Single\data\320.jpg
MVSA_Single/data/3711.jpg,positive,2,2,C:\Users\user\OneDrive\Desktop\KUHNE LOGISTIC UNIVERSITY\SEMESTER 2\Machine Learning\Sentiment-Analysis_ML\data\raw\MVSA_Single\data\3711.jpg
MVSA_Single/data/3501.jpg,negative,0,0,C:\Users\user\OneDrive\Desktop\KUHNE LOGISTIC UNIVERSITY\SEMESTER 2\Machine Learning\Sentiment-Analysis_ML\data\raw\MVSA_Single\data\3501.jpg
MVSA_Single/data/810.jpg,neutral,1,1,C:\Users\user\OneDrive\Desktop\KUHNE LOGISTIC UNIVERSITY\SEMESTER 2\Machine Learning\Sentiment-Analysis_ML\data\raw\MVSA_Single\data\810.jpg
MVSA_Single/data/2591.jpg,positive,2,2,C:\Users\user\OneDrive\Desktop\KUHNE LOGISTIC UNIVERSITY\SEMESTER 2\Machine Learning\Sentiment-Analysis_ML\data\raw\MVSA_Single\data\2591.jpg
MVSA_Single/data/1777.jpg,negative,0,0,C:\Users\user\OneDrive\Desktop\KUHNE LOGISTIC UNIVERSITY\SEMESTER 2\Machine Learning\Sentiment-Analysis_ML\data\raw\MVSA_Single\data\1777.jpg
MVSA_Single/data/2653.jpg,positive,2,2,C:\Users\user\OneDrive\Desktop\KUHNE LOGISTIC UNIVERSITY\SEMESTER 2\Machine Learning\Sentiment-Analysis_ML\data\raw\MVSA_Single\data\2653.jpg
MVSA_Single/data/1746.jpg,positive,2,2,C:\Users\user\OneDrive\Desktop\KUHNE LOGISTIC UNIVERSITY\SEMESTER 2\Machine Learning\Sentiment-Analysis_ML\data\raw\MVSA_Single\data\1746.jpg
MVSA_Single/data/3817.jpg,positive,2,2,C:\Users\user\OneDrive\Desktop\KUHNE LOGISTIC UNIVERSITY\SEMESTER 2\Machine Learning\Sentiment-Analysis_ML\data\raw\MVSA_Single\data\3817.jpg
MVSA_Single/data/1387.jpg,positive,2,2,C:\Users\user\OneDrive\Desktop\KUHNE LOGISTIC UNIVERSITY\SEMESTER 2\Machine Learning\Sentiment-Analysis_ML\data\raw\MVSA_Single\data\1387.jpg
MVSA_Single/data/3801.jpg,positive,2,2,C:\Users\user\OneDrive\Desktop\KUHNE LOGISTIC UNIVERSITY\SEMESTER 2\Machine Learning\Sentiment-Analysis_ML\data\raw\MVSA_Single\data\3801.jpg
MVSA_Single/data/1886.jpg,negative,0,0,C:\Users\user\OneDrive\Desktop\KUHNE LOGISTIC UNIVERSITY\SEMESTER 2\Machine Learning\Sentiment-Analysis_ML\data\raw\MVSA_Single\data\1886.jpg
MVSA_Single/data/2844.jpg,negative,0,0,C:\Users\user\OneDrive\Desktop\KUHNE LOGISTIC UNIVERSITY\SEMESTER 2\Machine Learning\Sentiment-Analysis_ML\data\raw\MVSA_Single\data\2844.jpg
MVSA_Single/data/1343.jpg,positive,2,2,C:\Users\user\OneDrive\Desktop\KUHNE LOGISTIC UNIVERSITY\SEMESTER 2\Machine Learning\Sentiment-Analysis_ML\data\raw\MVSA_Single\data\1343.jpg
MVSA_Single/data/2368.jpg,positive,2,2,C:\Users\user\OneDrive\Desktop\KUHNE LOGISTIC UNIVERSITY\SEMESTER 2\Machine Learning\Sentiment-Analysis_ML\data\raw\MVSA_Single\data\2368.jpg
MVSA_Single/data/4376.jpg,neutral,1,1,C:\Users\user\OneDrive\Desktop\KUHNE LOGISTIC UNIVERSITY\SEMESTER 2\Machine Learning\Sentiment-Analysis_ML\data\raw\MVSA_Single\data\4376.jpg
MVSA_Single/data/1905.jpg,neutral,1,1,C:\Users\user\OneDrive\Desktop\KUHNE LOGISTIC UNIVERSITY\SEMESTER 2\Machine Learning\Sentiment-Analysis_ML\data\raw\MVSA_Single\data\1905.jpg
MVSA_Single/data/2812.jpg,negative,0,0,C:\Users\user\OneDrive\Desktop\KUHNE LOGISTIC UNIVERSITY\SEMESTER 2\Machine Learning\Sentiment-Analysis_ML\data\raw\MVSA_Single\data\2812.jpg
MVSA_Single/data/4480.jpg,negative,0,0,C:\Users\user\OneDrive\Desktop\KUHNE LOGISTIC UNIVERSITY\SEMESTER 2\Machine Learning\Sentiment-Analysis_ML\data\raw\MVSA_Single\data\4480.jpg
MVSA_Single/data/1368.jpg,positive,2,2,C:\Users\user\OneDrive\Desktop\KUHNE LOGISTIC UNIVERSITY\SEMESTER 2\Machine Learning\Sentiment-Analysis_ML\data\raw\MVSA_Single\data\1368.jpg
MVSA_Single/data/4705.jpg,negative,0,0,C:\Users\user\OneDrive\Desktop\KUHNE LOGISTIC UNIVERSITY\SEMESTER 2\Machine Learning\Sentiment-Analysis_ML\data\raw\MVSA_Single\data\4705.jpg
MVSA_Single/data/838.jpg,negative,0,0,C:\Users\user\OneDrive\Desktop\KUHNE LOGISTIC UNIVERSITY\SEMESTER 2\Machine Learning\Sentiment-Analysis_ML\data\raw\MVSA_Single\data\838.jpg
MVSA_Single/data/1541.jpg,positive,2,2,C:\Users\user\OneDrive\Desktop\KUHNE LOGISTIC UNIVERSITY\SEMESTER 2\Machine Learning\Sentiment-Analysis_ML\data\raw\MVSA_Single\data\1541.jpg
MVSA_Single/data/209.jpg,positive,2,2,C:\Users\user\OneDrive\Desktop\KUHNE LOGISTIC UNIVERSITY\SEMESTER 2\Machine Learning\Sentiment-Analysis_ML\data\raw\MVSA_Single\data\209.jpg
MVSA_Single/data/1108.jpg,positive,2,2,C:\Users\user\OneDrive\Desktop\KUHNE LOGISTIC UNIVERSITY\SEMESTER 2\Machine Learning\Sentiment-Analysis_ML\data\raw\MVSA_Single\data\1108.jpg
MVSA_Single/data/2313.jpg,negative,0,0,C:\Users\user\OneDrive\Desktop\KUHNE LOGISTIC UNIVERSITY\SEMESTER 2\Machine Learning\Sentiment-Analysis_ML\data\raw\MVSA_Single\data\2313.jpg
MVSA_Single/data/207.jpg,positive,2,2,C:\Users\user\OneDrive\Desktop\KUHNE LOGISTIC UNIVERSITY\SEMESTER 2\Machine Learning\Sentiment-Analysis_ML\data\raw\MVSA_Single\data\207.jpg
MVSA_Single/data/4412.jpg,positive,2,2,C:\Users\user\OneDrive\Desktop\KUHNE LOGISTIC UNIVERSITY\SEMESTER 2\Machine Learning\Sentiment-Analysis_ML\data\raw\MVSA_Single\data\4412.jpg
MVSA_Single/data/807.jpg,neutral,1,1,C:\Users\user\OneDrive\Desktop\KUHNE LOGISTIC UNIVERSITY\SEMESTER 2\Machine Learning\Sentiment-Analysis_ML\data\raw\MVSA_Single\data\807.jpg
MVSA_Single/data/2038.jpg,neutral,1,1,C:\Users\user\OneDrive\Desktop\KUHNE LOGISTIC UNIVERSITY\SEMESTER 2\Machine Learning\Sentiment-Analysis_ML\data\raw\MVSA_Single\data\2038.jpg
MVSA_Single/data/1347.jpg,negative,0,0,C:\Users\user\OneDrive\Desktop\KUHNE LOGISTIC UNIVERSITY\SEMESTER 2\Machine Learning\Sentiment-Analysis_ML\data\raw\MVSA_Single\data\1347.jpg
MVSA_Single/data/698.jpg,positive,2,2,C:\Users\user\OneDrive\Desktop\KUHNE LOGISTIC UNIVERSITY\SEMESTER 2\Machine Learning\Sentiment-Analysis_ML\data\raw\MVSA_Single\data\698.jpg
MVSA_Single/data/1832.jpg,negative,0,0,C:\Users\user\OneDrive\Desktop\KUHNE LOGISTIC UNIVERSITY\SEMESTER 2\Machine Learning\Sentiment-Analysis_ML\data\raw\MVSA_Single\data\1832.jpg
MVSA_Single/data/5092.jpg,negative,0,0,C:\Users\user\OneDrive\Desktop\KUHNE LOGISTIC UNIVERSITY\SEMESTER 2\Machine Learning\Sentiment-Analysis_ML\data\raw\MVSA_Single\data\5092.jpg
MVSA_Single/data/2073.jpg,negative,0,0,C:\Users\user\OneDrive\Desktop\KUHNE LOGISTIC UNIVERSITY\SEMESTER 2\Machine Learning\Sentiment-Analysis_ML\data\raw\MVSA_Single\data\2073.jpg
MVSA_Single/data/2332.jpg,positive,2,2,C:\Users\user\OneDrive\Desktop\KUHNE LOGISTIC UNIVERSITY\SEMESTER 2\Machine Learning\Sentiment-Analysis_ML\data\raw\MVSA_Single\data\2332.jpg
MVSA_Single/data/4109.jpg,positive,2,2,C:\Users\user\OneDrive\Desktop\KUHNE LOGISTIC UNIVERSITY\SEMESTER 2\Machine Learning\Sentiment-Analysis_ML\data\raw\MVSA_Single\data\4109.jpg
MVSA_Single/data/4906.jpg,positive,2,2,C:\Users\user\OneDrive\Desktop\KUHNE LOGISTIC UNIVERSITY\SEMESTER 2\Machine Learning\Sentiment-Analysis_ML\data\raw\MVSA_Single\data\4906.jpg
MVSA_Single/data/3105.jpg,negative,0,0,C:\Users\user\OneDrive\Desktop\KUHNE LOGISTIC UNIVERSITY\SEMESTER 2\Machine Learning\Sentiment-Analysis_ML\data\raw\MVSA_Single\data\3105.jpg
MVSA_Single/data/1250.jpg,negative,0,0,C:\Users\user\OneDrive\Desktop\KUHNE LOGISTIC UNIVERSITY\SEMESTER 2\Machine Learning\Sentiment-Analysis_ML\data\raw\MVSA_Single\data\1250.jpg
MVSA_Single/data/4905.jpg,neutral,1,1,C:\Users\user\OneDrive\Desktop\KUHNE LOGISTIC UNIVERSITY\SEMESTER 2\Machine Learning\Sentiment-Analysis_ML\data\raw\MVSA_Single\data\4905.jpg
MVSA_Single/data/1563.jpg,positive,2,2,C:\Users\user\OneDrive\Desktop\KUHNE LOGISTIC UNIVERSITY\SEMESTER 2\Machine Learning\Sentiment-Analysis_ML\data\raw\MVSA_Single\data\1563.jpg
MVSA_Single/data/4341.jpg,positive,2,2,C:\Users\user\OneDrive\Desktop\KUHNE LOGISTIC UNIVERSITY\SEMESTER 2\Machine Learning\Sentiment-Analysis_ML\data\raw\MVSA_Single\data\4341.jpg
MVSA_Single/data/4399.jpg,positive,2,2,C:\Users\user\OneDrive\Desktop\KUHNE LOGISTIC UNIVERSITY\SEMESTER 2\Machine Learning\Sentiment-Analysis_ML\data\raw\MVSA_Single\data\4399.jpg
MVSA_Single/data/3843.jpg,positive,2,2,C:\Users\user\OneDrive\Desktop\KUHNE LOGISTIC UNIVERSITY\SEMESTER 2\Machine Learning\Sentiment-Analysis_ML\data\raw\MVSA_Single\data\3843.jpg
MVSA_Single/data/1391.jpg,positive,2,2,C:\Users\user\OneDrive\Desktop\KUHNE LOGISTIC UNIVERSITY\SEMESTER 2\Machine Learning\Sentiment-Analysis_ML\data\raw\MVSA_Single\data\1391.jpg
MVSA_Single/data/4819.jpg,negative,0,0,C:\Users\user\OneDrive\Desktop\KUHNE LOGISTIC UNIVERSITY\SEMESTER 2\Machine Learning\Sentiment-Analysis_ML\data\raw\MVSA_Single\data\4819.jpg
MVSA_Single/data/379.jpg,negative,0,0,C:\Users\user\OneDrive\Desktop\KUHNE LOGISTIC UNIVERSITY\SEMESTER 2\Machine Learning\Sentiment-Analysis_ML\data\raw\MVSA_Single\data\379.jpg
MVSA_Single/data/4795.jpg,positive,2,2,C:\Users\user\OneDrive\Desktop\KUHNE LOGISTIC UNIVERSITY\SEMESTER 2\Machine Learning\Sentiment-Analysis_ML\data\raw\MVSA_Single\data\4795.jpg
MVSA_Single/data/1033.jpg,positive,2,2,C:\Users\user\OneDrive\Desktop\KUHNE LOGISTIC UNIVERSITY\SEMESTER 2\Machine Learning\Sentiment-Analysis_ML\data\raw\MVSA_Single\data\1033.jpg
MVSA_Single/data/2542.jpg,positive,2,2,C:\Users\user\OneDrive\Desktop\KUHNE LOGISTIC UNIVERSITY\SEMESTER 2\Machine Learning\Sentiment-Analysis_ML\data\raw\MVSA_Single\data\2542.jpg
MVSA_Single/data/4091.jpg,neutral,1,1,C:\Users\user\OneDrive\Desktop\KUHNE LOGISTIC UNIVERSITY\SEMESTER 2\Machine Learning\Sentiment-Analysis_ML\data\raw\MVSA_Single\data\4091.jpg
MVSA_Single/data/283.jpg,positive,2,2,C:\Users\user\OneDrive\Desktop\KUHNE LOGISTIC UNIVERSITY\SEMESTER 2\Machine Learning\Sentiment-Analysis_ML\data\raw\MVSA_Single\data\283.jpg
MVSA_Single/data/1132.jpg,neutral,1,1,C:\Users\user\OneDrive\Desktop\KUHNE LOGISTIC UNIVERSITY\SEMESTER 2\Machine Learning\Sentiment-Analysis_ML\data\raw\MVSA_Single\data\1132.jpg
MVSA_Single/data/4883.jpg,positive,2,2,C:\Users\user\OneDrive\Desktop\KUHNE LOGISTIC UNIVERSITY\SEMESTER 2\Machine Learning\Sentiment-Analysis_ML\data\raw\MVSA_Single\data\4883.jpg
MVSA_Single/data/3685.jpg,neutral,1,1,C:\Users\user\OneDrive\Desktop\KUHNE LOGISTIC UNIVERSITY\SEMESTER 2\Machine Learning\Sentiment-Analysis_ML\data\raw\MVSA_Single\data\3685.jpg
MVSA_Single/data/1754.jpg,neutral,1,1,C:\Users\user\OneDrive\Desktop\KUHNE LOGISTIC UNIVERSITY\SEMESTER 2\Machine Learning\Sentiment-Analysis_ML\data\raw\MVSA_Single\data\1754.jpg
MVSA_Single/data/4866.jpg,negative,0,0,C:\Users\user\OneDrive\Desktop\KUHNE LOGISTIC UNIVERSITY\SEMESTER 2\Machine Learning\Sentiment-Analysis_ML\data\raw\MVSA_Single\data\4866.jpg
MVSA_Single/data/3671.jpg,positive,2,2,C:\Users\user\OneDrive\Desktop\KUHNE LOGISTIC UNIVERSITY\SEMESTER 2\Machine Learning\Sentiment-Analysis_ML\data\raw\MVSA_Single\data\3671.jpg
MVSA_Single/data/2635.jpg,neutral,1,1,C:\Users\user\OneDrive\Desktop\KUHNE LOGISTIC UNIVERSITY\SEMESTER 2\Machine Learning\Sentiment-Analysis_ML\data\raw\MVSA_Single\data\2635.jpg
MVSA_Single/data/3643.jpg,positive,2,2,C:\Users\user\OneDrive\Desktop\KUHNE LOGISTIC UNIVERSITY\SEMESTER 2\Machine Learning\Sentiment-Analysis_ML\data\raw\MVSA_Single\data\3643.jpg
MVSA_Single/data/1296.jpg,negative,0,0,C:\Users\user\OneDrive\Desktop\KUHNE LOGISTIC UNIVERSITY\SEMESTER 2\Machine Learning\Sentiment-Analysis_ML\data\raw\MVSA_Single\data\1296.jpg
MVSA_Single/data/5007.jpg,negative,0,0,C:\Users\user\OneDrive\Desktop\KUHNE LOGISTIC UNIVERSITY\SEMESTER 2\Machine Learning\Sentiment-Analysis_ML\data\raw\MVSA_Single\data\5007.jpg
MVSA_Single/data/2318.jpg,neutral,1,1,C:\Users\user\OneDrive\Desktop\KUHNE LOGISTIC UNIVERSITY\SEMESTER 2\Machine Learning\Sentiment-Analysis_ML\data\raw\MVSA_Single\data\2318.jpg
MVSA_Single/data/961.jpg,positive,2,2,C:\Users\user\OneDrive\Desktop\KUHNE LOGISTIC UNIVERSITY\SEMESTER 2\Machine Learning\Sentiment-Analysis_ML\data\raw\MVSA_Single\data\961.jpg
MVSA_Single/data/153.jpg,neutral,1,1,C:\Users\user\OneDrive\Desktop\KUHNE LOGISTIC UNIVERSITY\SEMESTER 2\Machine Learning\Sentiment-Analysis_ML\data\raw\MVSA_Single\data\153.jpg
MVSA_Single/data/1309.jpg,negative,0,0,C:\Users\user\OneDrive\Desktop\KUHNE LOGISTIC UNIVERSITY\SEMESTER 2\Machine Learning\Sentiment-Analysis_ML\data\raw\MVSA_Single\data\1309.jpg
MVSA_Single/data/2754.jpg,positive,2,2,C:\Users\user\OneDrive\Desktop\KUHNE LOGISTIC UNIVERSITY\SEMESTER 2\Machine Learning\Sentiment-Analysis_ML\data\raw\MVSA_Single\data\2754.jpg
MVSA_Single/data/3773.jpg,negative,0,0,C:\Users\user\OneDrive\Desktop\KUHNE LOGISTIC UNIVERSITY\SEMESTER 2\Machine Learning\Sentiment-Analysis_ML\data\raw\MVSA_Single\data\3773.jpg
MVSA_Single/data/240.jpg,neutral,1,1,C:\Users\user\OneDrive\Desktop\KUHNE LOGISTIC UNIVERSITY\SEMESTER 2\Machine Learning\Sentiment-Analysis_ML\data\raw\MVSA_Single\data\240.jpg
MVSA_Single/data/329.jpg,positive,2,2,C:\Users\user\OneDrive\Desktop\KUHNE LOGISTIC UNIVERSITY\SEMESTER 2\Machine Learning\Sentiment-Analysis_ML\data\raw\MVSA_Single\data\329.jpg
MVSA_Single/data/2619.jpg,neutral,1,1,C:\Users\user\OneDrive\Desktop\KUHNE LOGISTIC UNIVERSITY\SEMESTER 2\Machine Learning\Sentiment-Analysis_ML\data\raw\MVSA_Single\data\2619.jpg
MVSA_Single/data/3952.jpg,negative,0,0,C:\Users\user\OneDrive\Desktop\KUHNE LOGISTIC UNIVERSITY\SEMESTER 2\Machine Learning\Sentiment-Analysis_ML\data\raw\MVSA_Single\data\3952.jpg
MVSA_Single/data/4166.jpg,neutral,1,1,C:\Users\user\OneDrive\Desktop\KUHNE LOGISTIC UNIVERSITY\SEMESTER 2\Machine Learning\Sentiment-Analysis_ML\data\raw\MVSA_Single\data\4166.jpg
MVSA_Single/data/3920.jpg,neutral,1,1,C:\Users\user\OneDrive\Desktop\KUHNE LOGISTIC UNIVERSITY\SEMESTER 2\Machine Learning\Sentiment-Analysis_ML\data\raw\MVSA_Single\data\3920.jpg
MVSA_Single/data/3970.jpg,positive,2,2,C:\Users\user\OneDrive\Desktop\KUHNE LOGISTIC UNIVERSITY\SEMESTER 2\Machine Learning\Sentiment-Analysis_ML\data\raw\MVSA_Single\data\3970.jpg
MVSA_Single/data/2977.jpg,positive,2,2,C:\Users\user\OneDrive\Desktop\KUHNE LOGISTIC UNIVERSITY\SEMESTER 2\Machine Learning\Sentiment-Analysis_ML\data\raw\MVSA_Single\data\2977.jpg
MVSA_Single/data/3774.jpg,neutral,1,1,C:\Users\user\OneDrive\Desktop\KUHNE LOGISTIC UNIVERSITY\SEMESTER 2\Machine Learning\Sentiment-Analysis_ML\data\raw\MVSA_Single\data\3774.jpg
MVSA_Single/data/403.jpg,positive,2,2,C:\Users\user\OneDrive\Desktop\KUHNE LOGISTIC UNIVERSITY\SEMESTER 2\Machine Learning\Sentiment-Analysis_ML\data\raw\MVSA_Single\data\403.jpg
MVSA_Single/data/1842.jpg,positive,2,2,C:\Users\user\OneDrive\Desktop\KUHNE LOGISTIC UNIVERSITY\SEMESTER 2\Machine Learning\Sentiment-Analysis_ML\data\raw\MVSA_Single\data\1842.jpg
MVSA_Single/data/3243.jpg,positive,2,2,C:\Users\user\OneDrive\Desktop\KUHNE LOGISTIC UNIVERSITY\SEMESTER 2\Machine Learning\Sentiment-Analysis_ML\data\raw\MVSA_Single\data\3243.jpg
MVSA_Single/data/1714.jpg,neutral,1,1,C:\Users\user\OneDrive\Desktop\KUHNE LOGISTIC UNIVERSITY\SEMESTER 2\Machine Learning\Sentiment-Analysis_ML\data\raw\MVSA_Single\data\1714.jpg
MVSA_Single/data/2311.jpg,neutral,1,1,C:\Users\user\OneDrive\Desktop\KUHNE LOGISTIC UNIVERSITY\SEMESTER 2\Machine Learning\Sentiment-Analysis_ML\data\raw\MVSA_Single\data\2311.jpg
MVSA_Single/data/4065.jpg,positive,2,2,C:\Users\user\OneDrive\Desktop\KUHNE LOGISTIC UNIVERSITY\SEMESTER 2\Machine Learning\Sentiment-Analysis_ML\data\raw\MVSA_Single\data\4065.jpg
MVSA_Single/data/4667.jpg,positive,2,2,C:\Users\user\OneDrive\Desktop\KUHNE LOGISTIC UNIVERSITY\SEMESTER 2\Machine Learning\Sentiment-Analysis_ML\data\raw\MVSA_Single\data\4667.jpg
MVSA_Single/data/923.jpg,negative,0,0,C:\Users\user\OneDrive\Desktop\KUHNE LOGISTIC UNIVERSITY\SEMESTER 2\Machine Learning\Sentiment-Analysis_ML\data\raw\MVSA_Single\data\923.jpg
MVSA_Single/data/4212.jpg,positive,2,2,C:\Users\user\OneDrive\Desktop\KUHNE LOGISTIC UNIVERSITY\SEMESTER 2\Machine Learning\Sentiment-Analysis_ML\data\raw\MVSA_Single\data\4212.jpg
MVSA_Single/data/4878.jpg,negative,0,0,C:\Users\user\OneDrive\Desktop\KUHNE LOGISTIC UNIVERSITY\SEMESTER 2\Machine Learning\Sentiment-Analysis_ML\data\raw\MVSA_Single\data\4878.jpg
MVSA_Single/data/4424.jpg,positive,2,2,C:\Users\user\OneDrive\Desktop\KUHNE LOGISTIC UNIVERSITY\SEMESTER 2\Machine Learning\Sentiment-Analysis_ML\data\raw\MVSA_Single\data\4424.jpg
MVSA_Single/data/1041.jpg,positive,2,2,C:\Users\user\OneDrive\Desktop\KUHNE LOGISTIC UNIVERSITY\SEMESTER 2\Machine Learning\Sentiment-Analysis_ML\data\raw\MVSA_Single\data\1041.jpg
MVSA_Single/data/4273.jpg,positive,2,2,C:\Users\user\OneDrive\Desktop\KUHNE LOGISTIC UNIVERSITY\SEMESTER 2\Machine Learning\Sentiment-Analysis_ML\data\raw\MVSA_Single\data\4273.jpg
MVSA_Single/data/2103.jpg,positive,2,2,C:\Users\user\OneDrive\Desktop\KUHNE LOGISTIC UNIVERSITY\SEMESTER 2\Machine Learning\Sentiment-Analysis_ML\data\raw\MVSA_Single\data\2103.jpg
MVSA_Single/data/2050.jpg,positive,2,2,C:\Users\user\OneDrive\Desktop\KUHNE LOGISTIC UNIVERSITY\SEMESTER 2\Machine Learning\Sentiment-Analysis_ML\data\raw\MVSA_Single\data\2050.jpg
MVSA_Single/data/2713.jpg,neutral,1,1,C:\Users\user\OneDrive\Desktop\KUHNE LOGISTIC UNIVERSITY\SEMESTER 2\Machine Learning\Sentiment-Analysis_ML\data\raw\MVSA_Single\data\2713.jpg
MVSA_Single/data/3777.jpg,positive,2,2,C:\Users\user\OneDrive\Desktop\KUHNE LOGISTIC UNIVERSITY\SEMESTER 2\Machine Learning\Sentiment-Analysis_ML\data\raw\MVSA_Single\data\3777.jpg
MVSA_Single/data/2882.jpg,positive,2,2,C:\Users\user\OneDrive\Desktop\KUHNE LOGISTIC UNIVERSITY\SEMESTER 2\Machine Learning\Sentiment-Analysis_ML\data\raw\MVSA_Single\data\2882.jpg
MVSA_Single/data/4029.jpg,positive,2,2,C:\Users\user\OneDrive\Desktop\KUHNE LOGISTIC UNIVERSITY\SEMESTER 2\Machine Learning\Sentiment-Analysis_ML\data\raw\MVSA_Single\data\4029.jpg
MVSA_Single/data/1196.jpg,neutral,1,1,C:\Users\user\OneDrive\Desktop\KUHNE LOGISTIC UNIVERSITY\SEMESTER 2\Machine Learning\Sentiment-Analysis_ML\data\raw\MVSA_Single\data\1196.jpg
MVSA_Single/data/3157.jpg,positive,2,2,C:\Users\user\OneDrive\Desktop\KUHNE LOGISTIC UNIVERSITY\SEMESTER 2\Machine Learning\Sentiment-Analysis_ML\data\raw\MVSA_Single\data\3157.jpg
MVSA_Single/data/1927.jpg,negative,0,0,C:\Users\user\OneDrive\Desktop\KUHNE LOGISTIC UNIVERSITY\SEMESTER 2\Machine Learning\Sentiment-Analysis_ML\data\raw\MVSA_Single\data\1927.jpg
MVSA_Single/data/4391.jpg,positive,2,2,C:\Users\user\OneDrive\Desktop\KUHNE LOGISTIC UNIVERSITY\SEMESTER 2\Machine Learning\Sentiment-Analysis_ML\data\raw\MVSA_Single\data\4391.jpg
MVSA_Single/data/1895.jpg,negative,0,0,C:\Users\user\OneDrive\Desktop\KUHNE LOGISTIC UNIVERSITY\SEMESTER 2\Machine Learning\Sentiment-Analysis_ML\data\raw\MVSA_Single\data\1895.jpg
MVSA_Single/data/3743.jpg,positive,2,2,C:\Users\user\OneDrive\Desktop\KUHNE LOGISTIC UNIVERSITY\SEMESTER 2\Machine Learning\Sentiment-Analysis_ML\data\raw\MVSA_Single\data\3743.jpg
MVSA_Single/data/1923.jpg,positive,2,2,C:\Users\user\OneDrive\Desktop\KUHNE LOGISTIC UNIVERSITY\SEMESTER 2\Machine Learning\Sentiment-Analysis_ML\data\raw\MVSA_Single\data\1923.jpg
MVSA_Single/data/3415.jpg,positive,2,2,C:\Users\user\OneDrive\Desktop\KUHNE LOGISTIC UNIVERSITY\SEMESTER 2\Machine Learning\Sentiment-Analysis_ML\data\raw\MVSA_Single\data\3415.jpg
MVSA_Single/data/2955.jpg,positive,2,2,C:\Users\user\OneDrive\Desktop\KUHNE LOGISTIC UNIVERSITY\SEMESTER 2\Machine Learning\Sentiment-Analysis_ML\data\raw\MVSA_Single\data\2955.jpg
MVSA_Single/data/3886.jpg,positive,2,2,C:\Users\user\OneDrive\Desktop\KUHNE LOGISTIC UNIVERSITY\SEMESTER 2\Machine Learning\Sentiment-Analysis_ML\data\raw\MVSA_Single\data\3886.jpg
MVSA_Single/data/3589.jpg,positive,2,2,C:\Users\user\OneDrive\Desktop\KUHNE LOGISTIC UNIVERSITY\SEMESTER 2\Machine Learning\Sentiment-Analysis_ML\data\raw\MVSA_Single\data\3589.jpg
MVSA_Single/data/89.jpg,positive,2,2,C:\Users\user\OneDrive\Desktop\KUHNE LOGISTIC UNIVERSITY\SEMESTER 2\Machine Learning\Sentiment-Analysis_ML\data\raw\MVSA_Single\data\89.jpg
MVSA_Single/data/3917.jpg,positive,2,2,C:\Users\user\OneDrive\Desktop\KUHNE LOGISTIC UNIVERSITY\SEMESTER 2\Machine Learning\Sentiment-Analysis_ML\data\raw\MVSA_Single\data\3917.jpg
MVSA_Single/data/3735.jpg,neutral,1,1,C:\Users\user\OneDrive\Desktop\KUHNE LOGISTIC UNIVERSITY\SEMESTER 2\Machine Learning\Sentiment-Analysis_ML\data\raw\MVSA_Single\data\3735.jpg
MVSA_Single/data/3187.jpg,negative,0,0,C:\Users\user\OneDrive\Desktop\KUHNE LOGISTIC UNIVERSITY\SEMESTER 2\Machine Learning\Sentiment-Analysis_ML\data\raw\MVSA_Single\data\3187.jpg
MVSA_Single/data/247.jpg,positive,2,2,C:\Users\user\OneDrive\Desktop\KUHNE LOGISTIC UNIVERSITY\SEMESTER 2\Machine Learning\Sentiment-Analysis_ML\data\raw\MVSA_Single\data\247.jpg
MVSA_Single/data/743.jpg,positive,2,2,C:\Users\user\OneDrive\Desktop\KUHNE LOGISTIC UNIVERSITY\SEMESTER 2\Machine Learning\Sentiment-Analysis_ML\data\raw\MVSA_Single\data\743.jpg
MVSA_Single/data/918.jpg,positive,2,2,C:\Users\user\OneDrive\Desktop\KUHNE LOGISTIC UNIVERSITY\SEMESTER 2\Machine Learning\Sentiment-Analysis_ML\data\raw\MVSA_Single\data\918.jpg
MVSA_Single/data/4802.jpg,negative,0,0,C:\Users\user\OneDrive\Desktop\KUHNE LOGISTIC UNIVERSITY\SEMESTER 2\Machine Learning\Sentiment-Analysis_ML\data\raw\MVSA_Single\data\4802.jpg
MVSA_Single/data/619.jpg,positive,2,2,C:\Users\user\OneDrive\Desktop\KUHNE LOGISTIC UNIVERSITY\SEMESTER 2\Machine Learning\Sentiment-Analysis_ML\data\raw\MVSA_Single\data\619.jpg
MVSA_Single/data/365.jpg,positive,2,2,C:\Users\user\OneDrive\Desktop\KUHNE LOGISTIC UNIVERSITY\SEMESTER 2\Machine Learning\Sentiment-Analysis_ML\data\raw\MVSA_Single\data\365.jpg
MVSA_Single/data/4156.jpg,negative,0,0,C:\Users\user\OneDrive\Desktop\KUHNE LOGISTIC UNIVERSITY\SEMESTER 2\Machine Learning\Sentiment-Analysis_ML\data\raw\MVSA_Single\data\4156.jpg
MVSA_Single/data/1857.jpg,negative,0,0,C:\Users\user\OneDrive\Desktop\KUHNE LOGISTIC UNIVERSITY\SEMESTER 2\Machine Learning\Sentiment-Analysis_ML\data\raw\MVSA_Single\data\1857.jpg
MVSA_Single/data/2943.jpg,positive,2,2,C:\Users\user\OneDrive\Desktop\KUHNE LOGISTIC UNIVERSITY\SEMESTER 2\Machine Learning\Sentiment-Analysis_ML\data\raw\MVSA_Single\data\2943.jpg
MVSA_Single/data/1011.jpg,positive,2,2,C:\Users\user\OneDrive\Desktop\KUHNE LOGISTIC UNIVERSITY\SEMESTER 2\Machine Learning\Sentiment-Analysis_ML\data\raw\MVSA_Single\data\1011.jpg
MVSA_Single/data/1350.jpg,positive,2,2,C:\Users\user\OneDrive\Desktop\KUHNE LOGISTIC UNIVERSITY\SEMESTER 2\Machine Learning\Sentiment-Analysis_ML\data\raw\MVSA_Single\data\1350.jpg
MVSA_Single/data/3462.jpg,negative,0,0,C:\Users\user\OneDrive\Desktop\KUHNE LOGISTIC UNIVERSITY\SEMESTER 2\Machine Learning\Sentiment-Analysis_ML\data\raw\MVSA_Single\data\3462.jpg
MVSA_Single/data/3836.jpg,positive,2,2,C:\Users\user\OneDrive\Desktop\KUHNE LOGISTIC UNIVERSITY\SEMESTER 2\Machine Learning\Sentiment-Analysis_ML\data\raw\MVSA_Single\data\3836.jpg
MVSA_Single/data/1786.jpg,positive,2,2,C:\Users\user\OneDrive\Desktop\KUHNE LOGISTIC UNIVERSITY\SEMESTER 2\Machine Learning\Sentiment-Analysis_ML\data\raw\MVSA_Single\data\1786.jpg
MVSA_Single/data/1181.jpg,positive,2,2,C:\Users\user\OneDrive\Desktop\KUHNE LOGISTIC UNIVERSITY\SEMESTER 2\Machine Learning\Sentiment-Analysis_ML\data\raw\MVSA_Single\data\1181.jpg
MVSA_Single/data/2336.jpg,positive,2,2,C:\Users\user\OneDrive\Desktop\KUHNE LOGISTIC UNIVERSITY\SEMESTER 2\Machine Learning\Sentiment-Analysis_ML\data\raw\MVSA_Single\data\2336.jpg
MVSA_Single/data/2813.jpg,positive,2,2,C:\Users\user\OneDrive\Desktop\KUHNE LOGISTIC UNIVERSITY\SEMESTER 2\Machine Learning\Sentiment-Analysis_ML\data\raw\MVSA_Single\data\2813.jpg
MVSA_Single/data/4103.jpg,positive,2,2,C:\Users\user\OneDrive\Desktop\KUHNE LOGISTIC UNIVERSITY\SEMESTER 2\Machine Learning\Sentiment-Analysis_ML\data\raw\MVSA_Single\data\4103.jpg
MVSA_Single/data/3967.jpg,neutral,1,1,C:\Users\user\OneDrive\Desktop\KUHNE LOGISTIC UNIVERSITY\SEMESTER 2\Machine Learning\Sentiment-Analysis_ML\data\raw\MVSA_Single\data\3967.jpg
MVSA_Single/data/4416.jpg,negative,0,0,C:\Users\user\OneDrive\Desktop\KUHNE LOGISTIC UNIVERSITY\SEMESTER 2\Machine Learning\Sentiment-Analysis_ML\data\raw\MVSA_Single\data\4416.jpg
MVSA_Single/data/4203.jpg,negative,0,0,C:\Users\user\OneDrive\Desktop\KUHNE LOGISTIC UNIVERSITY\SEMESTER 2\Machine Learning\Sentiment-Analysis_ML\data\raw\MVSA_Single\data\4203.jpg
MVSA_Single/data/671.jpg,negative,0,0,C:\Users\user\OneDrive\Desktop\KUHNE LOGISTIC UNIVERSITY\SEMESTER 2\Machine Learning\Sentiment-Analysis_ML\data\raw\MVSA_Single\data\671.jpg
MVSA_Single/data/1430.jpg,positive,2,2,C:\Users\user\OneDrive\Desktop\KUHNE LOGISTIC UNIVERSITY\SEMESTER 2\Machine Learning\Sentiment-Analysis_ML\data\raw\MVSA_Single\data\1430.jpg
MVSA_Single/data/2117.jpg,positive,2,2,C:\Users\user\OneDrive\Desktop\KUHNE LOGISTIC UNIVERSITY\SEMESTER 2\Machine Learning\Sentiment-Analysis_ML\data\raw\MVSA_Single\data\2117.jpg
MVSA_Single/data/1964.jpg,neutral,1,1,C:\Users\user\OneDrive\Desktop\KUHNE LOGISTIC UNIVERSITY\SEMESTER 2\Machine Learning\Sentiment-Analysis_ML\data\raw\MVSA_Single\data\1964.jpg
MVSA_Single/data/4924.jpg,negative,0,0,C:\Users\user\OneDrive\Desktop\KUHNE LOGISTIC UNIVERSITY\SEMESTER 2\Machine Learning\Sentiment-Analysis_ML\data\raw\MVSA_Single\data\4924.jpg
MVSA_Single/data/661.jpg,negative,0,0,C:\Users\user\OneDrive\Desktop\KUHNE LOGISTIC UNIVERSITY\SEMESTER 2\Machine Learning\Sentiment-Analysis_ML\data\raw\MVSA_Single\data\661.jpg
MVSA_Single/data/4675.jpg,positive,2,2,C:\Users\user\OneDrive\Desktop\KUHNE LOGISTIC UNIVERSITY\SEMESTER 2\Machine Learning\Sentiment-Analysis_ML\data\raw\MVSA_Single\data\4675.jpg
MVSA_Single/data/2130.jpg,positive,2,2,C:\Users\user\OneDrive\Desktop\KUHNE LOGISTIC UNIVERSITY\SEMESTER 2\Machine Learning\Sentiment-Analysis_ML\data\raw\MVSA_Single\data\2130.jpg
MVSA_Single/data/2968.jpg,negative,0,0,C:\Users\user\OneDrive\Desktop\KUHNE LOGISTIC UNIVERSITY\SEMESTER 2\Machine Learning\Sentiment-Analysis_ML\data\raw\MVSA_Single\data\2968.jpg
MVSA_Single/data/3524.jpg,negative,0,0,C:\Users\user\OneDrive\Desktop\KUHNE LOGISTIC UNIVERSITY\SEMESTER 2\Machine Learning\Sentiment-Analysis_ML\data\raw\MVSA_Single\data\3524.jpg
MVSA_Single/data/4436.jpg,positive,2,2,C:\Users\user\OneDrive\Desktop\KUHNE LOGISTIC UNIVERSITY\SEMESTER 2\Machine Learning\Sentiment-Analysis_ML\data\raw\MVSA_Single\data\4436.jpg
MVSA_Single/data/1947.jpg,negative,0,0,C:\Users\user\OneDrive\Desktop\KUHNE LOGISTIC UNIVERSITY\SEMESTER 2\Machine Learning\Sentiment-Analysis_ML\data\raw\MVSA_Single\data\1947.jpg
MVSA_Single/data/1629.jpg,positive,2,2,C:\Users\user\OneDrive\Desktop\KUHNE LOGISTIC UNIVERSITY\SEMESTER 2\Machine Learning\Sentiment-Analysis_ML\data\raw\MVSA_Single\data\1629.jpg
MVSA_Single/data/4150.jpg,neutral,1,1,C:\Users\user\OneDrive\Desktop\KUHNE LOGISTIC UNIVERSITY\SEMESTER 2\Machine Learning\Sentiment-Analysis_ML\data\raw\MVSA_Single\data\4150.jpg
MVSA_Single/data/4756.jpg,negative,0,0,C:\Users\user\OneDrive\Desktop\KUHNE LOGISTIC UNIVERSITY\SEMESTER 2\Machine Learning\Sentiment-Analysis_ML\data\raw\MVSA_Single\data\4756.jpg
MVSA_Single/data/3846.jpg,positive,2,2,C:\Users\user\OneDrive\Desktop\KUHNE LOGISTIC UNIVERSITY\SEMESTER 2\Machine Learning\Sentiment-Analysis_ML\data\raw\MVSA_Single\data\3846.jpg
MVSA_Single/data/1184.jpg,positive,2,2,C:\Users\user\OneDrive\Desktop\KUHNE LOGISTIC UNIVERSITY\SEMESTER 2\Machine Learning\Sentiment-Analysis_ML\data\raw\MVSA_Single\data\1184.jpg
MVSA_Single/data/3294.jpg,positive,2,2,C:\Users\user\OneDrive\Desktop\KUHNE LOGISTIC UNIVERSITY\SEMESTER 2\Machine Learning\Sentiment-Analysis_ML\data\raw\MVSA_Single\data\3294.jpg
MVSA_Single/data/2022.jpg,positive,2,2,C:\Users\user\OneDrive\Desktop\KUHNE LOGISTIC UNIVERSITY\SEMESTER 2\Machine Learning\Sentiment-Analysis_ML\data\raw\MVSA_Single\data\2022.jpg
MVSA_Single/data/3195.jpg,neutral,1,1,C:\Users\user\OneDrive\Desktop\KUHNE LOGISTIC UNIVERSITY\SEMESTER 2\Machine Learning\Sentiment-Analysis_ML\data\raw\MVSA_Single\data\3195.jpg
MVSA_Single/data/361.jpg,neutral,1,1,C:\Users\user\OneDrive\Desktop\KUHNE LOGISTIC UNIVERSITY\SEMESTER 2\Machine Learning\Sentiment-Analysis_ML\data\raw\MVSA_Single\data\361.jpg
MVSA_Single/data/4018.jpg,positive,2,2,C:\Users\user\OneDrive\Desktop\KUHNE LOGISTIC UNIVERSITY\SEMESTER 2\Machine Learning\Sentiment-Analysis_ML\data\raw\MVSA_Single\data\4018.jpg
MVSA_Single/data/2377.jpg,positive,2,2,C:\Users\user\OneDrive\Desktop\KUHNE LOGISTIC UNIVERSITY\SEMESTER 2\Machine Learning\Sentiment-Analysis_ML\data\raw\MVSA_Single\data\2377.jpg
MVSA_Single/data/4177.jpg,positive,2,2,C:\Users\user\OneDrive\Desktop\KUHNE LOGISTIC UNIVERSITY\SEMESTER 2\Machine Learning\Sentiment-Analysis_ML\data\raw\MVSA_Single\data\4177.jpg
MVSA_Single/data/4287.jpg,positive,2,2,C:\Users\user\OneDrive\Desktop\KUHNE LOGISTIC UNIVERSITY\SEMESTER 2\Machine Learning\Sentiment-Analysis_ML\data\raw\MVSA_Single\data\4287.jpg
MVSA_Single/data/1880.jpg,positive,2,2,C:\Users\user\OneDrive\Desktop\KUHNE LOGISTIC UNIVERSITY\SEMESTER 2\Machine Learning\Sentiment-Analysis_ML\data\raw\MVSA_Single\data\1880.jpg
MVSA_Single/data/1858.jpg,neutral,1,1,C:\Users\user\OneDrive\Desktop\KUHNE LOGISTIC UNIVERSITY\SEMESTER 2\Machine Learning\Sentiment-Analysis_ML\data\raw\MVSA_Single\data\1858.jpg
MVSA_Single/data/3909.jpg,neutral,1,1,C:\Users\user\OneDrive\Desktop\KUHNE LOGISTIC UNIVERSITY\SEMESTER 2\Machine Learning\Sentiment-Analysis_ML\data\raw\MVSA_Single\data\3909.jpg
MVSA_Single/data/2918.jpg,negative,0,0,C:\Users\user\OneDrive\Desktop\KUHNE LOGISTIC UNIVERSITY\SEMESTER 2\Machine Learning\Sentiment-Analysis_ML\data\raw\MVSA_Single\data\2918.jpg
MVSA_Single/data/3135.jpg,negative,0,0,C:\Users\user\OneDrive\Desktop\KUHNE LOGISTIC UNIVERSITY\SEMESTER 2\Machine Learning\Sentiment-Analysis_ML\data\raw\MVSA_Single\data\3135.jpg
MVSA_Single/data/2550.jpg,negative,0,0,C:\Users\user\OneDrive\Desktop\KUHNE LOGISTIC UNIVERSITY\SEMESTER 2\Machine Learning\Sentiment-Analysis_ML\data\raw\MVSA_Single\data\2550.jpg
MVSA_Single/data/4677.jpg,positive,2,2,C:\Users\user\OneDrive\Desktop\KUHNE LOGISTIC UNIVERSITY\SEMESTER 2\Machine Learning\Sentiment-Analysis_ML\data\raw\MVSA_Single\data\4677.jpg
MVSA_Single/data/1427.jpg,positive,2,2,C:\Users\user\OneDrive\Desktop\KUHNE LOGISTIC UNIVERSITY\SEMESTER 2\Machine Learning\Sentiment-Analysis_ML\data\raw\MVSA_Single\data\1427.jpg
MVSA_Single/data/2556.jpg,positive,2,2,C:\Users\user\OneDrive\Desktop\KUHNE LOGISTIC UNIVERSITY\SEMESTER 2\Machine Learning\Sentiment-Analysis_ML\data\raw\MVSA_Single\data\2556.jpg
MVSA_Single/data/4658.jpg,negative,0,0,C:\Users\user\OneDrive\Desktop\KUHNE LOGISTIC UNIVERSITY\SEMESTER 2\Machine Learning\Sentiment-Analysis_ML\data\raw\MVSA_Single\data\4658.jpg
MVSA_Single/data/5084.jpg,positive,2,2,C:\Users\user\OneDrive\Desktop\KUHNE LOGISTIC UNIVERSITY\SEMESTER 2\Machine Learning\Sentiment-Analysis_ML\data\raw\MVSA_Single\data\5084.jpg
MVSA_Single/data/461.jpg,negative,0,0,C:\Users\user\OneDrive\Desktop\KUHNE LOGISTIC UNIVERSITY\SEMESTER 2\Machine Learning\Sentiment-Analysis_ML\data\raw\MVSA_Single\data\461.jpg
MVSA_Single/data/3842.jpg,neutral,1,1,C:\Users\user\OneDrive\Desktop\KUHNE LOGISTIC UNIVERSITY\SEMESTER 2\Machine Learning\Sentiment-Analysis_ML\data\raw\MVSA_Single\data\3842.jpg
MVSA_Single/data/979.jpg,positive,2,2,C:\Users\user\OneDrive\Desktop\KUHNE LOGISTIC UNIVERSITY\SEMESTER 2\Machine Learning\Sentiment-Analysis_ML\data\raw\MVSA_Single\data\979.jpg
MVSA_Single/data/3577.jpg,neutral,1,1,C:\Users\user\OneDrive\Desktop\KUHNE LOGISTIC UNIVERSITY\SEMESTER 2\Machine Learning\Sentiment-Analysis_ML\data\raw\MVSA_Single\data\3577.jpg
MVSA_Single/data/2897.jpg,positive,2,2,C:\Users\user\OneDrive\Desktop\KUHNE LOGISTIC UNIVERSITY\SEMESTER 2\Machine Learning\Sentiment-Analysis_ML\data\raw\MVSA_Single\data\2897.jpg
MVSA_Single/data/370.jpg,negative,0,0,C:\Users\user\OneDrive\Desktop\KUHNE LOGISTIC UNIVERSITY\SEMESTER 2\Machine Learning\Sentiment-Analysis_ML\data\raw\MVSA_Single\data\370.jpg
MVSA_Single/data/1333.jpg,neutral,1,1,C:\Users\user\OneDrive\Desktop\KUHNE LOGISTIC UNIVERSITY\SEMESTER 2\Machine Learning\Sentiment-Analysis_ML\data\raw\MVSA_Single\data\1333.jpg
MVSA_Single/data/5036.jpg,positive,2,2,C:\Users\user\OneDrive\Desktop\KUHNE LOGISTIC UNIVERSITY\SEMESTER 2\Machine Learning\Sentiment-Analysis_ML\data\raw\MVSA_Single\data\5036.jpg
MVSA_Single/data/3844.jpg,neutral,1,1,C:\Users\user\OneDrive\Desktop\KUHNE LOGISTIC UNIVERSITY\SEMESTER 2\Machine Learning\Sentiment-Analysis_ML\data\raw\MVSA_Single\data\3844.jpg
MVSA_Single/data/959.jpg,negative,0,0,C:\Users\user\OneDrive\Desktop\KUHNE LOGISTIC UNIVERSITY\SEMESTER 2\Machine Learning\Sentiment-Analysis_ML\data\raw\MVSA_Single\data\959.jpg
MVSA_Single/data/162.jpg,positive,2,2,C:\Users\user\OneDrive\Desktop\KUHNE LOGISTIC UNIVERSITY\SEMESTER 2\Machine Learning\Sentiment-Analysis_ML\data\raw\MVSA_Single\data\162.jpg
MVSA_Single/data/1803.jpg,positive,2,2,C:\Users\user\OneDrive\Desktop\KUHNE LOGISTIC UNIVERSITY\SEMESTER 2\Machine Learning\Sentiment-Analysis_ML\data\raw\MVSA_Single\data\1803.jpg
MVSA_Single/data/3624.jpg,positive,2,2,C:\Users\user\OneDrive\Desktop\KUHNE LOGISTIC UNIVERSITY\SEMESTER 2\Machine Learning\Sentiment-Analysis_ML\data\raw\MVSA_Single\data\3624.jpg
MVSA_Single/data/977.jpg,positive,2,2,C:\Users\user\OneDrive\Desktop\KUHNE LOGISTIC UNIVERSITY\SEMESTER 2\Machine Learning\Sentiment-Analysis_ML\data\raw\MVSA_Single\data\977.jpg
MVSA_Single/data/4920.jpg,positive,2,2,C:\Users\user\OneDrive\Desktop\KUHNE LOGISTIC UNIVERSITY\SEMESTER 2\Machine Learning\Sentiment-Analysis_ML\data\raw\MVSA_Single\data\4920.jpg
MVSA_Single/data/625.jpg,negative,0,0,C:\Users\user\OneDrive\Desktop\KUHNE LOGISTIC UNIVERSITY\SEMESTER 2\Machine Learning\Sentiment-Analysis_ML\data\raw\MVSA_Single\data\625.jpg
MVSA_Single/data/1009.jpg,positive,2,2,C:\Users\user\OneDrive\Desktop\KUHNE LOGISTIC UNIVERSITY\SEMESTER 2\Machine Learning\Sentiment-Analysis_ML\data\raw\MVSA_Single\data\1009.jpg
MVSA_Single/data/4889.jpg,positive,2,2,C:\Users\user\OneDrive\Desktop\KUHNE LOGISTIC UNIVERSITY\SEMESTER 2\Machine Learning\Sentiment-Analysis_ML\data\raw\MVSA_Single\data\4889.jpg
MVSA_Single/data/3879.jpg,positive,2,2,C:\Users\user\OneDrive\Desktop\KUHNE LOGISTIC UNIVERSITY\SEMESTER 2\Machine Learning\Sentiment-Analysis_ML\data\raw\MVSA_Single\data\3879.jpg
MVSA_Single/data/1896.jpg,negative,0,0,C:\Users\user\OneDrive\Desktop\KUHNE LOGISTIC UNIVERSITY\SEMESTER 2\Machine Learning\Sentiment-Analysis_ML\data\raw\MVSA_Single\data\1896.jpg
MVSA_Single/data/4310.jpg,neutral,1,1,C:\Users\user\OneDrive\Desktop\KUHNE LOGISTIC UNIVERSITY\SEMESTER 2\Machine Learning\Sentiment-Analysis_ML\data\raw\MVSA_Single\data\4310.jpg
MVSA_Single/data/3268.jpg,negative,0,0,C:\Users\user\OneDrive\Desktop\KUHNE LOGISTIC UNIVERSITY\SEMESTER 2\Machine Learning\Sentiment-Analysis_ML\data\raw\MVSA_Single\data\3268.jpg
MVSA_Single/data/2323.jpg,positive,2,2,C:\Users\user\OneDrive\Desktop\KUHNE LOGISTIC UNIVERSITY\SEMESTER 2\Machine Learning\Sentiment-Analysis_ML\data\raw\MVSA_Single\data\2323.jpg
MVSA_Single/data/734.jpg,positive,2,2,C:\Users\user\OneDrive\Desktop\KUHNE LOGISTIC UNIVERSITY\SEMESTER 2\Machine Learning\Sentiment-Analysis_ML\data\raw\MVSA_Single\data\734.jpg
MVSA_Single/data/4621.jpg,positive,2,2,C:\Users\user\OneDrive\Desktop\KUHNE LOGISTIC UNIVERSITY\SEMESTER 2\Machine Learning\Sentiment-Analysis_ML\data\raw\MVSA_Single\data\4621.jpg
MVSA_Single/data/1696.jpg,positive,2,2,C:\Users\user\OneDrive\Desktop\KUHNE LOGISTIC UNIVERSITY\SEMESTER 2\Machine Learning\Sentiment-Analysis_ML\data\raw\MVSA_Single\data\1696.jpg
MVSA_Single/data/825.jpg,neutral,1,1,C:\Users\user\OneDrive\Desktop\KUHNE LOGISTIC UNIVERSITY\SEMESTER 2\Machine Learning\Sentiment-Analysis_ML\data\raw\MVSA_Single\data\825.jpg
MVSA_Single/data/5045.jpg,positive,2,2,C:\Users\user\OneDrive\Desktop\KUHNE LOGISTIC UNIVERSITY\SEMESTER 2\Machine Learning\Sentiment-Analysis_ML\data\raw\MVSA_Single\data\5045.jpg
MVSA_Single/data/4222.jpg,negative,0,0,C:\Users\user\OneDrive\Desktop\KUHNE LOGISTIC UNIVERSITY\SEMESTER 2\Machine Learning\Sentiment-Analysis_ML\data\raw\MVSA_Single\data\4222.jpg
MVSA_Single/data/375.jpg,negative,0,0,C:\Users\user\OneDrive\Desktop\KUHNE LOGISTIC UNIVERSITY\SEMESTER 2\Machine Learning\Sentiment-Analysis_ML\data\raw\MVSA_Single\data\375.jpg
MVSA_Single/data/2616.jpg,negative,0,0,C:\Users\user\OneDrive\Desktop\KUHNE LOGISTIC UNIVERSITY\SEMESTER 2\Machine Learning\Sentiment-Analysis_ML\data\raw\MVSA_Single\data\2616.jpg
MVSA_Single/data/231.jpg,positive,2,2,C:\Users\user\OneDrive\Desktop\KUHNE LOGISTIC UNIVERSITY\SEMESTER 2\Machine Learning\Sentiment-Analysis_ML\data\raw\MVSA_Single\data\231.jpg
MVSA_Single/data/2739.jpg,positive,2,2,C:\Users\user\OneDrive\Desktop\KUHNE LOGISTIC UNIVERSITY\SEMESTER 2\Machine Learning\Sentiment-Analysis_ML\data\raw\MVSA_Single\data\2739.jpg
MVSA_Single/data/1225.jpg,positive,2,2,C:\Users\user\OneDrive\Desktop\KUHNE LOGISTIC UNIVERSITY\SEMESTER 2\Machine Learning\Sentiment-Analysis_ML\data\raw\MVSA_Single\data\1225.jpg
MVSA_Single/data/4267.jpg,negative,0,0,C:\Users\user\OneDrive\Desktop\KUHNE LOGISTIC UNIVERSITY\SEMESTER 2\Machine Learning\Sentiment-Analysis_ML\data\raw\MVSA_Single\data\4267.jpg
MVSA_Single/data/2929.jpg,negative,0,0,C:\Users\user\OneDrive\Desktop\KUHNE LOGISTIC UNIVERSITY\SEMESTER 2\Machine Learning\Sentiment-Analysis_ML\data\raw\MVSA_Single\data\2929.jpg
MVSA_Single/data/1494.jpg,positive,2,2,C:\Users\user\OneDrive\Desktop\KUHNE LOGISTIC UNIVERSITY\SEMESTER 2\Machine Learning\Sentiment-Analysis_ML\data\raw\MVSA_Single\data\1494.jpg
MVSA_Single/data/4903.jpg,negative,0,0,C:\Users\user\OneDrive\Desktop\KUHNE LOGISTIC UNIVERSITY\SEMESTER 2\Machine Learning\Sentiment-Analysis_ML\data\raw\MVSA_Single\data\4903.jpg
MVSA_Single/data/4138.jpg,positive,2,2,C:\Users\user\OneDrive\Desktop\KUHNE LOGISTIC UNIVERSITY\SEMESTER 2\Machine Learning\Sentiment-Analysis_ML\data\raw\MVSA_Single\data\4138.jpg
MVSA_Single/data/3393.jpg,positive,2,2,C:\Users\user\OneDrive\Desktop\KUHNE LOGISTIC UNIVERSITY\SEMESTER 2\Machine Learning\Sentiment-Analysis_ML\data\raw\MVSA_Single\data\3393.jpg
MVSA_Single/data/3440.jpg,neutral,1,1,C:\Users\user\OneDrive\Desktop\KUHNE LOGISTIC UNIVERSITY\SEMESTER 2\Machine Learning\Sentiment-Analysis_ML\data\raw\MVSA_Single\data\3440.jpg
MVSA_Single/data/5114.jpg,positive,2,2,C:\Users\user\OneDrive\Desktop\KUHNE LOGISTIC UNIVERSITY\SEMESTER 2\Machine Learning\Sentiment-Analysis_ML\data\raw\MVSA_Single\data\5114.jpg
MVSA_Single/data/1741.jpg,negative,0,0,C:\Users\user\OneDrive\Desktop\KUHNE LOGISTIC UNIVERSITY\SEMESTER 2\Machine Learning\Sentiment-Analysis_ML\data\raw\MVSA_Single\data\1741.jpg
MVSA_Single/data/3697.jpg,positive,2,2,C:\Users\user\OneDrive\Desktop\KUHNE LOGISTIC UNIVERSITY\SEMESTER 2\Machine Learning\Sentiment-Analysis_ML\data\raw\MVSA_Single\data\3697.jpg
MVSA_Single/data/2439.jpg,neutral,1,1,C:\Users\user\OneDrive\Desktop\KUHNE LOGISTIC UNIVERSITY\SEMESTER 2\Machine Learning\Sentiment-Analysis_ML\data\raw\MVSA_Single\data\2439.jpg
MVSA_Single/data/129.jpg,positive,2,2,C:\Users\user\OneDrive\Desktop\KUHNE LOGISTIC UNIVERSITY\SEMESTER 2\Machine Learning\Sentiment-Analysis_ML\data\raw\MVSA_Single\data\129.jpg
MVSA_Single/data/1386.jpg,negative,0,0,C:\Users\user\OneDrive\Desktop\KUHNE LOGISTIC UNIVERSITY\SEMESTER 2\Machine Learning\Sentiment-Analysis_ML\data\raw\MVSA_Single\data\1386.jpg
MVSA_Single/data/3538.jpg,negative,0,0,C:\Users\user\OneDrive\Desktop\KUHNE LOGISTIC UNIVERSITY\SEMESTER 2\Machine Learning\Sentiment-Analysis_ML\data\raw\MVSA_Single\data\3538.jpg
MVSA_Single/data/2946.jpg,positive,2,2,C:\Users\user\OneDrive\Desktop\KUHNE LOGISTIC UNIVERSITY\SEMESTER 2\Machine Learning\Sentiment-Analysis_ML\data\raw\MVSA_Single\data\2946.jpg
MVSA_Single/data/3835.jpg,positive,2,2,C:\Users\user\OneDrive\Desktop\KUHNE LOGISTIC UNIVERSITY\SEMESTER 2\Machine Learning\Sentiment-Analysis_ML\data\raw\MVSA_Single\data\3835.jpg
MVSA_Single/data/3306.jpg,negative,0,0,C:\Users\user\OneDrive\Desktop\KUHNE LOGISTIC UNIVERSITY\SEMESTER 2\Machine Learning\Sentiment-Analysis_ML\data\raw\MVSA_Single\data\3306.jpg
MVSA_Single/data/2000.jpg,positive,2,2,C:\Users\user\OneDrive\Desktop\KUHNE LOGISTIC UNIVERSITY\SEMESTER 2\Machine Learning\Sentiment-Analysis_ML\data\raw\MVSA_Single\data\2000.jpg
MVSA_Single/data/1694.jpg,negative,0,0,C:\Users\user\OneDrive\Desktop\KUHNE LOGISTIC UNIVERSITY\SEMESTER 2\Machine Learning\Sentiment-Analysis_ML\data\raw\MVSA_Single\data\1694.jpg
MVSA_Single/data/2724.jpg,neutral,1,1,C:\Users\user\OneDrive\Desktop\KUHNE LOGISTIC UNIVERSITY\SEMESTER 2\Machine Learning\Sentiment-Analysis_ML\data\raw\MVSA_Single\data\2724.jpg
MVSA_Single/data/4025.jpg,neutral,1,1,C:\Users\user\OneDrive\Desktop\KUHNE LOGISTIC UNIVERSITY\SEMESTER 2\Machine Learning\Sentiment-Analysis_ML\data\raw\MVSA_Single\data\4025.jpg
MVSA_Single/data/2797.jpg,positive,2,2,C:\Users\user\OneDrive\Desktop\KUHNE LOGISTIC UNIVERSITY\SEMESTER 2\Machine Learning\Sentiment-Analysis_ML\data\raw\MVSA_Single\data\2797.jpg
MVSA_Single/data/2954.jpg,positive,2,2,C:\Users\user\OneDrive\Desktop\KUHNE LOGISTIC UNIVERSITY\SEMESTER 2\Machine Learning\Sentiment-Analysis_ML\data\raw\MVSA_Single\data\2954.jpg
MVSA_Single/data/3101.jpg,positive,2,2,C:\Users\user\OneDrive\Desktop\KUHNE LOGISTIC UNIVERSITY\SEMESTER 2\Machine Learning\Sentiment-Analysis_ML\data\raw\MVSA_Single\data\3101.jpg
MVSA_Single/data/2907.jpg,positive,2,2,C:\Users\user\OneDrive\Desktop\KUHNE LOGISTIC UNIVERSITY\SEMESTER 2\Machine Learning\Sentiment-Analysis_ML\data\raw\MVSA_Single\data\2907.jpg
MVSA_Single/data/4598.jpg,negative,0,0,C:\Users\user\OneDrive\Desktop\KUHNE LOGISTIC UNIVERSITY\SEMESTER 2\Machine Learning\Sentiment-Analysis_ML\data\raw\MVSA_Single\data\4598.jpg
MVSA_Single/data/4401.jpg,negative,0,0,C:\Users\user\OneDrive\Desktop\KUHNE LOGISTIC UNIVERSITY\SEMESTER 2\Machine Learning\Sentiment-Analysis_ML\data\raw\MVSA_Single\data\4401.jpg
MVSA_Single/data/334.jpg,negative,0,0,C:\Users\user\OneDrive\Desktop\KUHNE LOGISTIC UNIVERSITY\SEMESTER 2\Machine Learning\Sentiment-Analysis_ML\data\raw\MVSA_Single\data\334.jpg
MVSA_Single/data/1692.jpg,neutral,1,1,C:\Users\user\OneDrive\Desktop\KUHNE LOGISTIC UNIVERSITY\SEMESTER 2\Machine Learning\Sentiment-Analysis_ML\data\raw\MVSA_Single\data\1692.jpg
MVSA_Single/data/2428.jpg,positive,2,2,C:\Users\user\OneDrive\Desktop\KUHNE LOGISTIC UNIVERSITY\SEMESTER 2\Machine Learning\Sentiment-Analysis_ML\data\raw\MVSA_Single\data\2428.jpg
MVSA_Single/data/4192.jpg,positive,2,2,C:\Users\user\OneDrive\Desktop\KUHNE LOGISTIC UNIVERSITY\SEMESTER 2\Machine Learning\Sentiment-Analysis_ML\data\raw\MVSA_Single\data\4192.jpg
MVSA_Single/data/1793.jpg,positive,2,2,C:\Users\user\OneDrive\Desktop\KUHNE LOGISTIC UNIVERSITY\SEMESTER 2\Machine Learning\Sentiment-Analysis_ML\data\raw\MVSA_Single\data\1793.jpg
MVSA_Single/data/3513.jpg,negative,0,0,C:\Users\user\OneDrive\Desktop\KUHNE LOGISTIC UNIVERSITY\SEMESTER 2\Machine Learning\Sentiment-Analysis_ML\data\raw\MVSA_Single\data\3513.jpg
MVSA_Single/data/5097.jpg,positive,2,2,C:\Users\user\OneDrive\Desktop\KUHNE LOGISTIC UNIVERSITY\SEMESTER 2\Machine Learning\Sentiment-Analysis_ML\data\raw\MVSA_Single\data\5097.jpg
MVSA_Single/data/1814.jpg,positive,2,2,C:\Users\user\OneDrive\Desktop\KUHNE LOGISTIC UNIVERSITY\SEMESTER 2\Machine Learning\Sentiment-Analysis_ML\data\raw\MVSA_Single\data\1814.jpg
MVSA_Single/data/1907.jpg,positive,2,2,C:\Users\user\OneDrive\Desktop\KUHNE LOGISTIC UNIVERSITY\SEMESTER 2\Machine Learning\Sentiment-Analysis_ML\data\raw\MVSA_Single\data\1907.jpg
MVSA_Single/data/3155.jpg,negative,0,0,C:\Users\user\OneDrive\Desktop\KUHNE LOGISTIC UNIVERSITY\SEMESTER 2\Machine Learning\Sentiment-Analysis_ML\data\raw\MVSA_Single\data\3155.jpg
MVSA_Single/data/3236.jpg,positive,2,2,C:\Users\user\OneDrive\Desktop\KUHNE LOGISTIC UNIVERSITY\SEMESTER 2\Machine Learning\Sentiment-Analysis_ML\data\raw\MVSA_Single\data\3236.jpg
MVSA_Single/data/2858.jpg,positive,2,2,C:\Users\user\OneDrive\Desktop\KUHNE LOGISTIC UNIVERSITY\SEMESTER 2\Machine Learning\Sentiment-Analysis_ML\data\raw\MVSA_Single\data\2858.jpg
MVSA_Single/data/4948.jpg,negative,0,0,C:\Users\user\OneDrive\Desktop\KUHNE LOGISTIC UNIVERSITY\SEMESTER 2\Machine Learning\Sentiment-Analysis_ML\data\raw\MVSA_Single\data\4948.jpg
MVSA_Single/data/615.jpg,positive,2,2,C:\Users\user\OneDrive\Desktop\KUHNE LOGISTIC UNIVERSITY\SEMESTER 2\Machine Learning\Sentiment-Analysis_ML\data\raw\MVSA_Single\data\615.jpg
MVSA_Single/data/1067.jpg,positive,2,2,C:\Users\user\OneDrive\Desktop\KUHNE LOGISTIC UNIVERSITY\SEMESTER 2\Machine Learning\Sentiment-Analysis_ML\data\raw\MVSA_Single\data\1067.jpg
MVSA_Single/data/985.jpg,neutral,1,1,C:\Users\user\OneDrive\Desktop\KUHNE LOGISTIC UNIVERSITY\SEMESTER 2\Machine Learning\Sentiment-Analysis_ML\data\raw\MVSA_Single\data\985.jpg
MVSA_Single/data/443.jpg,positive,2,2,C:\Users\user\OneDrive\Desktop\KUHNE LOGISTIC UNIVERSITY\SEMESTER 2\Machine Learning\Sentiment-Analysis_ML\data\raw\MVSA_Single\data\443.jpg
MVSA_Single/data/2084.jpg,neutral,1,1,C:\Users\user\OneDrive\Desktop\KUHNE LOGISTIC UNIVERSITY\SEMESTER 2\Machine Learning\Sentiment-Analysis_ML\data\raw\MVSA_Single\data\2084.jpg
MVSA_Single/data/4171.jpg,positive,2,2,C:\Users\user\OneDrive\Desktop\KUHNE LOGISTIC UNIVERSITY\SEMESTER 2\Machine Learning\Sentiment-Analysis_ML\data\raw\MVSA_Single\data\4171.jpg
MVSA_Single/data/636.jpg,negative,0,0,C:\Users\user\OneDrive\Desktop\KUHNE LOGISTIC UNIVERSITY\SEMESTER 2\Machine Learning\Sentiment-Analysis_ML\data\raw\MVSA_Single\data\636.jpg
MVSA_Single/data/5022.jpg,negative,0,0,C:\Users\user\OneDrive\Desktop\KUHNE LOGISTIC UNIVERSITY\SEMESTER 2\Machine Learning\Sentiment-Analysis_ML\data\raw\MVSA_Single\data\5022.jpg
MVSA_Single/data/4599.jpg,neutral,1,1,C:\Users\user\OneDrive\Desktop\KUHNE LOGISTIC UNIVERSITY\SEMESTER 2\Machine Learning\Sentiment-Analysis_ML\data\raw\MVSA_Single\data\4599.jpg
MVSA_Single/data/167.jpg,neutral,1,1,C:\Users\user\OneDrive\Desktop\KUHNE LOGISTIC UNIVERSITY\SEMESTER 2\Machine Learning\Sentiment-Analysis_ML\data\raw\MVSA_Single\data\167.jpg
MVSA_Single/data/1913.jpg,negative,0,0,C:\Users\user\OneDrive\Desktop\KUHNE LOGISTIC UNIVERSITY\SEMESTER 2\Machine Learning\Sentiment-Analysis_ML\data\raw\MVSA_Single\data\1913.jpg
MVSA_Single/data/3834.jpg,neutral,1,1,C:\Users\user\OneDrive\Desktop\KUHNE LOGISTIC UNIVERSITY\SEMESTER 2\Machine Learning\Sentiment-Analysis_ML\data\raw\MVSA_Single\data\3834.jpg
MVSA_Single/data/2620.jpg,positive,2,2,C:\Users\user\OneDrive\Desktop\KUHNE LOGISTIC UNIVERSITY\SEMESTER 2\Machine Learning\Sentiment-Analysis_ML\data\raw\MVSA_Single\data\2620.jpg
MVSA_Single/data/80.jpg,negative,0,0,C:\Users\user\OneDrive\Desktop\KUHNE LOGISTIC UNIVERSITY\SEMESTER 2\Machine Learning\Sentiment-Analysis_ML\data\raw\MVSA_Single\data\80.jpg
MVSA_Single/data/4550.jpg,positive,2,2,C:\Users\user\OneDrive\Desktop\KUHNE LOGISTIC UNIVERSITY\SEMESTER 2\Machine Learning\Sentiment-Analysis_ML\data\raw\MVSA_Single\data\4550.jpg
MVSA_Single/data/3703.jpg,neutral,1,1,C:\Users\user\OneDrive\Desktop\KUHNE LOGISTIC UNIVERSITY\SEMESTER 2\Machine Learning\Sentiment-Analysis_ML\data\raw\MVSA_Single\data\3703.jpg
MVSA_Single/data/523.jpg,positive,2,2,C:\Users\user\OneDrive\Desktop\KUHNE LOGISTIC UNIVERSITY\SEMESTER 2\Machine Learning\Sentiment-Analysis_ML\data\raw\MVSA_Single\data\523.jpg
MVSA_Single/data/2110.jpg,neutral,1,1,C:\Users\user\OneDrive\Desktop\KUHNE LOGISTIC UNIVERSITY\SEMESTER 2\Machine Learning\Sentiment-Analysis_ML\data\raw\MVSA_Single\data\2110.jpg
MVSA_Single/data/4180.jpg,negative,0,0,C:\Users\user\OneDrive\Desktop\KUHNE LOGISTIC UNIVERSITY\SEMESTER 2\Machine Learning\Sentiment-Analysis_ML\data\raw\MVSA_Single\data\4180.jpg
MVSA_Single/data/182.jpg,positive,2,2,C:\Users\user\OneDrive\Desktop\KUHNE LOGISTIC UNIVERSITY\SEMESTER 2\Machine Learning\Sentiment-Analysis_ML\data\raw\MVSA_Single\data\182.jpg
MVSA_Single/data/2126.jpg,negative,0,0,C:\Users\user\OneDrive\Desktop\KUHNE LOGISTIC UNIVERSITY\SEMESTER 2\Machine Learning\Sentiment-Analysis_ML\data\raw\MVSA_Single\data\2126.jpg
MVSA_Single/data/4849.jpg,negative,0,0,C:\Users\user\OneDrive\Desktop\KUHNE LOGISTIC UNIVERSITY\SEMESTER 2\Machine Learning\Sentiment-Analysis_ML\data\raw\MVSA_Single\data\4849.jpg
MVSA_Single/data/1326.jpg,positive,2,2,C:\Users\user\OneDrive\Desktop\KUHNE LOGISTIC UNIVERSITY\SEMESTER 2\Machine Learning\Sentiment-Analysis_ML\data\raw\MVSA_Single\data\1326.jpg
MVSA_Single/data/251.jpg,positive,2,2,C:\Users\user\OneDrive\Desktop\KUHNE LOGISTIC UNIVERSITY\SEMESTER 2\Machine Learning\Sentiment-Analysis_ML\data\raw\MVSA_Single\data\251.jpg
MVSA_Single/data/1921.jpg,positive,2,2,C:\Users\user\OneDrive\Desktop\KUHNE LOGISTIC UNIVERSITY\SEMESTER 2\Machine Learning\Sentiment-Analysis_ML\data\raw\MVSA_Single\data\1921.jpg
MVSA_Single/data/3885.jpg,negative,0,0,C:\Users\user\OneDrive\Desktop\KUHNE LOGISTIC UNIVERSITY\SEMESTER 2\Machine Learning\Sentiment-Analysis_ML\data\raw\MVSA_Single\data\3885.jpg
MVSA_Single/data/3019.jpg,neutral,1,1,C:\Users\user\OneDrive\Desktop\KUHNE LOGISTIC UNIVERSITY\SEMESTER 2\Machine Learning\Sentiment-Analysis_ML\data\raw\MVSA_Single\data\3019.jpg
MVSA_Single/data/2351.jpg,positive,2,2,C:\Users\user\OneDrive\Desktop\KUHNE LOGISTIC UNIVERSITY\SEMESTER 2\Machine Learning\Sentiment-Analysis_ML\data\raw\MVSA_Single\data\2351.jpg
MVSA_Single/data/1601.jpg,positive,2,2,C:\Users\user\OneDrive\Desktop\KUHNE LOGISTIC UNIVERSITY\SEMESTER 2\Machine Learning\Sentiment-Analysis_ML\data\raw\MVSA_Single\data\1601.jpg
MVSA_Single/data/2086.jpg,positive,2,2,C:\Users\user\OneDrive\Desktop\KUHNE LOGISTIC UNIVERSITY\SEMESTER 2\Machine Learning\Sentiment-Analysis_ML\data\raw\MVSA_Single\data\2086.jpg
MVSA_Single/data/3020.jpg,positive,2,2,C:\Users\user\OneDrive\Desktop\KUHNE LOGISTIC UNIVERSITY\SEMESTER 2\Machine Learning\Sentiment-Analysis_ML\data\raw\MVSA_Single\data\3020.jpg
MVSA_Single/data/4827.jpg,neutral,1,1,C:\Users\user\OneDrive\Desktop\KUHNE LOGISTIC UNIVERSITY\SEMESTER 2\Machine Learning\Sentiment-Analysis_ML\data\raw\MVSA_Single\data\4827.jpg
MVSA_Single/data/279.jpg,positive,2,2,C:\Users\user\OneDrive\Desktop\KUHNE LOGISTIC UNIVERSITY\SEMESTER 2\Machine Learning\Sentiment-Analysis_ML\data\raw\MVSA_Single\data\279.jpg
MVSA_Single/data/4313.jpg,neutral,1,1,C:\Users\user\OneDrive\Desktop\KUHNE LOGISTIC UNIVERSITY\SEMESTER 2\Machine Learning\Sentiment-Analysis_ML\data\raw\MVSA_Single\data\4313.jpg
MVSA_Single/data/166.jpg,positive,2,2,C:\Users\user\OneDrive\Desktop\KUHNE LOGISTIC UNIVERSITY\SEMESTER 2\Machine Learning\Sentiment-Analysis_ML\data\raw\MVSA_Single\data\166.jpg
MVSA_Single/data/4301.jpg,neutral,1,1,C:\Users\user\OneDrive\Desktop\KUHNE LOGISTIC UNIVERSITY\SEMESTER 2\Machine Learning\Sentiment-Analysis_ML\data\raw\MVSA_Single\data\4301.jpg
MVSA_Single/data/380.jpg,positive,2,2,C:\Users\user\OneDrive\Desktop\KUHNE LOGISTIC UNIVERSITY\SEMESTER 2\Machine Learning\Sentiment-Analysis_ML\data\raw\MVSA_Single\data\380.jpg
MVSA_Single/data/4219.jpg,positive,2,2,C:\Users\user\OneDrive\Desktop\KUHNE LOGISTIC UNIVERSITY\SEMESTER 2\Machine Learning\Sentiment-Analysis_ML\data\raw\MVSA_Single\data\4219.jpg
MVSA_Single/data/1830.jpg,positive,2,2,C:\Users\user\OneDrive\Desktop\KUHNE LOGISTIC UNIVERSITY\SEMESTER 2\Machine Learning\Sentiment-Analysis_ML\data\raw\MVSA_Single\data\1830.jpg
MVSA_Single/data/179.jpg,negative,0,0,C:\Users\user\OneDrive\Desktop\KUHNE LOGISTIC UNIVERSITY\SEMESTER 2\Machine Learning\Sentiment-Analysis_ML\data\raw\MVSA_Single\data\179.jpg
MVSA_Single/data/3512.jpg,neutral,1,1,C:\Users\user\OneDrive\Desktop\KUHNE LOGISTIC UNIVERSITY\SEMESTER 2\Machine Learning\Sentiment-Analysis_ML\data\raw\MVSA_Single\data\3512.jpg
MVSA_Single/data/4969.jpg,positive,2,2,C:\Users\user\OneDrive\Desktop\KUHNE LOGISTIC UNIVERSITY\SEMESTER 2\Machine Learning\Sentiment-Analysis_ML\data\raw\MVSA_Single\data\4969.jpg
MVSA_Single/data/4814.jpg,negative,0,0,C:\Users\user\OneDrive\Desktop\KUHNE LOGISTIC UNIVERSITY\SEMESTER 2\Machine Learning\Sentiment-Analysis_ML\data\raw\MVSA_Single\data\4814.jpg
MVSA_Single/data/3535.jpg,neutral,1,1,C:\Users\user\OneDrive\Desktop\KUHNE LOGISTIC UNIVERSITY\SEMESTER 2\Machine Learning\Sentiment-Analysis_ML\data\raw\MVSA_Single\data\3535.jpg
MVSA_Single/data/3819.jpg,negative,0,0,C:\Users\user\OneDrive\Desktop\KUHNE LOGISTIC UNIVERSITY\SEMESTER 2\Machine Learning\Sentiment-Analysis_ML\data\raw\MVSA_Single\data\3819.jpg
MVSA_Single/data/175.jpg,positive,2,2,C:\Users\user\OneDrive\Desktop\KUHNE LOGISTIC UNIVERSITY\SEMESTER 2\Machine Learning\Sentiment-Analysis_ML\data\raw\MVSA_Single\data\175.jpg
MVSA_Single/data/3893.jpg,positive,2,2,C:\Users\user\OneDrive\Desktop\KUHNE LOGISTIC UNIVERSITY\SEMESTER 2\Machine Learning\Sentiment-Analysis_ML\data\raw\MVSA_Single\data\3893.jpg
MVSA_Single/data/553.jpg,positive,2,2,C:\Users\user\OneDrive\Desktop\KUHNE LOGISTIC UNIVERSITY\SEMESTER 2\Machine Learning\Sentiment-Analysis_ML\data\raw\MVSA_Single\data\553.jpg
MVSA_Single/data/1882.jpg,positive,2,2,C:\Users\user\OneDrive\Desktop\KUHNE LOGISTIC UNIVERSITY\SEMESTER 2\Machine Learning\Sentiment-Analysis_ML\data\raw\MVSA_Single\data\1882.jpg
MVSA_Single/data/4780.jpg,positive,2,2,C:\Users\user\OneDrive\Desktop\KUHNE LOGISTIC UNIVERSITY\SEMESTER 2\Machine Learning\Sentiment-Analysis_ML\data\raw\MVSA_Single\data\4780.jpg
MVSA_Single/data/1751.jpg,positive,2,2,C:\Users\user\OneDrive\Desktop\KUHNE LOGISTIC UNIVERSITY\SEMESTER 2\Machine Learning\Sentiment-Analysis_ML\data\raw\MVSA_Single\data\1751.jpg
MVSA_Single/data/1801.jpg,positive,2,2,C:\Users\user\OneDrive\Desktop\KUHNE LOGISTIC UNIVERSITY\SEMESTER 2\Machine Learning\Sentiment-Analysis_ML\data\raw\MVSA_Single\data\1801.jpg
MVSA_Single/data/709.jpg,positive,2,2,C:\Users\user\OneDrive\Desktop\KUHNE LOGISTIC UNIVERSITY\SEMESTER 2\Machine Learning\Sentiment-Analysis_ML\data\raw\MVSA_Single\data\709.jpg
MVSA_Single/data/1704.jpg,positive,2,2,C:\Users\user\OneDrive\Desktop\KUHNE LOGISTIC UNIVERSITY\SEMESTER 2\Machine Learning\Sentiment-Analysis_ML\data\raw\MVSA_Single\data\1704.jpg
MVSA_Single/data/3003.jpg,positive,2,2,C:\Users\user\OneDrive\Desktop\KUHNE LOGISTIC UNIVERSITY\SEMESTER 2\Machine Learning\Sentiment-Analysis_ML\data\raw\MVSA_Single\data\3003.jpg
MVSA_Single/data/717.jpg,positive,2,2,C:\Users\user\OneDrive\Desktop\KUHNE LOGISTIC UNIVERSITY\SEMESTER 2\Machine Learning\Sentiment-Analysis_ML\data\raw\MVSA_Single\data\717.jpg
MVSA_Single/data/4235.jpg,positive,2,2,C:\Users\user\OneDrive\Desktop\KUHNE LOGISTIC UNIVERSITY\SEMESTER 2\Machine Learning\Sentiment-Analysis_ML\data\raw\MVSA_Single\data\4235.jpg
MVSA_Single/data/3574.jpg,positive,2,2,C:\Users\user\OneDrive\Desktop\KUHNE LOGISTIC UNIVERSITY\SEMESTER 2\Machine Learning\Sentiment-Analysis_ML\data\raw\MVSA_Single\data\3574.jpg
MVSA_Single/data/1436.jpg,negative,0,0,C:\Users\user\OneDrive\Desktop\KUHNE LOGISTIC UNIVERSITY\SEMESTER 2\Machine Learning\Sentiment-Analysis_ML\data\raw\MVSA_Single\data\1436.jpg
MVSA_Single/data/483.jpg,neutral,1,1,C:\Users\user\OneDrive\Desktop\KUHNE LOGISTIC UNIVERSITY\SEMESTER 2\Machine Learning\Sentiment-Analysis_ML\data\raw\MVSA_Single\data\483.jpg
MVSA_Single/data/4597.jpg,neutral,1,1,C:\Users\user\OneDrive\Desktop\KUHNE LOGISTIC UNIVERSITY\SEMESTER 2\Machine Learning\Sentiment-Analysis_ML\data\raw\MVSA_Single\data\4597.jpg
MVSA_Single/data/778.jpg,negative,0,0,C:\Users\user\OneDrive\Desktop\KUHNE LOGISTIC UNIVERSITY\SEMESTER 2\Machine Learning\Sentiment-Analysis_ML\data\raw\MVSA_Single\data\778.jpg
MVSA_Single/data/4285.jpg,positive,2,2,C:\Users\user\OneDrive\Desktop\KUHNE LOGISTIC UNIVERSITY\SEMESTER 2\Machine Learning\Sentiment-Analysis_ML\data\raw\MVSA_Single\data\4285.jpg
MVSA_Single/data/1986.jpg,positive,2,2,C:\Users\user\OneDrive\Desktop\KUHNE LOGISTIC UNIVERSITY\SEMESTER 2\Machine Learning\Sentiment-Analysis_ML\data\raw\MVSA_Single\data\1986.jpg
MVSA_Single/data/1453.jpg,positive,2,2,C:\Users\user\OneDrive\Desktop\KUHNE LOGISTIC UNIVERSITY\SEMESTER 2\Machine Learning\Sentiment-Analysis_ML\data\raw\MVSA_Single\data\1453.jpg
MVSA_Single/data/3357.jpg,positive,2,2,C:\Users\user\OneDrive\Desktop\KUHNE LOGISTIC UNIVERSITY\SEMESTER 2\Machine Learning\Sentiment-Analysis_ML\data\raw\MVSA_Single\data\3357.jpg
MVSA_Single/data/1726.jpg,positive,2,2,C:\Users\user\OneDrive\Desktop\KUHNE LOGISTIC UNIVERSITY\SEMESTER 2\Machine Learning\Sentiment-Analysis_ML\data\raw\MVSA_Single\data\1726.jpg
MVSA_Single/data/538.jpg,positive,2,2,C:\Users\user\OneDrive\Desktop\KUHNE LOGISTIC UNIVERSITY\SEMESTER 2\Machine Learning\Sentiment-Analysis_ML\data\raw\MVSA_Single\data\538.jpg
MVSA_Single/data/1038.jpg,neutral,1,1,C:\Users\user\OneDrive\Desktop\KUHNE LOGISTIC UNIVERSITY\SEMESTER 2\Machine Learning\Sentiment-Analysis_ML\data\raw\MVSA_Single\data\1038.jpg
MVSA_Single/data/1267.jpg,positive,2,2,C:\Users\user\OneDrive\Desktop\KUHNE LOGISTIC UNIVERSITY\SEMESTER 2\Machine Learning\Sentiment-Analysis_ML\data\raw\MVSA_Single\data\1267.jpg
MVSA_Single/data/4874.jpg,negative,0,0,C:\Users\user\OneDrive\Desktop\KUHNE LOGISTIC UNIVERSITY\SEMESTER 2\Machine Learning\Sentiment-Analysis_ML\data\raw\MVSA_Single\data\4874.jpg
MVSA_Single/data/2679.jpg,positive,2,2,C:\Users\user\OneDrive\Desktop\KUHNE LOGISTIC UNIVERSITY\SEMESTER 2\Machine Learning\Sentiment-Analysis_ML\data\raw\MVSA_Single\data\2679.jpg
MVSA_Single/data/4748.jpg,positive,2,2,C:\Users\user\OneDrive\Desktop\KUHNE LOGISTIC UNIVERSITY\SEMESTER 2\Machine Learning\Sentiment-Analysis_ML\data\raw\MVSA_Single\data\4748.jpg
MVSA_Single/data/4017.jpg,positive,2,2,C:\Users\user\OneDrive\Desktop\KUHNE LOGISTIC UNIVERSITY\SEMESTER 2\Machine Learning\Sentiment-Analysis_ML\data\raw\MVSA_Single\data\4017.jpg
MVSA_Single/data/2322.jpg,positive,2,2,C:\Users\user\OneDrive\Desktop\KUHNE LOGISTIC UNIVERSITY\SEMESTER 2\Machine Learning\Sentiment-Analysis_ML\data\raw\MVSA_Single\data\2322.jpg
MVSA_Single/data/450.jpg,negative,0,0,C:\Users\user\OneDrive\Desktop\KUHNE LOGISTIC UNIVERSITY\SEMESTER 2\Machine Learning\Sentiment-Analysis_ML\data\raw\MVSA_Single\data\450.jpg
MVSA_Single/data/1149.jpg,positive,2,2,C:\Users\user\OneDrive\Desktop\KUHNE LOGISTIC UNIVERSITY\SEMESTER 2\Machine Learning\Sentiment-Analysis_ML\data\raw\MVSA_Single\data\1149.jpg
MVSA_Single/data/2930.jpg,positive,2,2,C:\Users\user\OneDrive\Desktop\KUHNE LOGISTIC UNIVERSITY\SEMESTER 2\Machine Learning\Sentiment-Analysis_ML\data\raw\MVSA_Single\data\2930.jpg
MVSA_Single/data/1459.jpg,positive,2,2,C:\Users\user\OneDrive\Desktop\KUHNE LOGISTIC UNIVERSITY\SEMESTER 2\Machine Learning\Sentiment-Analysis_ML\data\raw\MVSA_Single\data\1459.jpg
MVSA_Single/data/5127.jpg,positive,2,2,C:\Users\user\OneDrive\Desktop\KUHNE LOGISTIC UNIVERSITY\SEMESTER 2\Machine Learning\Sentiment-Analysis_ML\data\raw\MVSA_Single\data\5127.jpg
MVSA_Single/data/1838.jpg,negative,0,0,C:\Users\user\OneDrive\Desktop\KUHNE LOGISTIC UNIVERSITY\SEMESTER 2\Machine Learning\Sentiment-Analysis_ML\data\raw\MVSA_Single\data\1838.jpg
MVSA_Single/data/4933.jpg,neutral,1,1,C:\Users\user\OneDrive\Desktop\KUHNE LOGISTIC UNIVERSITY\SEMESTER 2\Machine Learning\Sentiment-Analysis_ML\data\raw\MVSA_Single\data\4933.jpg
MVSA_Single/data/501.jpg,positive,2,2,C:\Users\user\OneDrive\Desktop\KUHNE LOGISTIC UNIVERSITY\SEMESTER 2\Machine Learning\Sentiment-Analysis_ML\data\raw\MVSA_Single\data\501.jpg
MVSA_Single/data/1656.jpg,negative,0,0,C:\Users\user\OneDrive\Desktop\KUHNE LOGISTIC UNIVERSITY\SEMESTER 2\Machine Learning\Sentiment-Analysis_ML\data\raw\MVSA_Single\data\1656.jpg
MVSA_Single/data/4247.jpg,neutral,1,1,C:\Users\user\OneDrive\Desktop\KUHNE LOGISTIC UNIVERSITY\SEMESTER 2\Machine Learning\Sentiment-Analysis_ML\data\raw\MVSA_Single\data\4247.jpg
MVSA_Single/data/41.jpg,negative,0,0,C:\Users\user\OneDrive\Desktop\KUHNE LOGISTIC UNIVERSITY\SEMESTER 2\Machine Learning\Sentiment-Analysis_ML\data\raw\MVSA_Single\data\41.jpg
MVSA_Single/data/4368.jpg,negative,0,0,C:\Users\user\OneDrive\Desktop\KUHNE LOGISTIC UNIVERSITY\SEMESTER 2\Machine Learning\Sentiment-Analysis_ML\data\raw\MVSA_Single\data\4368.jpg
MVSA_Single/data/3898.jpg,positive,2,2,C:\Users\user\OneDrive\Desktop\KUHNE LOGISTIC UNIVERSITY\SEMESTER 2\Machine Learning\Sentiment-Analysis_ML\data\raw\MVSA_Single\data\3898.jpg
MVSA_Single/data/3987.jpg,positive,2,2,C:\Users\user\OneDrive\Desktop\KUHNE LOGISTIC UNIVERSITY\SEMESTER 2\Machine Learning\Sentiment-Analysis_ML\data\raw\MVSA_Single\data\3987.jpg
MVSA_Single/data/1269.jpg,negative,0,0,C:\Users\user\OneDrive\Desktop\KUHNE LOGISTIC UNIVERSITY\SEMESTER 2\Machine Learning\Sentiment-Analysis_ML\data\raw\MVSA_Single\data\1269.jpg
MVSA_Single/data/210.jpg,positive,2,2,C:\Users\user\OneDrive\Desktop\KUHNE LOGISTIC UNIVERSITY\SEMESTER 2\Machine Learning\Sentiment-Analysis_ML\data\raw\MVSA_Single\data\210.jpg
MVSA_Single/data/4552.jpg,positive,2,2,C:\Users\user\OneDrive\Desktop\KUHNE LOGISTIC UNIVERSITY\SEMESTER 2\Machine Learning\Sentiment-Analysis_ML\data\raw\MVSA_Single\data\4552.jpg
MVSA_Single/data/1532.jpg,negative,0,0,C:\Users\user\OneDrive\Desktop\KUHNE LOGISTIC UNIVERSITY\SEMESTER 2\Machine Learning\Sentiment-Analysis_ML\data\raw\MVSA_Single\data\1532.jpg
MVSA_Single/data/390.jpg,negative,0,0,C:\Users\user\OneDrive\Desktop\KUHNE LOGISTIC UNIVERSITY\SEMESTER 2\Machine Learning\Sentiment-Analysis_ML\data\raw\MVSA_Single\data\390.jpg
MVSA_Single/data/2115.jpg,negative,0,0,C:\Users\user\OneDrive\Desktop\KUHNE LOGISTIC UNIVERSITY\SEMESTER 2\Machine Learning\Sentiment-Analysis_ML\data\raw\MVSA_Single\data\2115.jpg
MVSA_Single/data/3674.jpg,neutral,1,1,C:\Users\user\OneDrive\Desktop\KUHNE LOGISTIC UNIVERSITY\SEMESTER 2\Machine Learning\Sentiment-Analysis_ML\data\raw\MVSA_Single\data\3674.jpg
MVSA_Single/data/2673.jpg,negative,0,0,C:\Users\user\OneDrive\Desktop\KUHNE LOGISTIC UNIVERSITY\SEMESTER 2\Machine Learning\Sentiment-Analysis_ML\data\raw\MVSA_Single\data\2673.jpg
MVSA_Single/data/2312.jpg,negative,0,0,C:\Users\user\OneDrive\Desktop\KUHNE LOGISTIC UNIVERSITY\SEMESTER 2\Machine Learning\Sentiment-Analysis_ML\data\raw\MVSA_Single\data\2312.jpg
MVSA_Single/data/4922.jpg,neutral,1,1,C:\Users\user\OneDrive\Desktop\KUHNE LOGISTIC UNIVERSITY\SEMESTER 2\Machine Learning\Sentiment-Analysis_ML\data\raw\MVSA_Single\data\4922.jpg
MVSA_Single/data/4591.jpg,positive,2,2,C:\Users\user\OneDrive\Desktop\KUHNE LOGISTIC UNIVERSITY\SEMESTER 2\Machine Learning\Sentiment-Analysis_ML\data\raw\MVSA_Single\data\4591.jpg
MVSA_Single/data/3330.jpg,neutral,1,1,C:\Users\user\OneDrive\Desktop\KUHNE LOGISTIC UNIVERSITY\SEMESTER 2\Machine Learning\Sentiment-Analysis_ML\data\raw\MVSA_Single\data\3330.jpg
MVSA_Single/data/788.jpg,neutral,1,1,C:\Users\user\OneDrive\Desktop\KUHNE LOGISTIC UNIVERSITY\SEMESTER 2\Machine Learning\Sentiment-Analysis_ML\data\raw\MVSA_Single\data\788.jpg
MVSA_Single/data/2082.jpg,positive,2,2,C:\Users\user\OneDrive\Desktop\KUHNE LOGISTIC UNIVERSITY\SEMESTER 2\Machine Learning\Sentiment-Analysis_ML\data\raw\MVSA_Single\data\2082.jpg
MVSA_Single/data/497.jpg,positive,2,2,C:\Users\user\OneDrive\Desktop\KUHNE LOGISTIC UNIVERSITY\SEMESTER 2\Machine Learning\Sentiment-Analysis_ML\data\raw\MVSA_Single\data\497.jpg
MVSA_Single/data/2012.jpg,neutral,1,1,C:\Users\user\OneDrive\Desktop\KUHNE LOGISTIC UNIVERSITY\SEMESTER 2\Machine Learning\Sentiment-Analysis_ML\data\raw\MVSA_Single\data\2012.jpg
MVSA_Single/data/2093.jpg,positive,2,2,C:\Users\user\OneDrive\Desktop\KUHNE LOGISTIC UNIVERSITY\SEMESTER 2\Machine Learning\Sentiment-Analysis_ML\data\raw\MVSA_Single\data\2093.jpg
MVSA_Single/data/952.jpg,positive,2,2,C:\Users\user\OneDrive\Desktop\KUHNE LOGISTIC UNIVERSITY\SEMESTER 2\Machine Learning\Sentiment-Analysis_ML\data\raw\MVSA_Single\data\952.jpg
MVSA_Single/data/2037.jpg,negative,0,0,C:\Users\user\OneDrive\Desktop\KUHNE LOGISTIC UNIVERSITY\SEMESTER 2\Machine Learning\Sentiment-Analysis_ML\data\raw\MVSA_Single\data\2037.jpg
MVSA_Single/data/372.jpg,positive,2,2,C:\Users\user\OneDrive\Desktop\KUHNE LOGISTIC UNIVERSITY\SEMESTER 2\Machine Learning\Sentiment-Analysis_ML\data\raw\MVSA_Single\data\372.jpg
MVSA_Single/data/4154.jpg,negative,0,0,C:\Users\user\OneDrive\Desktop\KUHNE LOGISTIC UNIVERSITY\SEMESTER 2\Machine Learning\Sentiment-Analysis_ML\data\raw\MVSA_Single\data\4154.jpg
MVSA_Single/data/1828.jpg,positive,2,2,C:\Users\user\OneDrive\Desktop\KUHNE LOGISTIC UNIVERSITY\SEMESTER 2\Machine Learning\Sentiment-Analysis_ML\data\raw\MVSA_Single\data\1828.jpg
MVSA_Single/data/3782.jpg,negative,0,0,C:\Users\user\OneDrive\Desktop\KUHNE LOGISTIC UNIVERSITY\SEMESTER 2\Machine Learning\Sentiment-Analysis_ML\data\raw\MVSA_Single\data\3782.jpg
MVSA_Single/data/4431.jpg,positive,2,2,C:\Users\user\OneDrive\Desktop\KUHNE LOGISTIC UNIVERSITY\SEMESTER 2\Machine Learning\Sentiment-Analysis_ML\data\raw\MVSA_Single\data\4431.jpg
MVSA_Single/data/4453.jpg,negative,0,0,C:\Users\user\OneDrive\Desktop\KUHNE LOGISTIC UNIVERSITY\SEMESTER 2\Machine Learning\Sentiment-Analysis_ML\data\raw\MVSA_Single\data\4453.jpg
MVSA_Single/data/1940.jpg,negative,0,0,C:\Users\user\OneDrive\Desktop\KUHNE LOGISTIC UNIVERSITY\SEMESTER 2\Machine Learning\Sentiment-Analysis_ML\data\raw\MVSA_Single\data\1940.jpg
MVSA_Single/data/3554.jpg,negative,0,0,C:\Users\user\OneDrive\Desktop\KUHNE LOGISTIC UNIVERSITY\SEMESTER 2\Machine Learning\Sentiment-Analysis_ML\data\raw\MVSA_Single\data\3554.jpg
MVSA_Single/data/3115.jpg,positive,2,2,C:\Users\user\OneDrive\Desktop\KUHNE LOGISTIC UNIVERSITY\SEMESTER 2\Machine Learning\Sentiment-Analysis_ML\data\raw\MVSA_Single\data\3115.jpg
MVSA_Single/data/3547.jpg,negative,0,0,C:\Users\user\OneDrive\Desktop\KUHNE LOGISTIC UNIVERSITY\SEMESTER 2\Machine Learning\Sentiment-Analysis_ML\data\raw\MVSA_Single\data\3547.jpg
MVSA_Single/data/289.jpg,positive,2,2,C:\Users\user\OneDrive\Desktop\KUHNE LOGISTIC UNIVERSITY\SEMESTER 2\Machine Learning\Sentiment-Analysis_ML\data\raw\MVSA_Single\data\289.jpg
MVSA_Single/data/3955.jpg,negative,0,0,C:\Users\user\OneDrive\Desktop\KUHNE LOGISTIC UNIVERSITY\SEMESTER 2\Machine Learning\Sentiment-Analysis_ML\data\raw\MVSA_Single\data\3955.jpg
MVSA_Single/data/224.jpg,positive,2,2,C:\Users\user\OneDrive\Desktop\KUHNE LOGISTIC UNIVERSITY\SEMESTER 2\Machine Learning\Sentiment-Analysis_ML\data\raw\MVSA_Single\data\224.jpg
MVSA_Single/data/4566.jpg,neutral,1,1,C:\Users\user\OneDrive\Desktop\KUHNE LOGISTIC UNIVERSITY\SEMESTER 2\Machine Learning\Sentiment-Analysis_ML\data\raw\MVSA_Single\data\4566.jpg
MVSA_Single/data/3580.jpg,positive,2,2,C:\Users\user\OneDrive\Desktop\KUHNE LOGISTIC UNIVERSITY\SEMESTER 2\Machine Learning\Sentiment-Analysis_ML\data\raw\MVSA_Single\data\3580.jpg
MVSA_Single/data/438.jpg,positive,2,2,C:\Users\user\OneDrive\Desktop\KUHNE LOGISTIC UNIVERSITY\SEMESTER 2\Machine Learning\Sentiment-Analysis_ML\data\raw\MVSA_Single\data\438.jpg
MVSA_Single/data/679.jpg,positive,2,2,C:\Users\user\OneDrive\Desktop\KUHNE LOGISTIC UNIVERSITY\SEMESTER 2\Machine Learning\Sentiment-Analysis_ML\data\raw\MVSA_Single\data\679.jpg
MVSA_Single/data/1651.jpg,positive,2,2,C:\Users\user\OneDrive\Desktop\KUHNE LOGISTIC UNIVERSITY\SEMESTER 2\Machine Learning\Sentiment-Analysis_ML\data\raw\MVSA_Single\data\1651.jpg
MVSA_Single/data/5006.jpg,positive,2,2,C:\Users\user\OneDrive\Desktop\KUHNE LOGISTIC UNIVERSITY\SEMESTER 2\Machine Learning\Sentiment-Analysis_ML\data\raw\MVSA_Single\data\5006.jpg
MVSA_Single/data/921.jpg,negative,0,0,C:\Users\user\OneDrive\Desktop\KUHNE LOGISTIC UNIVERSITY\SEMESTER 2\Machine Learning\Sentiment-Analysis_ML\data\raw\MVSA_Single\data\921.jpg
MVSA_Single/data/2866.jpg,positive,2,2,C:\Users\user\OneDrive\Desktop\KUHNE LOGISTIC UNIVERSITY\SEMESTER 2\Machine Learning\Sentiment-Analysis_ML\data\raw\MVSA_Single\data\2866.jpg
MVSA_Single/data/4822.jpg,positive,2,2,C:\Users\user\OneDrive\Desktop\KUHNE LOGISTIC UNIVERSITY\SEMESTER 2\Machine Learning\Sentiment-Analysis_ML\data\raw\MVSA_Single\data\4822.jpg
MVSA_Single/data/395.jpg,positive,2,2,C:\Users\user\OneDrive\Desktop\KUHNE LOGISTIC UNIVERSITY\SEMESTER 2\Machine Learning\Sentiment-Analysis_ML\data\raw\MVSA_Single\data\395.jpg
MVSA_Single/data/1666.jpg,positive,2,2,C:\Users\user\OneDrive\Desktop\KUHNE LOGISTIC UNIVERSITY\SEMESTER 2\Machine Learning\Sentiment-Analysis_ML\data\raw\MVSA_Single\data\1666.jpg
MVSA_Single/data/2815.jpg,positive,2,2,C:\Users\user\OneDrive\Desktop\KUHNE LOGISTIC UNIVERSITY\SEMESTER 2\Machine Learning\Sentiment-Analysis_ML\data\raw\MVSA_Single\data\2815.jpg
MVSA_Single/data/2895.jpg,neutral,1,1,C:\Users\user\OneDrive\Desktop\KUHNE LOGISTIC UNIVERSITY\SEMESTER 2\Machine Learning\Sentiment-Analysis_ML\data\raw\MVSA_Single\data\2895.jpg
MVSA_Single/data/448.jpg,negative,0,0,C:\Users\user\OneDrive\Desktop\KUHNE LOGISTIC UNIVERSITY\SEMESTER 2\Machine Learning\Sentiment-Analysis_ML\data\raw\MVSA_Single\data\448.jpg
MVSA_Single/data/3128.jpg,positive,2,2,C:\Users\user\OneDrive\Desktop\KUHNE LOGISTIC UNIVERSITY\SEMESTER 2\Machine Learning\Sentiment-Analysis_ML\data\raw\MVSA_Single\data\3128.jpg
MVSA_Single/data/4779.jpg,positive,2,2,C:\Users\user\OneDrive\Desktop\KUHNE LOGISTIC UNIVERSITY\SEMESTER 2\Machine Learning\Sentiment-Analysis_ML\data\raw\MVSA_Single\data\4779.jpg
MVSA_Single/data/4647.jpg,negative,0,0,C:\Users\user\OneDrive\Desktop\KUHNE LOGISTIC UNIVERSITY\SEMESTER 2\Machine Learning\Sentiment-Analysis_ML\data\raw\MVSA_Single\data\4647.jpg
MVSA_Single/data/3360.jpg,negative,0,0,C:\Users\user\OneDrive\Desktop\KUHNE LOGISTIC UNIVERSITY\SEMESTER 2\Machine Learning\Sentiment-Analysis_ML\data\raw\MVSA_Single\data\3360.jpg
MVSA_Single/data/1378.jpg,negative,0,0,C:\Users\user\OneDrive\Desktop\KUHNE LOGISTIC UNIVERSITY\SEMESTER 2\Machine Learning\Sentiment-Analysis_ML\data\raw\MVSA_Single\data\1378.jpg
MVSA_Single/data/1278.jpg,neutral,1,1,C:\Users\user\OneDrive\Desktop\KUHNE LOGISTIC UNIVERSITY\SEMESTER 2\Machine Learning\Sentiment-Analysis_ML\data\raw\MVSA_Single\data\1278.jpg
MVSA_Single/data/3704.jpg,positive,2,2,C:\Users\user\OneDrive\Desktop\KUHNE LOGISTIC UNIVERSITY\SEMESTER 2\Machine Learning\Sentiment-Analysis_ML\data\raw\MVSA_Single\data\3704.jpg
MVSA_Single/data/4761.jpg,positive,2,2,C:\Users\user\OneDrive\Desktop\KUHNE LOGISTIC UNIVERSITY\SEMESTER 2\Machine Learning\Sentiment-Analysis_ML\data\raw\MVSA_Single\data\4761.jpg
MVSA_Single/data/4239.jpg,positive,2,2,C:\Users\user\OneDrive\Desktop\KUHNE LOGISTIC UNIVERSITY\SEMESTER 2\Machine Learning\Sentiment-Analysis_ML\data\raw\MVSA_Single\data\4239.jpg
MVSA_Single/data/1325.jpg,positive,2,2,C:\Users\user\OneDrive\Desktop\KUHNE LOGISTIC UNIVERSITY\SEMESTER 2\Machine Learning\Sentiment-Analysis_ML\data\raw\MVSA_Single\data\1325.jpg
MVSA_Single/data/1235.jpg,positive,2,2,C:\Users\user\OneDrive\Desktop\KUHNE LOGISTIC UNIVERSITY\SEMESTER 2\Machine Learning\Sentiment-Analysis_ML\data\raw\MVSA_Single\data\1235.jpg
MVSA_Single/data/2538.jpg,neutral,1,1,C:\Users\user\OneDrive\Desktop\KUHNE LOGISTIC UNIVERSITY\SEMESTER 2\Machine Learning\Sentiment-Analysis_ML\data\raw\MVSA_Single\data\2538.jpg
MVSA_Single/data/3719.jpg,negative,0,0,C:\Users\user\OneDrive\Desktop\KUHNE LOGISTIC UNIVERSITY\SEMESTER 2\Machine Learning\Sentiment-Analysis_ML\data\raw\MVSA_Single\data\3719.jpg
MVSA_Single/data/1765.jpg,positive,2,2,C:\Users\user\OneDrive\Desktop\KUHNE LOGISTIC UNIVERSITY\SEMESTER 2\Machine Learning\Sentiment-Analysis_ML\data\raw\MVSA_Single\data\1765.jpg
MVSA_Single/data/4613.jpg,positive,2,2,C:\Users\user\OneDrive\Desktop\KUHNE LOGISTIC UNIVERSITY\SEMESTER 2\Machine Learning\Sentiment-Analysis_ML\data\raw\MVSA_Single\data\4613.jpg
MVSA_Single/data/1078.jpg,negative,0,0,C:\Users\user\OneDrive\Desktop\KUHNE LOGISTIC UNIVERSITY\SEMESTER 2\Machine Learning\Sentiment-Analysis_ML\data\raw\MVSA_Single\data\1078.jpg
MVSA_Single/data/3851.jpg,negative,0,0,C:\Users\user\OneDrive\Desktop\KUHNE LOGISTIC UNIVERSITY\SEMESTER 2\Machine Learning\Sentiment-Analysis_ML\data\raw\MVSA_Single\data\3851.jpg
MVSA_Single/data/1153.jpg,neutral,1,1,C:\Users\user\OneDrive\Desktop\KUHNE LOGISTIC UNIVERSITY\SEMESTER 2\Machine Learning\Sentiment-Analysis_ML\data\raw\MVSA_Single\data\1153.jpg
MVSA_Single/data/4338.jpg,positive,2,2,C:\Users\user\OneDrive\Desktop\KUHNE LOGISTIC UNIVERSITY\SEMESTER 2\Machine Learning\Sentiment-Analysis_ML\data\raw\MVSA_Single\data\4338.jpg
MVSA_Single/data/4750.jpg,neutral,1,1,C:\Users\user\OneDrive\Desktop\KUHNE LOGISTIC UNIVERSITY\SEMESTER 2\Machine Learning\Sentiment-Analysis_ML\data\raw\MVSA_Single\data\4750.jpg
MVSA_Single/data/3281.jpg,negative,0,0,C:\Users\user\OneDrive\Desktop\KUHNE LOGISTIC UNIVERSITY\SEMESTER 2\Machine Learning\Sentiment-Analysis_ML\data\raw\MVSA_Single\data\3281.jpg
MVSA_Single/data/2031.jpg,positive,2,2,C:\Users\user\OneDrive\Desktop\KUHNE LOGISTIC UNIVERSITY\SEMESTER 2\Machine Learning\Sentiment-Analysis_ML\data\raw\MVSA_Single\data\2031.jpg
MVSA_Single/data/3517.jpg,positive,2,2,C:\Users\user\OneDrive\Desktop\KUHNE LOGISTIC UNIVERSITY\SEMESTER 2\Machine Learning\Sentiment-Analysis_ML\data\raw\MVSA_Single\data\3517.jpg
MVSA_Single/data/4075.jpg,positive,2,2,C:\Users\user\OneDrive\Desktop\KUHNE LOGISTIC UNIVERSITY\SEMESTER 2\Machine Learning\Sentiment-Analysis_ML\data\raw\MVSA_Single\data\4075.jpg
MVSA_Single/data/465.jpg,positive,2,2,C:\Users\user\OneDrive\Desktop\KUHNE LOGISTIC UNIVERSITY\SEMESTER 2\Machine Learning\Sentiment-Analysis_ML\data\raw\MVSA_Single\data\465.jpg
MVSA_Single/data/214.jpg,positive,2,2,C:\Users\user\OneDrive\Desktop\KUHNE LOGISTIC UNIVERSITY\SEMESTER 2\Machine Learning\Sentiment-Analysis_ML\data\raw\MVSA_Single\data\214.jpg
MVSA_Single/data/783.jpg,negative,0,0,C:\Users\user\OneDrive\Desktop\KUHNE LOGISTIC UNIVERSITY\SEMESTER 2\Machine Learning\Sentiment-Analysis_ML\data\raw\MVSA_Single\data\783.jpg
MVSA_Single/data/2927.jpg,positive,2,2,C:\Users\user\OneDrive\Desktop\KUHNE LOGISTIC UNIVERSITY\SEMESTER 2\Machine Learning\Sentiment-Analysis_ML\data\raw\MVSA_Single\data\2927.jpg
MVSA_Single/data/5079.jpg,positive,2,2,C:\Users\user\OneDrive\Desktop\KUHNE LOGISTIC UNIVERSITY\SEMESTER 2\Machine Learning\Sentiment-Analysis_ML\data\raw\MVSA_Single\data\5079.jpg
MVSA_Single/data/1556.jpg,positive,2,2,C:\Users\user\OneDrive\Desktop\KUHNE LOGISTIC UNIVERSITY\SEMESTER 2\Machine Learning\Sentiment-Analysis_ML\data\raw\MVSA_Single\data\1556.jpg
MVSA_Single/data/3318.jpg,neutral,1,1,C:\Users\user\OneDrive\Desktop\KUHNE LOGISTIC UNIVERSITY\SEMESTER 2\Machine Learning\Sentiment-Analysis_ML\data\raw\MVSA_Single\data\3318.jpg
MVSA_Single/data/2951.jpg,positive,2,2,C:\Users\user\OneDrive\Desktop\KUHNE LOGISTIC UNIVERSITY\SEMESTER 2\Machine Learning\Sentiment-Analysis_ML\data\raw\MVSA_Single\data\2951.jpg
MVSA_Single/data/3297.jpg,positive,2,2,C:\Users\user\OneDrive\Desktop\KUHNE LOGISTIC UNIVERSITY\SEMESTER 2\Machine Learning\Sentiment-Analysis_ML\data\raw\MVSA_Single\data\3297.jpg
MVSA_Single/data/845.jpg,positive,2,2,C:\Users\user\OneDrive\Desktop\KUHNE LOGISTIC UNIVERSITY\SEMESTER 2\Machine Learning\Sentiment-Analysis_ML\data\raw\MVSA_Single\data\845.jpg
MVSA_Single/data/1445.jpg,negative,0,0,C:\Users\user\OneDrive\Desktop\KUHNE LOGISTIC UNIVERSITY\SEMESTER 2\Machine Learning\Sentiment-Analysis_ML\data\raw\MVSA_Single\data\1445.jpg
MVSA_Single/data/116.jpg,neutral,1,1,C:\Users\user\OneDrive\Desktop\KUHNE LOGISTIC UNIVERSITY\SEMESTER 2\Machine Learning\Sentiment-Analysis_ML\data\raw\MVSA_Single\data\116.jpg
MVSA_Single/data/703.jpg,neutral,1,1,C:\Users\user\OneDrive\Desktop\KUHNE LOGISTIC UNIVERSITY\SEMESTER 2\Machine Learning\Sentiment-Analysis_ML\data\raw\MVSA_Single\data\703.jpg
MVSA_Single/data/4972.jpg,positive,2,2,C:\Users\user\OneDrive\Desktop\KUHNE LOGISTIC UNIVERSITY\SEMESTER 2\Machine Learning\Sentiment-Analysis_ML\data\raw\MVSA_Single\data\4972.jpg
MVSA_Single/data/2770.jpg,positive,2,2,C:\Users\user\OneDrive\Desktop\KUHNE LOGISTIC UNIVERSITY\SEMESTER 2\Machine Learning\Sentiment-Analysis_ML\data\raw\MVSA_Single\data\2770.jpg
MVSA_Single/data/1992.jpg,negative,0,0,C:\Users\user\OneDrive\Desktop\KUHNE LOGISTIC UNIVERSITY\SEMESTER 2\Machine Learning\Sentiment-Analysis_ML\data\raw\MVSA_Single\data\1992.jpg
MVSA_Single/data/278.jpg,positive,2,2,C:\Users\user\OneDrive\Desktop\KUHNE LOGISTIC UNIVERSITY\SEMESTER 2\Machine Learning\Sentiment-Analysis_ML\data\raw\MVSA_Single\data\278.jpg
MVSA_Single/data/779.jpg,neutral,1,1,C:\Users\user\OneDrive\Desktop\KUHNE LOGISTIC UNIVERSITY\SEMESTER 2\Machine Learning\Sentiment-Analysis_ML\data\raw\MVSA_Single\data\779.jpg
MVSA_Single/data/76.jpg,positive,2,2,C:\Users\user\OneDrive\Desktop\KUHNE LOGISTIC UNIVERSITY\SEMESTER 2\Machine Learning\Sentiment-Analysis_ML\data\raw\MVSA_Single\data\76.jpg
MVSA_Single/data/2746.jpg,negative,0,0,C:\Users\user\OneDrive\Desktop\KUHNE LOGISTIC UNIVERSITY\SEMESTER 2\Machine Learning\Sentiment-Analysis_ML\data\raw\MVSA_Single\data\2746.jpg
MVSA_Single/data/3177.jpg,positive,2,2,C:\Users\user\OneDrive\Desktop\KUHNE LOGISTIC UNIVERSITY\SEMESTER 2\Machine Learning\Sentiment-Analysis_ML\data\raw\MVSA_Single\data\3177.jpg
MVSA_Single/data/1402.jpg,negative,0,0,C:\Users\user\OneDrive\Desktop\KUHNE LOGISTIC UNIVERSITY\SEMESTER 2\Machine Learning\Sentiment-Analysis_ML\data\raw\MVSA_Single\data\1402.jpg
MVSA_Single/data/2757.jpg,positive,2,2,C:\Users\user\OneDrive\Desktop\KUHNE LOGISTIC UNIVERSITY\SEMESTER 2\Machine Learning\Sentiment-Analysis_ML\data\raw\MVSA_Single\data\2757.jpg
MVSA_Single/data/1361.jpg,positive,2,2,C:\Users\user\OneDrive\Desktop\KUHNE LOGISTIC UNIVERSITY\SEMESTER 2\Machine Learning\Sentiment-Analysis_ML\data\raw\MVSA_Single\data\1361.jpg
MVSA_Single/data/521.jpg,positive,2,2,C:\Users\user\OneDrive\Desktop\KUHNE LOGISTIC UNIVERSITY\SEMESTER 2\Machine Learning\Sentiment-Analysis_ML\data\raw\MVSA_Single\data\521.jpg
MVSA_Single/data/5108.jpg,negative,0,0,C:\Users\user\OneDrive\Desktop\KUHNE LOGISTIC UNIVERSITY\SEMESTER 2\Machine Learning\Sentiment-Analysis_ML\data\raw\MVSA_Single\data\5108.jpg
MVSA_Single/data/2152.jpg,positive,2,2,C:\Users\user\OneDrive\Desktop\KUHNE LOGISTIC UNIVERSITY\SEMESTER 2\Machine Learning\Sentiment-Analysis_ML\data\raw\MVSA_Single\data\2152.jpg
MVSA_Single/data/3178.jpg,neutral,1,1,C:\Users\user\OneDrive\Desktop\KUHNE LOGISTIC UNIVERSITY\SEMESTER 2\Machine Learning\Sentiment-Analysis_ML\data\raw\MVSA_Single\data\3178.jpg
MVSA_Single/data/1261.jpg,neutral,1,1,C:\Users\user\OneDrive\Desktop\KUHNE LOGISTIC UNIVERSITY\SEMESTER 2\Machine Learning\Sentiment-Analysis_ML\data\raw\MVSA_Single\data\1261.jpg
MVSA_Single/data/1379.jpg,negative,0,0,C:\Users\user\OneDrive\Desktop\KUHNE LOGISTIC UNIVERSITY\SEMESTER 2\Machine Learning\Sentiment-Analysis_ML\data\raw\MVSA_Single\data\1379.jpg
MVSA_Single/data/4309.jpg,neutral,1,1,C:\Users\user\OneDrive\Desktop\KUHNE LOGISTIC UNIVERSITY\SEMESTER 2\Machine Learning\Sentiment-Analysis_ML\data\raw\MVSA_Single\data\4309.jpg
MVSA_Single/data/4858.jpg,negative,0,0,C:\Users\user\OneDrive\Desktop\KUHNE LOGISTIC UNIVERSITY\SEMESTER 2\Machine Learning\Sentiment-Analysis_ML\data\raw\MVSA_Single\data\4858.jpg
MVSA_Single/data/1554.jpg,positive,2,2,C:\Users\user\OneDrive\Desktop\KUHNE LOGISTIC UNIVERSITY\SEMESTER 2\Machine Learning\Sentiment-Analysis_ML\data\raw\MVSA_Single\data\1554.jpg
MVSA_Single/data/4114.jpg,negative,0,0,C:\Users\user\OneDrive\Desktop\KUHNE LOGISTIC UNIVERSITY\SEMESTER 2\Machine Learning\Sentiment-Analysis_ML\data\raw\MVSA_Single\data\4114.jpg
MVSA_Single/data/567.jpg,positive,2,2,C:\Users\user\OneDrive\Desktop\KUHNE LOGISTIC UNIVERSITY\SEMESTER 2\Machine Learning\Sentiment-Analysis_ML\data\raw\MVSA_Single\data\567.jpg
MVSA_Single/data/1334.jpg,positive,2,2,C:\Users\user\OneDrive\Desktop\KUHNE LOGISTIC UNIVERSITY\SEMESTER 2\Machine Learning\Sentiment-Analysis_ML\data\raw\MVSA_Single\data\1334.jpg
MVSA_Single/data/1440.jpg,positive,2,2,C:\Users\user\OneDrive\Desktop\KUHNE LOGISTIC UNIVERSITY\SEMESTER 2\Machine Learning\Sentiment-Analysis_ML\data\raw\MVSA_Single\data\1440.jpg
MVSA_Single/data/1566.jpg,negative,0,0,C:\Users\user\OneDrive\Desktop\KUHNE LOGISTIC UNIVERSITY\SEMESTER 2\Machine Learning\Sentiment-Analysis_ML\data\raw\MVSA_Single\data\1566.jpg
MVSA_Single/data/1762.jpg,negative,0,0,C:\Users\user\OneDrive\Desktop\KUHNE LOGISTIC UNIVERSITY\SEMESTER 2\Machine Learning\Sentiment-Analysis_ML\data\raw\MVSA_Single\data\1762.jpg
MVSA_Single/data/1934.jpg,positive,2,2,C:\Users\user\OneDrive\Desktop\KUHNE LOGISTIC UNIVERSITY\SEMESTER 2\Machine Learning\Sentiment-Analysis_ML\data\raw\MVSA_Single\data\1934.jpg
MVSA_Single/data/3537.jpg,neutral,1,1,C:\Users\user\OneDrive\Desktop\KUHNE LOGISTIC UNIVERSITY\SEMESTER 2\Machine Learning\Sentiment-Analysis_ML\data\raw\MVSA_Single\data\3537.jpg
MVSA_Single/data/3862.jpg,positive,2,2,C:\Users\user\OneDrive\Desktop\KUHNE LOGISTIC UNIVERSITY\SEMESTER 2\Machine Learning\Sentiment-Analysis_ML\data\raw\MVSA_Single\data\3862.jpg
MVSA_Single/data/81.jpg,positive,2,2,C:\Users\user\OneDrive\Desktop\KUHNE LOGISTIC UNIVERSITY\SEMESTER 2\Machine Learning\Sentiment-Analysis_ML\data\raw\MVSA_Single\data\81.jpg
MVSA_Single/data/1579.jpg,neutral,1,1,C:\Users\user\OneDrive\Desktop\KUHNE LOGISTIC UNIVERSITY\SEMESTER 2\Machine Learning\Sentiment-Analysis_ML\data\raw\MVSA_Single\data\1579.jpg
MVSA_Single/data/4452.jpg,negative,0,0,C:\Users\user\OneDrive\Desktop\KUHNE LOGISTIC UNIVERSITY\SEMESTER 2\Machine Learning\Sentiment-Analysis_ML\data\raw\MVSA_Single\data\4452.jpg
MVSA_Single/data/2990.jpg,positive,2,2,C:\Users\user\OneDrive\Desktop\KUHNE LOGISTIC UNIVERSITY\SEMESTER 2\Machine Learning\Sentiment-Analysis_ML\data\raw\MVSA_Single\data\2990.jpg
MVSA_Single/data/235.jpg,positive,2,2,C:\Users\user\OneDrive\Desktop\KUHNE LOGISTIC UNIVERSITY\SEMESTER 2\Machine Learning\Sentiment-Analysis_ML\data\raw\MVSA_Single\data\235.jpg
MVSA_Single/data/4699.jpg,positive,2,2,C:\Users\user\OneDrive\Desktop\KUHNE LOGISTIC UNIVERSITY\SEMESTER 2\Machine Learning\Sentiment-Analysis_ML\data\raw\MVSA_Single\data\4699.jpg
MVSA_Single/data/433.jpg,neutral,1,1,C:\Users\user\OneDrive\Desktop\KUHNE LOGISTIC UNIVERSITY\SEMESTER 2\Machine Learning\Sentiment-Analysis_ML\data\raw\MVSA_Single\data\433.jpg
MVSA_Single/data/1385.jpg,positive,2,2,C:\Users\user\OneDrive\Desktop\KUHNE LOGISTIC UNIVERSITY\SEMESTER 2\Machine Learning\Sentiment-Analysis_ML\data\raw\MVSA_Single\data\1385.jpg
MVSA_Single/data/3984.jpg,negative,0,0,C:\Users\user\OneDrive\Desktop\KUHNE LOGISTIC UNIVERSITY\SEMESTER 2\Machine Learning\Sentiment-Analysis_ML\data\raw\MVSA_Single\data\3984.jpg
MVSA_Single/data/645.jpg,positive,2,2,C:\Users\user\OneDrive\Desktop\KUHNE LOGISTIC UNIVERSITY\SEMESTER 2\Machine Learning\Sentiment-Analysis_ML\data\raw\MVSA_Single\data\645.jpg
MVSA_Single/data/3152.jpg,positive,2,2,C:\Users\user\OneDrive\Desktop\KUHNE LOGISTIC UNIVERSITY\SEMESTER 2\Machine Learning\Sentiment-Analysis_ML\data\raw\MVSA_Single\data\3152.jpg
MVSA_Single/data/1945.jpg,negative,0,0,C:\Users\user\OneDrive\Desktop\KUHNE LOGISTIC UNIVERSITY\SEMESTER 2\Machine Learning\Sentiment-Analysis_ML\data\raw\MVSA_Single\data\1945.jpg
MVSA_Single/data/2360.jpg,neutral,1,1,C:\Users\user\OneDrive\Desktop\KUHNE LOGISTIC UNIVERSITY\SEMESTER 2\Machine Learning\Sentiment-Analysis_ML\data\raw\MVSA_Single\data\2360.jpg
MVSA_Single/data/3460.jpg,neutral,1,1,C:\Users\user\OneDrive\Desktop\KUHNE LOGISTIC UNIVERSITY\SEMESTER 2\Machine Learning\Sentiment-Analysis_ML\data\raw\MVSA_Single\data\3460.jpg
MVSA_Single/data/2883.jpg,positive,2,2,C:\Users\user\OneDrive\Desktop\KUHNE LOGISTIC UNIVERSITY\SEMESTER 2\Machine Learning\Sentiment-Analysis_ML\data\raw\MVSA_Single\data\2883.jpg
MVSA_Single/data/3795.jpg,neutral,1,1,C:\Users\user\OneDrive\Desktop\KUHNE LOGISTIC UNIVERSITY\SEMESTER 2\Machine Learning\Sentiment-Analysis_ML\data\raw\MVSA_Single\data\3795.jpg
MVSA_Single/data/4420.jpg,negative,0,0,C:\Users\user\OneDrive\Desktop\KUHNE LOGISTIC UNIVERSITY\SEMESTER 2\Machine Learning\Sentiment-Analysis_ML\data\raw\MVSA_Single\data\4420.jpg
MVSA_Single/data/1246.jpg,negative,0,0,C:\Users\user\OneDrive\Desktop\KUHNE LOGISTIC UNIVERSITY\SEMESTER 2\Machine Learning\Sentiment-Analysis_ML\data\raw\MVSA_Single\data\1246.jpg
MVSA_Single/data/487.jpg,positive,2,2,C:\Users\user\OneDrive\Desktop\KUHNE LOGISTIC UNIVERSITY\SEMESTER 2\Machine Learning\Sentiment-Analysis_ML\data\raw\MVSA_Single\data\487.jpg
MVSA_Single/data/655.jpg,positive,2,2,C:\Users\user\OneDrive\Desktop\KUHNE LOGISTIC UNIVERSITY\SEMESTER 2\Machine Learning\Sentiment-Analysis_ML\data\raw\MVSA_Single\data\655.jpg
MVSA_Single/data/812.jpg,positive,2,2,C:\Users\user\OneDrive\Desktop\KUHNE LOGISTIC UNIVERSITY\SEMESTER 2\Machine Learning\Sentiment-Analysis_ML\data\raw\MVSA_Single\data\812.jpg
MVSA_Single/data/2380.jpg,positive,2,2,C:\Users\user\OneDrive\Desktop\KUHNE LOGISTIC UNIVERSITY\SEMESTER 2\Machine Learning\Sentiment-Analysis_ML\data\raw\MVSA_Single\data\2380.jpg
MVSA_Single/data/3731.jpg,neutral,1,1,C:\Users\user\OneDrive\Desktop\KUHNE LOGISTIC UNIVERSITY\SEMESTER 2\Machine Learning\Sentiment-Analysis_ML\data\raw\MVSA_Single\data\3731.jpg
MVSA_Single/data/4147.jpg,neutral,1,1,C:\Users\user\OneDrive\Desktop\KUHNE LOGISTIC UNIVERSITY\SEMESTER 2\Machine Learning\Sentiment-Analysis_ML\data\raw\MVSA_Single\data\4147.jpg
MVSA_Single/data/549.jpg,positive,2,2,C:\Users\user\OneDrive\Desktop\KUHNE LOGISTIC UNIVERSITY\SEMESTER 2\Machine Learning\Sentiment-Analysis_ML\data\raw\MVSA_Single\data\549.jpg
MVSA_Single/data/4989.jpg,negative,0,0,C:\Users\user\OneDrive\Desktop\KUHNE LOGISTIC UNIVERSITY\SEMESTER 2\Machine Learning\Sentiment-Analysis_ML\data\raw\MVSA_Single\data\4989.jpg
MVSA_Single/data/1547.jpg,negative,0,0,C:\Users\user\OneDrive\Desktop\KUHNE LOGISTIC UNIVERSITY\SEMESTER 2\Machine Learning\Sentiment-Analysis_ML\data\raw\MVSA_Single\data\1547.jpg
MVSA_Single/data/545.jpg,positive,2,2,C:\Users\user\OneDrive\Desktop\KUHNE LOGISTIC UNIVERSITY\SEMESTER 2\Machine Learning\Sentiment-Analysis_ML\data\raw\MVSA_Single\data\545.jpg
MVSA_Single/data/3181.jpg,neutral,1,1,C:\Users\user\OneDrive\Desktop\KUHNE LOGISTIC UNIVERSITY\SEMESTER 2\Machine Learning\Sentiment-Analysis_ML\data\raw\MVSA_Single\data\3181.jpg
MVSA_Single/data/644.jpg,positive,2,2,C:\Users\user\OneDrive\Desktop\KUHNE LOGISTIC UNIVERSITY\SEMESTER 2\Machine Learning\Sentiment-Analysis_ML\data\raw\MVSA_Single\data\644.jpg
MVSA_Single/data/2667.jpg,negative,0,0,C:\Users\user\OneDrive\Desktop\KUHNE LOGISTIC UNIVERSITY\SEMESTER 2\Machine Learning\Sentiment-Analysis_ML\data\raw\MVSA_Single\data\2667.jpg
MVSA_Single/data/3143.jpg,positive,2,2,C:\Users\user\OneDrive\Desktop\KUHNE LOGISTIC UNIVERSITY\SEMESTER 2\Machine Learning\Sentiment-Analysis_ML\data\raw\MVSA_Single\data\3143.jpg
MVSA_Single/data/3700.jpg,positive,2,2,C:\Users\user\OneDrive\Desktop\KUHNE LOGISTIC UNIVERSITY\SEMESTER 2\Machine Learning\Sentiment-Analysis_ML\data\raw\MVSA_Single\data\3700.jpg
MVSA_Single/data/4788.jpg,positive,2,2,C:\Users\user\OneDrive\Desktop\KUHNE LOGISTIC UNIVERSITY\SEMESTER 2\Machine Learning\Sentiment-Analysis_ML\data\raw\MVSA_Single\data\4788.jpg
MVSA_Single/data/506.jpg,positive,2,2,C:\Users\user\OneDrive\Desktop\KUHNE LOGISTIC UNIVERSITY\SEMESTER 2\Machine Learning\Sentiment-Analysis_ML\data\raw\MVSA_Single\data\506.jpg
MVSA_Single/data/971.jpg,positive,2,2,C:\Users\user\OneDrive\Desktop\KUHNE LOGISTIC UNIVERSITY\SEMESTER 2\Machine Learning\Sentiment-Analysis_ML\data\raw\MVSA_Single\data\971.jpg
MVSA_Single/data/298.jpg,positive,2,2,C:\Users\user\OneDrive\Desktop\KUHNE LOGISTIC UNIVERSITY\SEMESTER 2\Machine Learning\Sentiment-Analysis_ML\data\raw\MVSA_Single\data\298.jpg
MVSA_Single/data/3668.jpg,negative,0,0,C:\Users\user\OneDrive\Desktop\KUHNE LOGISTIC UNIVERSITY\SEMESTER 2\Machine Learning\Sentiment-Analysis_ML\data\raw\MVSA_Single\data\3668.jpg
MVSA_Single/data/197.jpg,positive,2,2,C:\Users\user\OneDrive\Desktop\KUHNE LOGISTIC UNIVERSITY\SEMESTER 2\Machine Learning\Sentiment-Analysis_ML\data\raw\MVSA_Single\data\197.jpg
MVSA_Single/data/2469.jpg,positive,2,2,C:\Users\user\OneDrive\Desktop\KUHNE LOGISTIC UNIVERSITY\SEMESTER 2\Machine Learning\Sentiment-Analysis_ML\data\raw\MVSA_Single\data\2469.jpg
MVSA_Single/data/4540.jpg,positive,2,2,C:\Users\user\OneDrive\Desktop\KUHNE LOGISTIC UNIVERSITY\SEMESTER 2\Machine Learning\Sentiment-Analysis_ML\data\raw\MVSA_Single\data\4540.jpg
MVSA_Single/data/6.jpg,positive,2,2,C:\Users\user\OneDrive\Desktop\KUHNE LOGISTIC UNIVERSITY\SEMESTER 2\Machine Learning\Sentiment-Analysis_ML\data\raw\MVSA_Single\data\6.jpg
MVSA_Single/data/3935.jpg,negative,0,0,C:\Users\user\OneDrive\Desktop\KUHNE LOGISTIC UNIVERSITY\SEMESTER 2\Machine Learning\Sentiment-Analysis_ML\data\raw\MVSA_Single\data\3935.jpg
MVSA_Single/data/3475.jpg,positive,2,2,C:\Users\user\OneDrive\Desktop\KUHNE LOGISTIC UNIVERSITY\SEMESTER 2\Machine Learning\Sentiment-Analysis_ML\data\raw\MVSA_Single\data\3475.jpg
MVSA_Single/data/4524.jpg,neutral,1,1,C:\Users\user\OneDrive\Desktop\KUHNE LOGISTIC UNIVERSITY\SEMESTER 2\Machine Learning\Sentiment-Analysis_ML\data\raw\MVSA_Single\data\4524.jpg
MVSA_Single/data/5046.jpg,negative,0,0,C:\Users\user\OneDrive\Desktop\KUHNE LOGISTIC UNIVERSITY\SEMESTER 2\Machine Learning\Sentiment-Analysis_ML\data\raw\MVSA_Single\data\5046.jpg
MVSA_Single/data/4098.jpg,neutral,1,1,C:\Users\user\OneDrive\Desktop\KUHNE LOGISTIC UNIVERSITY\SEMESTER 2\Machine Learning\Sentiment-Analysis_ML\data\raw\MVSA_Single\data\4098.jpg
MVSA_Single/data/3085.jpg,positive,2,2,C:\Users\user\OneDrive\Desktop\KUHNE LOGISTIC UNIVERSITY\SEMESTER 2\Machine Learning\Sentiment-Analysis_ML\data\raw\MVSA_Single\data\3085.jpg
MVSA_Single/data/847.jpg,neutral,1,1,C:\Users\user\OneDrive\Desktop\KUHNE LOGISTIC UNIVERSITY\SEMESTER 2\Machine Learning\Sentiment-Analysis_ML\data\raw\MVSA_Single\data\847.jpg
MVSA_Single/data/752.jpg,neutral,1,1,C:\Users\user\OneDrive\Desktop\KUHNE LOGISTIC UNIVERSITY\SEMESTER 2\Machine Learning\Sentiment-Analysis_ML\data\raw\MVSA_Single\data\752.jpg
MVSA_Single/data/3150.jpg,negative,0,0,C:\Users\user\OneDrive\Desktop\KUHNE LOGISTIC UNIVERSITY\SEMESTER 2\Machine Learning\Sentiment-Analysis_ML\data\raw\MVSA_Single\data\3150.jpg
MVSA_Single/data/4459.jpg,positive,2,2,C:\Users\user\OneDrive\Desktop\KUHNE LOGISTIC UNIVERSITY\SEMESTER 2\Machine Learning\Sentiment-Analysis_ML\data\raw\MVSA_Single\data\4459.jpg
MVSA_Single/data/4925.jpg,neutral,1,1,C:\Users\user\OneDrive\Desktop\KUHNE LOGISTIC UNIVERSITY\SEMESTER 2\Machine Learning\Sentiment-Analysis_ML\data\raw\MVSA_Single\data\4925.jpg
MVSA_Single/data/2926.jpg,positive,2,2,C:\Users\user\OneDrive\Desktop\KUHNE LOGISTIC UNIVERSITY\SEMESTER 2\Machine Learning\Sentiment-Analysis_ML\data\raw\MVSA_Single\data\2926.jpg
MVSA_Single/data/3191.jpg,neutral,1,1,C:\Users\user\OneDrive\Desktop\KUHNE LOGISTIC UNIVERSITY\SEMESTER 2\Machine Learning\Sentiment-Analysis_ML\data\raw\MVSA_Single\data\3191.jpg
MVSA_Single/data/890.jpg,positive,2,2,C:\Users\user\OneDrive\Desktop\KUHNE LOGISTIC UNIVERSITY\SEMESTER 2\Machine Learning\Sentiment-Analysis_ML\data\raw\MVSA_Single\data\890.jpg
MVSA_Single/data/1030.jpg,positive,2,2,C:\Users\user\OneDrive\Desktop\KUHNE LOGISTIC UNIVERSITY\SEMESTER 2\Machine Learning\Sentiment-Analysis_ML\data\raw\MVSA_Single\data\1030.jpg
MVSA_Single/data/3865.jpg,positive,2,2,C:\Users\user\OneDrive\Desktop\KUHNE LOGISTIC UNIVERSITY\SEMESTER 2\Machine Learning\Sentiment-Analysis_ML\data\raw\MVSA_Single\data\3865.jpg
MVSA_Single/data/628.jpg,negative,0,0,C:\Users\user\OneDrive\Desktop\KUHNE LOGISTIC UNIVERSITY\SEMESTER 2\Machine Learning\Sentiment-Analysis_ML\data\raw\MVSA_Single\data\628.jpg
MVSA_Single/data/1265.jpg,negative,0,0,C:\Users\user\OneDrive\Desktop\KUHNE LOGISTIC UNIVERSITY\SEMESTER 2\Machine Learning\Sentiment-Analysis_ML\data\raw\MVSA_Single\data\1265.jpg
MVSA_Single/data/1014.jpg,negative,0,0,C:\Users\user\OneDrive\Desktop\KUHNE LOGISTIC UNIVERSITY\SEMESTER 2\Machine Learning\Sentiment-Analysis_ML\data\raw\MVSA_Single\data\1014.jpg
MVSA_Single/data/805.jpg,negative,0,0,C:\Users\user\OneDrive\Desktop\KUHNE LOGISTIC UNIVERSITY\SEMESTER 2\Machine Learning\Sentiment-Analysis_ML\data\raw\MVSA_Single\data\805.jpg
MVSA_Single/data/3545.jpg,negative,0,0,C:\Users\user\OneDrive\Desktop\KUHNE LOGISTIC UNIVERSITY\SEMESTER 2\Machine Learning\Sentiment-Analysis_ML\data\raw\MVSA_Single\data\3545.jpg
MVSA_Single/data/3017.jpg,neutral,1,1,C:\Users\user\OneDrive\Desktop\KUHNE LOGISTIC UNIVERSITY\SEMESTER 2\Machine Learning\Sentiment-Analysis_ML\data\raw\MVSA_Single\data\3017.jpg
MVSA_Single/data/3533.jpg,neutral,1,1,C:\Users\user\OneDrive\Desktop\KUHNE LOGISTIC UNIVERSITY\SEMESTER 2\Machine Learning\Sentiment-Analysis_ML\data\raw\MVSA_Single\data\3533.jpg
MVSA_Single/data/3441.jpg,positive,2,2,C:\Users\user\OneDrive\Desktop\KUHNE LOGISTIC UNIVERSITY\SEMESTER 2\Machine Learning\Sentiment-Analysis_ML\data\raw\MVSA_Single\data\3441.jpg
MVSA_Single/data/2056.jpg,neutral,1,1,C:\Users\user\OneDrive\Desktop\KUHNE LOGISTIC UNIVERSITY\SEMESTER 2\Machine Learning\Sentiment-Analysis_ML\data\raw\MVSA_Single\data\2056.jpg
MVSA_Single/data/5085.jpg,positive,2,2,C:\Users\user\OneDrive\Desktop\KUHNE LOGISTIC UNIVERSITY\SEMESTER 2\Machine Learning\Sentiment-Analysis_ML\data\raw\MVSA_Single\data\5085.jpg
MVSA_Single/data/1535.jpg,positive,2,2,C:\Users\user\OneDrive\Desktop\KUHNE LOGISTIC UNIVERSITY\SEMESTER 2\Machine Learning\Sentiment-Analysis_ML\data\raw\MVSA_Single\data\1535.jpg
MVSA_Single/data/5040.jpg,positive,2,2,C:\Users\user\OneDrive\Desktop\KUHNE LOGISTIC UNIVERSITY\SEMESTER 2\Machine Learning\Sentiment-Analysis_ML\data\raw\MVSA_Single\data\5040.jpg
MVSA_Single/data/2742.jpg,neutral,1,1,C:\Users\user\OneDrive\Desktop\KUHNE LOGISTIC UNIVERSITY\SEMESTER 2\Machine Learning\Sentiment-Analysis_ML\data\raw\MVSA_Single\data\2742.jpg
MVSA_Single/data/3642.jpg,positive,2,2,C:\Users\user\OneDrive\Desktop\KUHNE LOGISTIC UNIVERSITY\SEMESTER 2\Machine Learning\Sentiment-Analysis_ML\data\raw\MVSA_Single\data\3642.jpg
MVSA_Single/data/2863.jpg,positive,2,2,C:\Users\user\OneDrive\Desktop\KUHNE LOGISTIC UNIVERSITY\SEMESTER 2\Machine Learning\Sentiment-Analysis_ML\data\raw\MVSA_Single\data\2863.jpg
MVSA_Single/data/2880.jpg,positive,2,2,C:\Users\user\OneDrive\Desktop\KUHNE LOGISTIC UNIVERSITY\SEMESTER 2\Machine Learning\Sentiment-Analysis_ML\data\raw\MVSA_Single\data\2880.jpg
MVSA_Single/data/4027.jpg,positive,2,2,C:\Users\user\OneDrive\Desktop\KUHNE LOGISTIC UNIVERSITY\SEMESTER 2\Machine Learning\Sentiment-Analysis_ML\data\raw\MVSA_Single\data\4027.jpg
MVSA_Single/data/484.jpg,negative,0,0,C:\Users\user\OneDrive\Desktop\KUHNE LOGISTIC UNIVERSITY\SEMESTER 2\Machine Learning\Sentiment-Analysis_ML\data\raw\MVSA_Single\data\484.jpg
MVSA_Single/data/3081.jpg,positive,2,2,C:\Users\user\OneDrive\Desktop\KUHNE LOGISTIC UNIVERSITY\SEMESTER 2\Machine Learning\Sentiment-Analysis_ML\data\raw\MVSA_Single\data\3081.jpg
MVSA_Single/data/834.jpg,positive,2,2,C:\Users\user\OneDrive\Desktop\KUHNE LOGISTIC UNIVERSITY\SEMESTER 2\Machine Learning\Sentiment-Analysis_ML\data\raw\MVSA_Single\data\834.jpg
MVSA_Single/data/3553.jpg,negative,0,0,C:\Users\user\OneDrive\Desktop\KUHNE LOGISTIC UNIVERSITY\SEMESTER 2\Machine Learning\Sentiment-Analysis_ML\data\raw\MVSA_Single\data\3553.jpg
MVSA_Single/data/1258.jpg,positive,2,2,C:\Users\user\OneDrive\Desktop\KUHNE LOGISTIC UNIVERSITY\SEMESTER 2\Machine Learning\Sentiment-Analysis_ML\data\raw\MVSA_Single\data\1258.jpg
MVSA_Single/data/1941.jpg,positive,2,2,C:\Users\user\OneDrive\Desktop\KUHNE LOGISTIC UNIVERSITY\SEMESTER 2\Machine Learning\Sentiment-Analysis_ML\data\raw\MVSA_Single\data\1941.jpg
MVSA_Single/data/2944.jpg,neutral,1,1,C:\Users\user\OneDrive\Desktop\KUHNE LOGISTIC UNIVERSITY\SEMESTER 2\Machine Learning\Sentiment-Analysis_ML\data\raw\MVSA_Single\data\2944.jpg
MVSA_Single/data/4097.jpg,positive,2,2,C:\Users\user\OneDrive\Desktop\KUHNE LOGISTIC UNIVERSITY\SEMESTER 2\Machine Learning\Sentiment-Analysis_ML\data\raw\MVSA_Single\data\4097.jpg
MVSA_Single/data/3314.jpg,negative,0,0,C:\Users\user\OneDrive\Desktop\KUHNE LOGISTIC UNIVERSITY\SEMESTER 2\Machine Learning\Sentiment-Analysis_ML\data\raw\MVSA_Single\data\3314.jpg
MVSA_Single/data/1462.jpg,positive,2,2,C:\Users\user\OneDrive\Desktop\KUHNE LOGISTIC UNIVERSITY\SEMESTER 2\Machine Learning\Sentiment-Analysis_ML\data\raw\MVSA_Single\data\1462.jpg
MVSA_Single/data/4413.jpg,neutral,1,1,C:\Users\user\OneDrive\Desktop\KUHNE LOGISTIC UNIVERSITY\SEMESTER 2\Machine Learning\Sentiment-Analysis_ML\data\raw\MVSA_Single\data\4413.jpg
MVSA_Single/data/4901.jpg,neutral,1,1,C:\Users\user\OneDrive\Desktop\KUHNE LOGISTIC UNIVERSITY\SEMESTER 2\Machine Learning\Sentiment-Analysis_ML\data\raw\MVSA_Single\data\4901.jpg
MVSA_Single/data/2999.jpg,positive,2,2,C:\Users\user\OneDrive\Desktop\KUHNE LOGISTIC UNIVERSITY\SEMESTER 2\Machine Learning\Sentiment-Analysis_ML\data\raw\MVSA_Single\data\2999.jpg
MVSA_Single/data/3170.jpg,negative,0,0,C:\Users\user\OneDrive\Desktop\KUHNE LOGISTIC UNIVERSITY\SEMESTER 2\Machine Learning\Sentiment-Analysis_ML\data\raw\MVSA_Single\data\3170.jpg
MVSA_Single/data/2065.jpg,positive,2,2,C:\Users\user\OneDrive\Desktop\KUHNE LOGISTIC UNIVERSITY\SEMESTER 2\Machine Learning\Sentiment-Analysis_ML\data\raw\MVSA_Single\data\2065.jpg
MVSA_Single/data/4315.jpg,neutral,1,1,C:\Users\user\OneDrive\Desktop\KUHNE LOGISTIC UNIVERSITY\SEMESTER 2\Machine Learning\Sentiment-Analysis_ML\data\raw\MVSA_Single\data\4315.jpg
MVSA_Single/data/914.jpg,positive,2,2,C:\Users\user\OneDrive\Desktop\KUHNE LOGISTIC UNIVERSITY\SEMESTER 2\Machine Learning\Sentiment-Analysis_ML\data\raw\MVSA_Single\data\914.jpg
MVSA_Single/data/724.jpg,positive,2,2,C:\Users\user\OneDrive\Desktop\KUHNE LOGISTIC UNIVERSITY\SEMESTER 2\Machine Learning\Sentiment-Analysis_ML\data\raw\MVSA_Single\data\724.jpg
MVSA_Single/data/1088.jpg,positive,2,2,C:\Users\user\OneDrive\Desktop\KUHNE LOGISTIC UNIVERSITY\SEMESTER 2\Machine Learning\Sentiment-Analysis_ML\data\raw\MVSA_Single\data\1088.jpg
MVSA_Single/data/2548.jpg,negative,0,0,C:\Users\user\OneDrive\Desktop\KUHNE LOGISTIC UNIVERSITY\SEMESTER 2\Machine Learning\Sentiment-Analysis_ML\data\raw\MVSA_Single\data\2548.jpg
MVSA_Single/data/1555.jpg,positive,2,2,C:\Users\user\OneDrive\Desktop\KUHNE LOGISTIC UNIVERSITY\SEMESTER 2\Machine Learning\Sentiment-Analysis_ML\data\raw\MVSA_Single\data\1555.jpg
MVSA_Single/data/3156.jpg,positive,2,2,C:\Users\user\OneDrive\Desktop\KUHNE LOGISTIC UNIVERSITY\SEMESTER 2\Machine Learning\Sentiment-Analysis_ML\data\raw\MVSA_Single\data\3156.jpg
MVSA_Single/data/102.jpg,positive,2,2,C:\Users\user\OneDrive\Desktop\KUHNE LOGISTIC UNIVERSITY\SEMESTER 2\Machine Learning\Sentiment-Analysis_ML\data\raw\MVSA_Single\data\102.jpg
MVSA_Single/data/4661.jpg,positive,2,2,C:\Users\user\OneDrive\Desktop\KUHNE LOGISTIC UNIVERSITY\SEMESTER 2\Machine Learning\Sentiment-Analysis_ML\data\raw\MVSA_Single\data\4661.jpg
MVSA_Single/data/2701.jpg,positive,2,2,C:\Users\user\OneDrive\Desktop\KUHNE LOGISTIC UNIVERSITY\SEMESTER 2\Machine Learning\Sentiment-Analysis_ML\data\raw\MVSA_Single\data\2701.jpg
MVSA_Single/data/1454.jpg,positive,2,2,C:\Users\user\OneDrive\Desktop\KUHNE LOGISTIC UNIVERSITY\SEMESTER 2\Machine Learning\Sentiment-Analysis_ML\data\raw\MVSA_Single\data\1454.jpg
MVSA_Single/data/3386.jpg,positive,2,2,C:\Users\user\OneDrive\Desktop\KUHNE LOGISTIC UNIVERSITY\SEMESTER 2\Machine Learning\Sentiment-Analysis_ML\data\raw\MVSA_Single\data\3386.jpg
MVSA_Single/data/4290.jpg,neutral,1,1,C:\Users\user\OneDrive\Desktop\KUHNE LOGISTIC UNIVERSITY\SEMESTER 2\Machine Learning\Sentiment-Analysis_ML\data\raw\MVSA_Single\data\4290.jpg
MVSA_Single/data/594.jpg,positive,2,2,C:\Users\user\OneDrive\Desktop\KUHNE LOGISTIC UNIVERSITY\SEMESTER 2\Machine Learning\Sentiment-Analysis_ML\data\raw\MVSA_Single\data\594.jpg
MVSA_Single/data/1174.jpg,negative,0,0,C:\Users\user\OneDrive\Desktop\KUHNE LOGISTIC UNIVERSITY\SEMESTER 2\Machine Learning\Sentiment-Analysis_ML\data\raw\MVSA_Single\data\1174.jpg
MVSA_Single/data/3332.jpg,negative,0,0,C:\Users\user\OneDrive\Desktop\KUHNE LOGISTIC UNIVERSITY\SEMESTER 2\Machine Learning\Sentiment-Analysis_ML\data\raw\MVSA_Single\data\3332.jpg
MVSA_Single/data/3566.jpg,positive,2,2,C:\Users\user\OneDrive\Desktop\KUHNE LOGISTIC UNIVERSITY\SEMESTER 2\Machine Learning\Sentiment-Analysis_ML\data\raw\MVSA_Single\data\3566.jpg
MVSA_Single/data/4067.jpg,negative,0,0,C:\Users\user\OneDrive\Desktop\KUHNE LOGISTIC UNIVERSITY\SEMESTER 2\Machine Learning\Sentiment-Analysis_ML\data\raw\MVSA_Single\data\4067.jpg
MVSA_Single/data/3182.jpg,positive,2,2,C:\Users\user\OneDrive\Desktop\KUHNE LOGISTIC UNIVERSITY\SEMESTER 2\Machine Learning\Sentiment-Analysis_ML\data\raw\MVSA_Single\data\3182.jpg
MVSA_Single/data/1678.jpg,positive,2,2,C:\Users\user\OneDrive\Desktop\KUHNE LOGISTIC UNIVERSITY\SEMESTER 2\Machine Learning\Sentiment-Analysis_ML\data\raw\MVSA_Single\data\1678.jpg
MVSA_Single/data/343.jpg,neutral,1,1,C:\Users\user\OneDrive\Desktop\KUHNE LOGISTIC UNIVERSITY\SEMESTER 2\Machine Learning\Sentiment-Analysis_ML\data\raw\MVSA_Single\data\343.jpg
MVSA_Single/data/377.jpg,negative,0,0,C:\Users\user\OneDrive\Desktop\KUHNE LOGISTIC UNIVERSITY\SEMESTER 2\Machine Learning\Sentiment-Analysis_ML\data\raw\MVSA_Single\data\377.jpg
MVSA_Single/data/2924.jpg,neutral,1,1,C:\Users\user\OneDrive\Desktop\KUHNE LOGISTIC UNIVERSITY\SEMESTER 2\Machine Learning\Sentiment-Analysis_ML\data\raw\MVSA_Single\data\2924.jpg
MVSA_Single/data/2145.jpg,positive,2,2,C:\Users\user\OneDrive\Desktop\KUHNE LOGISTIC UNIVERSITY\SEMESTER 2\Machine Learning\Sentiment-Analysis_ML\data\raw\MVSA_Single\data\2145.jpg
MVSA_Single/data/2143.jpg,neutral,1,1,C:\Users\user\OneDrive\Desktop\KUHNE LOGISTIC UNIVERSITY\SEMESTER 2\Machine Learning\Sentiment-Analysis_ML\data\raw\MVSA_Single\data\2143.jpg
MVSA_Single/data/1291.jpg,positive,2,2,C:\Users\user\OneDrive\Desktop\KUHNE LOGISTIC UNIVERSITY\SEMESTER 2\Machine Learning\Sentiment-Analysis_ML\data\raw\MVSA_Single\data\1291.jpg
MVSA_Single/data/2693.jpg,negative,0,0,C:\Users\user\OneDrive\Desktop\KUHNE LOGISTIC UNIVERSITY\SEMESTER 2\Machine Learning\Sentiment-Analysis_ML\data\raw\MVSA_Single\data\2693.jpg
MVSA_Single/data/1188.jpg,neutral,1,1,C:\Users\user\OneDrive\Desktop\KUHNE LOGISTIC UNIVERSITY\SEMESTER 2\Machine Learning\Sentiment-Analysis_ML\data\raw\MVSA_Single\data\1188.jpg
MVSA_Single/data/604.jpg,positive,2,2,C:\Users\user\OneDrive\Desktop\KUHNE LOGISTIC UNIVERSITY\SEMESTER 2\Machine Learning\Sentiment-Analysis_ML\data\raw\MVSA_Single\data\604.jpg
MVSA_Single/data/4347.jpg,negative,0,0,C:\Users\user\OneDrive\Desktop\KUHNE LOGISTIC UNIVERSITY\SEMESTER 2\Machine Learning\Sentiment-Analysis_ML\data\raw\MVSA_Single\data\4347.jpg
MVSA_Single/data/2928.jpg,positive,2,2,C:\Users\user\OneDrive\Desktop\KUHNE LOGISTIC UNIVERSITY\SEMESTER 2\Machine Learning\Sentiment-Analysis_ML\data\raw\MVSA_Single\data\2928.jpg
MVSA_Single/data/1259.jpg,neutral,1,1,C:\Users\user\OneDrive\Desktop\KUHNE LOGISTIC UNIVERSITY\SEMESTER 2\Machine Learning\Sentiment-Analysis_ML\data\raw\MVSA_Single\data\1259.jpg
MVSA_Single/data/3404.jpg,positive,2,2,C:\Users\user\OneDrive\Desktop\KUHNE LOGISTIC UNIVERSITY\SEMESTER 2\Machine Learning\Sentiment-Analysis_ML\data\raw\MVSA_Single\data\3404.jpg
MVSA_Single/data/3991.jpg,positive,2,2,C:\Users\user\OneDrive\Desktop\KUHNE LOGISTIC UNIVERSITY\SEMESTER 2\Machine Learning\Sentiment-Analysis_ML\data\raw\MVSA_Single\data\3991.jpg
MVSA_Single/data/1902.jpg,negative,0,0,C:\Users\user\OneDrive\Desktop\KUHNE LOGISTIC UNIVERSITY\SEMESTER 2\Machine Learning\Sentiment-Analysis_ML\data\raw\MVSA_Single\data\1902.jpg
MVSA_Single/data/769.jpg,positive,2,2,C:\Users\user\OneDrive\Desktop\KUHNE LOGISTIC UNIVERSITY\SEMESTER 2\Machine Learning\Sentiment-Analysis_ML\data\raw\MVSA_Single\data\769.jpg
MVSA_Single/data/105.jpg,neutral,1,1,C:\Users\user\OneDrive\Desktop\KUHNE LOGISTIC UNIVERSITY\SEMESTER 2\Machine Learning\Sentiment-Analysis_ML\data\raw\MVSA_Single\data\105.jpg
MVSA_Single/data/1396.jpg,negative,0,0,C:\Users\user\OneDrive\Desktop\KUHNE LOGISTIC UNIVERSITY\SEMESTER 2\Machine Learning\Sentiment-Analysis_ML\data\raw\MVSA_Single\data\1396.jpg
MVSA_Single/data/140.jpg,neutral,1,1,C:\Users\user\OneDrive\Desktop\KUHNE LOGISTIC UNIVERSITY\SEMESTER 2\Machine Learning\Sentiment-Analysis_ML\data\raw\MVSA_Single\data\140.jpg
MVSA_Single/data/1766.jpg,positive,2,2,C:\Users\user\OneDrive\Desktop\KUHNE LOGISTIC UNIVERSITY\SEMESTER 2\Machine Learning\Sentiment-Analysis_ML\data\raw\MVSA_Single\data\1766.jpg
MVSA_Single/data/3975.jpg,neutral,1,1,C:\Users\user\OneDrive\Desktop\KUHNE LOGISTIC UNIVERSITY\SEMESTER 2\Machine Learning\Sentiment-Analysis_ML\data\raw\MVSA_Single\data\3975.jpg
MVSA_Single/data/1073.jpg,neutral,1,1,C:\Users\user\OneDrive\Desktop\KUHNE LOGISTIC UNIVERSITY\SEMESTER 2\Machine Learning\Sentiment-Analysis_ML\data\raw\MVSA_Single\data\1073.jpg
MVSA_Single/data/1690.jpg,positive,2,2,C:\Users\user\OneDrive\Desktop\KUHNE LOGISTIC UNIVERSITY\SEMESTER 2\Machine Learning\Sentiment-Analysis_ML\data\raw\MVSA_Single\data\1690.jpg
MVSA_Single/data/1764.jpg,positive,2,2,C:\Users\user\OneDrive\Desktop\KUHNE LOGISTIC UNIVERSITY\SEMESTER 2\Machine Learning\Sentiment-Analysis_ML\data\raw\MVSA_Single\data\1764.jpg
MVSA_Single/data/1202.jpg,negative,0,0,C:\Users\user\OneDrive\Desktop\KUHNE LOGISTIC UNIVERSITY\SEMESTER 2\Machine Learning\Sentiment-Analysis_ML\data\raw\MVSA_Single\data\1202.jpg
MVSA_Single/data/575.jpg,negative,0,0,C:\Users\user\OneDrive\Desktop\KUHNE LOGISTIC UNIVERSITY\SEMESTER 2\Machine Learning\Sentiment-Analysis_ML\data\raw\MVSA_Single\data\575.jpg
MVSA_Single/data/2072.jpg,positive,2,2,C:\Users\user\OneDrive\Desktop\KUHNE LOGISTIC UNIVERSITY\SEMESTER 2\Machine Learning\Sentiment-Analysis_ML\data\raw\MVSA_Single\data\2072.jpg
MVSA_Single/data/4509.jpg,neutral,1,1,C:\Users\user\OneDrive\Desktop\KUHNE LOGISTIC UNIVERSITY\SEMESTER 2\Machine Learning\Sentiment-Analysis_ML\data\raw\MVSA_Single\data\4509.jpg
MVSA_Single/data/1424.jpg,positive,2,2,C:\Users\user\OneDrive\Desktop\KUHNE LOGISTIC UNIVERSITY\SEMESTER 2\Machine Learning\Sentiment-Analysis_ML\data\raw\MVSA_Single\data\1424.jpg
MVSA_Single/data/910.jpg,negative,0,0,C:\Users\user\OneDrive\Desktop\KUHNE LOGISTIC UNIVERSITY\SEMESTER 2\Machine Learning\Sentiment-Analysis_ML\data\raw\MVSA_Single\data\910.jpg
MVSA_Single/data/3622.jpg,positive,2,2,C:\Users\user\OneDrive\Desktop\KUHNE LOGISTIC UNIVERSITY\SEMESTER 2\Machine Learning\Sentiment-Analysis_ML\data\raw\MVSA_Single\data\3622.jpg
MVSA_Single/data/1823.jpg,negative,0,0,C:\Users\user\OneDrive\Desktop\KUHNE LOGISTIC UNIVERSITY\SEMESTER 2\Machine Learning\Sentiment-Analysis_ML\data\raw\MVSA_Single\data\1823.jpg
MVSA_Single/data/4525.jpg,negative,0,0,C:\Users\user\OneDrive\Desktop\KUHNE LOGISTIC UNIVERSITY\SEMESTER 2\Machine Learning\Sentiment-Analysis_ML\data\raw\MVSA_Single\data\4525.jpg
MVSA_Single/data/2362.jpg,negative,0,0,C:\Users\user\OneDrive\Desktop\KUHNE LOGISTIC UNIVERSITY\SEMESTER 2\Machine Learning\Sentiment-Analysis_ML\data\raw\MVSA_Single\data\2362.jpg
MVSA_Single/data/3295.jpg,positive,2,2,C:\Users\user\OneDrive\Desktop\KUHNE LOGISTIC UNIVERSITY\SEMESTER 2\Machine Learning\Sentiment-Analysis_ML\data\raw\MVSA_Single\data\3295.jpg
MVSA_Single/data/830.jpg,negative,0,0,C:\Users\user\OneDrive\Desktop\KUHNE LOGISTIC UNIVERSITY\SEMESTER 2\Machine Learning\Sentiment-Analysis_ML\data\raw\MVSA_Single\data\830.jpg
MVSA_Single/data/3347.jpg,negative,0,0,C:\Users\user\OneDrive\Desktop\KUHNE LOGISTIC UNIVERSITY\SEMESTER 2\Machine Learning\Sentiment-Analysis_ML\data\raw\MVSA_Single\data\3347.jpg
MVSA_Single/data/1080.jpg,positive,2,2,C:\Users\user\OneDrive\Desktop\KUHNE LOGISTIC UNIVERSITY\SEMESTER 2\Machine Learning\Sentiment-Analysis_ML\data\raw\MVSA_Single\data\1080.jpg
MVSA_Single/data/3799.jpg,positive,2,2,C:\Users\user\OneDrive\Desktop\KUHNE LOGISTIC UNIVERSITY\SEMESTER 2\Machine Learning\Sentiment-Analysis_ML\data\raw\MVSA_Single\data\3799.jpg
MVSA_Single/data/2557.jpg,positive,2,2,C:\Users\user\OneDrive\Desktop\KUHNE LOGISTIC UNIVERSITY\SEMESTER 2\Machine Learning\Sentiment-Analysis_ML\data\raw\MVSA_Single\data\2557.jpg
MVSA_Single/data/1839.jpg,negative,0,0,C:\Users\user\OneDrive\Desktop\KUHNE LOGISTIC UNIVERSITY\SEMESTER 2\Machine Learning\Sentiment-Analysis_ML\data\raw\MVSA_Single\data\1839.jpg
MVSA_Single/data/4935.jpg,positive,2,2,C:\Users\user\OneDrive\Desktop\KUHNE LOGISTIC UNIVERSITY\SEMESTER 2\Machine Learning\Sentiment-Analysis_ML\data\raw\MVSA_Single\data\4935.jpg
MVSA_Single/data/1358.jpg,positive,2,2,C:\Users\user\OneDrive\Desktop\KUHNE LOGISTIC UNIVERSITY\SEMESTER 2\Machine Learning\Sentiment-Analysis_ML\data\raw\MVSA_Single\data\1358.jpg
MVSA_Single/data/4321.jpg,positive,2,2,C:\Users\user\OneDrive\Desktop\KUHNE LOGISTIC UNIVERSITY\SEMESTER 2\Machine Learning\Sentiment-Analysis_ML\data\raw\MVSA_Single\data\4321.jpg
MVSA_Single/data/4186.jpg,neutral,1,1,C:\Users\user\OneDrive\Desktop\KUHNE LOGISTIC UNIVERSITY\SEMESTER 2\Machine Learning\Sentiment-Analysis_ML\data\raw\MVSA_Single\data\4186.jpg
MVSA_Single/data/1794.jpg,positive,2,2,C:\Users\user\OneDrive\Desktop\KUHNE LOGISTIC UNIVERSITY\SEMESTER 2\Machine Learning\Sentiment-Analysis_ML\data\raw\MVSA_Single\data\1794.jpg
MVSA_Single/data/1101.jpg,positive,2,2,C:\Users\user\OneDrive\Desktop\KUHNE LOGISTIC UNIVERSITY\SEMESTER 2\Machine Learning\Sentiment-Analysis_ML\data\raw\MVSA_Single\data\1101.jpg
MVSA_Single/data/1893.jpg,negative,0,0,C:\Users\user\OneDrive\Desktop\KUHNE LOGISTIC UNIVERSITY\SEMESTER 2\Machine Learning\Sentiment-Analysis_ML\data\raw\MVSA_Single\data\1893.jpg
MVSA_Single/data/4188.jpg,negative,0,0,C:\Users\user\OneDrive\Desktop\KUHNE LOGISTIC UNIVERSITY\SEMESTER 2\Machine Learning\Sentiment-Analysis_ML\data\raw\MVSA_Single\data\4188.jpg
MVSA_Single/data/559.jpg,neutral,1,1,C:\Users\user\OneDrive\Desktop\KUHNE LOGISTIC UNIVERSITY\SEMESTER 2\Machine Learning\Sentiment-Analysis_ML\data\raw\MVSA_Single\data\559.jpg
MVSA_Single/data/1051.jpg,neutral,1,1,C:\Users\user\OneDrive\Desktop\KUHNE LOGISTIC UNIVERSITY\SEMESTER 2\Machine Learning\Sentiment-Analysis_ML\data\raw\MVSA_Single\data\1051.jpg
MVSA_Single/data/2577.jpg,negative,0,0,C:\Users\user\OneDrive\Desktop\KUHNE LOGISTIC UNIVERSITY\SEMESTER 2\Machine Learning\Sentiment-Analysis_ML\data\raw\MVSA_Single\data\2577.jpg
MVSA_Single/data/1574.jpg,neutral,1,1,C:\Users\user\OneDrive\Desktop\KUHNE LOGISTIC UNIVERSITY\SEMESTER 2\Machine Learning\Sentiment-Analysis_ML\data\raw\MVSA_Single\data\1574.jpg
MVSA_Single/data/3235.jpg,positive,2,2,C:\Users\user\OneDrive\Desktop\KUHNE LOGISTIC UNIVERSITY\SEMESTER 2\Machine Learning\Sentiment-Analysis_ML\data\raw\MVSA_Single\data\3235.jpg
MVSA_Single/data/2124.jpg,negative,0,0,C:\Users\user\OneDrive\Desktop\KUHNE LOGISTIC UNIVERSITY\SEMESTER 2\Machine Learning\Sentiment-Analysis_ML\data\raw\MVSA_Single\data\2124.jpg
MVSA_Single/data/4039.jpg,positive,2,2,C:\Users\user\OneDrive\Desktop\KUHNE LOGISTIC UNIVERSITY\SEMESTER 2\Machine Learning\Sentiment-Analysis_ML\data\raw\MVSA_Single\data\4039.jpg
MVSA_Single/data/1706.jpg,positive,2,2,C:\Users\user\OneDrive\Desktop\KUHNE LOGISTIC UNIVERSITY\SEMESTER 2\Machine Learning\Sentiment-Analysis_ML\data\raw\MVSA_Single\data\1706.jpg
MVSA_Single/data/406.jpg,positive,2,2,C:\Users\user\OneDrive\Desktop\KUHNE LOGISTIC UNIVERSITY\SEMESTER 2\Machine Learning\Sentiment-Analysis_ML\data\raw\MVSA_Single\data\406.jpg
MVSA_Single/data/1883.jpg,negative,0,0,C:\Users\user\OneDrive\Desktop\KUHNE LOGISTIC UNIVERSITY\SEMESTER 2\Machine Learning\Sentiment-Analysis_ML\data\raw\MVSA_Single\data\1883.jpg
MVSA_Single/data/3750.jpg,negative,0,0,C:\Users\user\OneDrive\Desktop\KUHNE LOGISTIC UNIVERSITY\SEMESTER 2\Machine Learning\Sentiment-Analysis_ML\data\raw\MVSA_Single\data\3750.jpg
MVSA_Single/data/1611.jpg,positive,2,2,C:\Users\user\OneDrive\Desktop\KUHNE LOGISTIC UNIVERSITY\SEMESTER 2\Machine Learning\Sentiment-Analysis_ML\data\raw\MVSA_Single\data\1611.jpg
MVSA_Single/data/4257.jpg,positive,2,2,C:\Users\user\OneDrive\Desktop\KUHNE LOGISTIC UNIVERSITY\SEMESTER 2\Machine Learning\Sentiment-Analysis_ML\data\raw\MVSA_Single\data\4257.jpg
MVSA_Single/data/2168.jpg,positive,2,2,C:\Users\user\OneDrive\Desktop\KUHNE LOGISTIC UNIVERSITY\SEMESTER 2\Machine Learning\Sentiment-Analysis_ML\data\raw\MVSA_Single\data\2168.jpg
MVSA_Single/data/1938.jpg,positive,2,2,C:\Users\user\OneDrive\Desktop\KUHNE LOGISTIC UNIVERSITY\SEMESTER 2\Machine Learning\Sentiment-Analysis_ML\data\raw\MVSA_Single\data\1938.jpg
MVSA_Single/data/3698.jpg,positive,2,2,C:\Users\user\OneDrive\Desktop\KUHNE LOGISTIC UNIVERSITY\SEMESTER 2\Machine Learning\Sentiment-Analysis_ML\data\raw\MVSA_Single\data\3698.jpg
MVSA_Single/data/4953.jpg,positive,2,2,C:\Users\user\OneDrive\Desktop\KUHNE LOGISTIC UNIVERSITY\SEMESTER 2\Machine Learning\Sentiment-Analysis_ML\data\raw\MVSA_Single\data\4953.jpg
MVSA_Single/data/5080.jpg,positive,2,2,C:\Users\user\OneDrive\Desktop\KUHNE LOGISTIC UNIVERSITY\SEMESTER 2\Machine Learning\Sentiment-Analysis_ML\data\raw\MVSA_Single\data\5080.jpg
MVSA_Single/data/1571.jpg,negative,0,0,C:\Users\user\OneDrive\Desktop\KUHNE LOGISTIC UNIVERSITY\SEMESTER 2\Machine Learning\Sentiment-Analysis_ML\data\raw\MVSA_Single\data\1571.jpg
MVSA_Single/data/3821.jpg,positive,2,2,C:\Users\user\OneDrive\Desktop\KUHNE LOGISTIC UNIVERSITY\SEMESTER 2\Machine Learning\Sentiment-Analysis_ML\data\raw\MVSA_Single\data\3821.jpg
MVSA_Single/data/315.jpg,positive,2,2,C:\Users\user\OneDrive\Desktop\KUHNE LOGISTIC UNIVERSITY\SEMESTER 2\Machine Learning\Sentiment-Analysis_ML\data\raw\MVSA_Single\data\315.jpg
MVSA_Single/data/4879.jpg,positive,2,2,C:\Users\user\OneDrive\Desktop\KUHNE LOGISTIC UNIVERSITY\SEMESTER 2\Machine Learning\Sentiment-Analysis_ML\data\raw\MVSA_Single\data\4879.jpg
MVSA_Single/data/543.jpg,negative,0,0,C:\Users\user\OneDrive\Desktop\KUHNE LOGISTIC UNIVERSITY\SEMESTER 2\Machine Learning\Sentiment-Analysis_ML\data\raw\MVSA_Single\data\543.jpg
MVSA_Single/data/1199.jpg,positive,2,2,C:\Users\user\OneDrive\Desktop\KUHNE LOGISTIC UNIVERSITY\SEMESTER 2\Machine Learning\Sentiment-Analysis_ML\data\raw\MVSA_Single\data\1199.jpg
MVSA_Single/data/1681.jpg,negative,0,0,C:\Users\user\OneDrive\Desktop\KUHNE LOGISTIC UNIVERSITY\SEMESTER 2\Machine Learning\Sentiment-Analysis_ML\data\raw\MVSA_Single\data\1681.jpg
MVSA_Single/data/2451.jpg,negative,0,0,C:\Users\user\OneDrive\Desktop\KUHNE LOGISTIC UNIVERSITY\SEMESTER 2\Machine Learning\Sentiment-Analysis_ML\data\raw\MVSA_Single\data\2451.jpg
MVSA_Single/data/4006.jpg,neutral,1,1,C:\Users\user\OneDrive\Desktop\KUHNE LOGISTIC UNIVERSITY\SEMESTER 2\Machine Learning\Sentiment-Analysis_ML\data\raw\MVSA_Single\data\4006.jpg
MVSA_Single/data/4051.jpg,positive,2,2,C:\Users\user\OneDrive\Desktop\KUHNE LOGISTIC UNIVERSITY\SEMESTER 2\Machine Learning\Sentiment-Analysis_ML\data\raw\MVSA_Single\data\4051.jpg
MVSA_Single/data/3072.jpg,neutral,1,1,C:\Users\user\OneDrive\Desktop\KUHNE LOGISTIC UNIVERSITY\SEMESTER 2\Machine Learning\Sentiment-Analysis_ML\data\raw\MVSA_Single\data\3072.jpg
MVSA_Single/data/4765.jpg,neutral,1,1,C:\Users\user\OneDrive\Desktop\KUHNE LOGISTIC UNIVERSITY\SEMESTER 2\Machine Learning\Sentiment-Analysis_ML\data\raw\MVSA_Single\data\4765.jpg
MVSA_Single/data/2048.jpg,positive,2,2,C:\Users\user\OneDrive\Desktop\KUHNE LOGISTIC UNIVERSITY\SEMESTER 2\Machine Learning\Sentiment-Analysis_ML\data\raw\MVSA_Single\data\2048.jpg
MVSA_Single/data/2963.jpg,positive,2,2,C:\Users\user\OneDrive\Desktop\KUHNE LOGISTIC UNIVERSITY\SEMESTER 2\Machine Learning\Sentiment-Analysis_ML\data\raw\MVSA_Single\data\2963.jpg
MVSA_Single/data/5013.jpg,neutral,1,1,C:\Users\user\OneDrive\Desktop\KUHNE LOGISTIC UNIVERSITY\SEMESTER 2\Machine Learning\Sentiment-Analysis_ML\data\raw\MVSA_Single\data\5013.jpg
MVSA_Single/data/1190.jpg,positive,2,2,C:\Users\user\OneDrive\Desktop\KUHNE LOGISTIC UNIVERSITY\SEMESTER 2\Machine Learning\Sentiment-Analysis_ML\data\raw\MVSA_Single\data\1190.jpg
MVSA_Single/data/3506.jpg,positive,2,2,C:\Users\user\OneDrive\Desktop\KUHNE LOGISTIC UNIVERSITY\SEMESTER 2\Machine Learning\Sentiment-Analysis_ML\data\raw\MVSA_Single\data\3506.jpg
MVSA_Single/data/1514.jpg,negative,0,0,C:\Users\user\OneDrive\Desktop\KUHNE LOGISTIC UNIVERSITY\SEMESTER 2\Machine Learning\Sentiment-Analysis_ML\data\raw\MVSA_Single\data\1514.jpg
MVSA_Single/data/4556.jpg,positive,2,2,C:\Users\user\OneDrive\Desktop\KUHNE LOGISTIC UNIVERSITY\SEMESTER 2\Machine Learning\Sentiment-Analysis_ML\data\raw\MVSA_Single\data\4556.jpg
MVSA_Single/data/2789.jpg,positive,2,2,C:\Users\user\OneDrive\Desktop\KUHNE LOGISTIC UNIVERSITY\SEMESTER 2\Machine Learning\Sentiment-Analysis_ML\data\raw\MVSA_Single\data\2789.jpg
MVSA_Single/data/1790.jpg,positive,2,2,C:\Users\user\OneDrive\Desktop\KUHNE LOGISTIC UNIVERSITY\SEMESTER 2\Machine Learning\Sentiment-Analysis_ML\data\raw\MVSA_Single\data\1790.jpg
MVSA_Single/data/1773.jpg,positive,2,2,C:\Users\user\OneDrive\Desktop\KUHNE LOGISTIC UNIVERSITY\SEMESTER 2\Machine Learning\Sentiment-Analysis_ML\data\raw\MVSA_Single\data\1773.jpg
MVSA_Single/data/4400.jpg,positive,2,2,C:\Users\user\OneDrive\Desktop\KUHNE LOGISTIC UNIVERSITY\SEMESTER 2\Machine Learning\Sentiment-Analysis_ML\data\raw\MVSA_Single\data\4400.jpg
MVSA_Single/data/4726.jpg,positive,2,2,C:\Users\user\OneDrive\Desktop\KUHNE LOGISTIC UNIVERSITY\SEMESTER 2\Machine Learning\Sentiment-Analysis_ML\data\raw\MVSA_Single\data\4726.jpg
MVSA_Single/data/1851.jpg,negative,0,0,C:\Users\user\OneDrive\Desktop\KUHNE LOGISTIC UNIVERSITY\SEMESTER 2\Machine Learning\Sentiment-Analysis_ML\data\raw\MVSA_Single\data\1851.jpg
MVSA_Single/data/4785.jpg,positive,2,2,C:\Users\user\OneDrive\Desktop\KUHNE LOGISTIC UNIVERSITY\SEMESTER 2\Machine Learning\Sentiment-Analysis_ML\data\raw\MVSA_Single\data\4785.jpg
MVSA_Single/data/3120.jpg,positive,2,2,C:\Users\user\OneDrive\Desktop\KUHNE LOGISTIC UNIVERSITY\SEMESTER 2\Machine Learning\Sentiment-Analysis_ML\data\raw\MVSA_Single\data\3120.jpg
MVSA_Single/data/3860.jpg,positive,2,2,C:\Users\user\OneDrive\Desktop\KUHNE LOGISTIC UNIVERSITY\SEMESTER 2\Machine Learning\Sentiment-Analysis_ML\data\raw\MVSA_Single\data\3860.jpg
MVSA_Single/data/4916.jpg,negative,0,0,C:\Users\user\OneDrive\Desktop\KUHNE LOGISTIC UNIVERSITY\SEMESTER 2\Machine Learning\Sentiment-Analysis_ML\data\raw\MVSA_Single\data\4916.jpg
MVSA_Single/data/2725.jpg,neutral,1,1,C:\Users\user\OneDrive\Desktop\KUHNE LOGISTIC UNIVERSITY\SEMESTER 2\Machine Learning\Sentiment-Analysis_ML\data\raw\MVSA_Single\data\2725.jpg
MVSA_Single/data/3335.jpg,positive,2,2,C:\Users\user\OneDrive\Desktop\KUHNE LOGISTIC UNIVERSITY\SEMESTER 2\Machine Learning\Sentiment-Analysis_ML\data\raw\MVSA_Single\data\3335.jpg
MVSA_Single/data/3253.jpg,negative,0,0,C:\Users\user\OneDrive\Desktop\KUHNE LOGISTIC UNIVERSITY\SEMESTER 2\Machine Learning\Sentiment-Analysis_ML\data\raw\MVSA_Single\data\3253.jpg
MVSA_Single/data/332.jpg,positive,2,2,C:\Users\user\OneDrive\Desktop\KUHNE LOGISTIC UNIVERSITY\SEMESTER 2\Machine Learning\Sentiment-Analysis_ML\data\raw\MVSA_Single\data\332.jpg
MVSA_Single/data/1898.jpg,positive,2,2,C:\Users\user\OneDrive\Desktop\KUHNE LOGISTIC UNIVERSITY\SEMESTER 2\Machine Learning\Sentiment-Analysis_ML\data\raw\MVSA_Single\data\1898.jpg
MVSA_Single/data/3167.jpg,negative,0,0,C:\Users\user\OneDrive\Desktop\KUHNE LOGISTIC UNIVERSITY\SEMESTER 2\Machine Learning\Sentiment-Analysis_ML\data\raw\MVSA_Single\data\3167.jpg
MVSA_Single/data/1395.jpg,positive,2,2,C:\Users\user\OneDrive\Desktop\KUHNE LOGISTIC UNIVERSITY\SEMESTER 2\Machine Learning\Sentiment-Analysis_ML\data\raw\MVSA_Single\data\1395.jpg
MVSA_Single/data/2032.jpg,positive,2,2,C:\Users\user\OneDrive\Desktop\KUHNE LOGISTIC UNIVERSITY\SEMESTER 2\Machine Learning\Sentiment-Analysis_ML\data\raw\MVSA_Single\data\2032.jpg
MVSA_Single/data/1521.jpg,positive,2,2,C:\Users\user\OneDrive\Desktop\KUHNE LOGISTIC UNIVERSITY\SEMESTER 2\Machine Learning\Sentiment-Analysis_ML\data\raw\MVSA_Single\data\1521.jpg
MVSA_Single/data/4860.jpg,positive,2,2,C:\Users\user\OneDrive\Desktop\KUHNE LOGISTIC UNIVERSITY\SEMESTER 2\Machine Learning\Sentiment-Analysis_ML\data\raw\MVSA_Single\data\4860.jpg
MVSA_Single/data/3223.jpg,negative,0,0,C:\Users\user\OneDrive\Desktop\KUHNE LOGISTIC UNIVERSITY\SEMESTER 2\Machine Learning\Sentiment-Analysis_ML\data\raw\MVSA_Single\data\3223.jpg
MVSA_Single/data/1340.jpg,negative,0,0,C:\Users\user\OneDrive\Desktop\KUHNE LOGISTIC UNIVERSITY\SEMESTER 2\Machine Learning\Sentiment-Analysis_ML\data\raw\MVSA_Single\data\1340.jpg
MVSA_Single/data/583.jpg,positive,2,2,C:\Users\user\OneDrive\Desktop\KUHNE LOGISTIC UNIVERSITY\SEMESTER 2\Machine Learning\Sentiment-Analysis_ML\data\raw\MVSA_Single\data\583.jpg
MVSA_Single/data/2712.jpg,neutral,1,1,C:\Users\user\OneDrive\Desktop\KUHNE LOGISTIC UNIVERSITY\SEMESTER 2\Machine Learning\Sentiment-Analysis_ML\data\raw\MVSA_Single\data\2712.jpg
MVSA_Single/data/2774.jpg,negative,0,0,C:\Users\user\OneDrive\Desktop\KUHNE LOGISTIC UNIVERSITY\SEMESTER 2\Machine Learning\Sentiment-Analysis_ML\data\raw\MVSA_Single\data\2774.jpg
MVSA_Single/data/28.jpg,positive,2,2,C:\Users\user\OneDrive\Desktop\KUHNE LOGISTIC UNIVERSITY\SEMESTER 2\Machine Learning\Sentiment-Analysis_ML\data\raw\MVSA_Single\data\28.jpg
MVSA_Single/data/1643.jpg,positive,2,2,C:\Users\user\OneDrive\Desktop\KUHNE LOGISTIC UNIVERSITY\SEMESTER 2\Machine Learning\Sentiment-Analysis_ML\data\raw\MVSA_Single\data\1643.jpg
MVSA_Single/data/1795.jpg,positive,2,2,C:\Users\user\OneDrive\Desktop\KUHNE LOGISTIC UNIVERSITY\SEMESTER 2\Machine Learning\Sentiment-Analysis_ML\data\raw\MVSA_Single\data\1795.jpg
MVSA_Single/data/2544.jpg,positive,2,2,C:\Users\user\OneDrive\Desktop\KUHNE LOGISTIC UNIVERSITY\SEMESTER 2\Machine Learning\Sentiment-Analysis_ML\data\raw\MVSA_Single\data\2544.jpg
MVSA_Single/data/2095.jpg,neutral,1,1,C:\Users\user\OneDrive\Desktop\KUHNE LOGISTIC UNIVERSITY\SEMESTER 2\Machine Learning\Sentiment-Analysis_ML\data\raw\MVSA_Single\data\2095.jpg
MVSA_Single/data/2546.jpg,positive,2,2,C:\Users\user\OneDrive\Desktop\KUHNE LOGISTIC UNIVERSITY\SEMESTER 2\Machine Learning\Sentiment-Analysis_ML\data\raw\MVSA_Single\data\2546.jpg
MVSA_Single/data/1812.jpg,negative,0,0,C:\Users\user\OneDrive\Desktop\KUHNE LOGISTIC UNIVERSITY\SEMESTER 2\Machine Learning\Sentiment-Analysis_ML\data\raw\MVSA_Single\data\1812.jpg
MVSA_Single/data/459.jpg,negative,0,0,C:\Users\user\OneDrive\Desktop\KUHNE LOGISTIC UNIVERSITY\SEMESTER 2\Machine Learning\Sentiment-Analysis_ML\data\raw\MVSA_Single\data\459.jpg
MVSA_Single/data/3331.jpg,positive,2,2,C:\Users\user\OneDrive\Desktop\KUHNE LOGISTIC UNIVERSITY\SEMESTER 2\Machine Learning\Sentiment-Analysis_ML\data\raw\MVSA_Single\data\3331.jpg
MVSA_Single/data/3958.jpg,negative,0,0,C:\Users\user\OneDrive\Desktop\KUHNE LOGISTIC UNIVERSITY\SEMESTER 2\Machine Learning\Sentiment-Analysis_ML\data\raw\MVSA_Single\data\3958.jpg
MVSA_Single/data/2709.jpg,positive,2,2,C:\Users\user\OneDrive\Desktop\KUHNE LOGISTIC UNIVERSITY\SEMESTER 2\Machine Learning\Sentiment-Analysis_ML\data\raw\MVSA_Single\data\2709.jpg
MVSA_Single/data/1526.jpg,negative,0,0,C:\Users\user\OneDrive\Desktop\KUHNE LOGISTIC UNIVERSITY\SEMESTER 2\Machine Learning\Sentiment-Analysis_ML\data\raw\MVSA_Single\data\1526.jpg
MVSA_Single/data/2979.jpg,neutral,1,1,C:\Users\user\OneDrive\Desktop\KUHNE LOGISTIC UNIVERSITY\SEMESTER 2\Machine Learning\Sentiment-Analysis_ML\data\raw\MVSA_Single\data\2979.jpg
MVSA_Single/data/2654.jpg,neutral,1,1,C:\Users\user\OneDrive\Desktop\KUHNE LOGISTIC UNIVERSITY\SEMESTER 2\Machine Learning\Sentiment-Analysis_ML\data\raw\MVSA_Single\data\2654.jpg
MVSA_Single/data/630.jpg,positive,2,2,C:\Users\user\OneDrive\Desktop\KUHNE LOGISTIC UNIVERSITY\SEMESTER 2\Machine Learning\Sentiment-Analysis_ML\data\raw\MVSA_Single\data\630.jpg
MVSA_Single/data/2772.jpg,positive,2,2,C:\Users\user\OneDrive\Desktop\KUHNE LOGISTIC UNIVERSITY\SEMESTER 2\Machine Learning\Sentiment-Analysis_ML\data\raw\MVSA_Single\data\2772.jpg
MVSA_Single/data/4043.jpg,positive,2,2,C:\Users\user\OneDrive\Desktop\KUHNE LOGISTIC UNIVERSITY\SEMESTER 2\Machine Learning\Sentiment-Analysis_ML\data\raw\MVSA_Single\data\4043.jpg
MVSA_Single/data/2615.jpg,neutral,1,1,C:\Users\user\OneDrive\Desktop\KUHNE LOGISTIC UNIVERSITY\SEMESTER 2\Machine Learning\Sentiment-Analysis_ML\data\raw\MVSA_Single\data\2615.jpg
MVSA_Single/data/3064.jpg,neutral,1,1,C:\Users\user\OneDrive\Desktop\KUHNE LOGISTIC UNIVERSITY\SEMESTER 2\Machine Learning\Sentiment-Analysis_ML\data\raw\MVSA_Single\data\3064.jpg
MVSA_Single/data/2629.jpg,positive,2,2,C:\Users\user\OneDrive\Desktop\KUHNE LOGISTIC UNIVERSITY\SEMESTER 2\Machine Learning\Sentiment-Analysis_ML\data\raw\MVSA_Single\data\2629.jpg
MVSA_Single/data/4580.jpg,neutral,1,1,C:\Users\user\OneDrive\Desktop\KUHNE LOGISTIC UNIVERSITY\SEMESTER 2\Machine Learning\Sentiment-Analysis_ML\data\raw\MVSA_Single\data\4580.jpg
MVSA_Single/data/2492.jpg,neutral,1,1,C:\Users\user\OneDrive\Desktop\KUHNE LOGISTIC UNIVERSITY\SEMESTER 2\Machine Learning\Sentiment-Analysis_ML\data\raw\MVSA_Single\data\2492.jpg
MVSA_Single/data/449.jpg,neutral,1,1,C:\Users\user\OneDrive\Desktop\KUHNE LOGISTIC UNIVERSITY\SEMESTER 2\Machine Learning\Sentiment-Analysis_ML\data\raw\MVSA_Single\data\449.jpg
MVSA_Single/data/4757.jpg,positive,2,2,C:\Users\user\OneDrive\Desktop\KUHNE LOGISTIC UNIVERSITY\SEMESTER 2\Machine Learning\Sentiment-Analysis_ML\data\raw\MVSA_Single\data\4757.jpg
MVSA_Single/data/4947.jpg,negative,0,0,C:\Users\user\OneDrive\Desktop\KUHNE LOGISTIC UNIVERSITY\SEMESTER 2\Machine Learning\Sentiment-Analysis_ML\data\raw\MVSA_Single\data\4947.jpg
MVSA_Single/data/2383.jpg,positive,2,2,C:\Users\user\OneDrive\Desktop\KUHNE LOGISTIC UNIVERSITY\SEMESTER 2\Machine Learning\Sentiment-Analysis_ML\data\raw\MVSA_Single\data\2383.jpg
MVSA_Single/data/4137.jpg,positive,2,2,C:\Users\user\OneDrive\Desktop\KUHNE LOGISTIC UNIVERSITY\SEMESTER 2\Machine Learning\Sentiment-Analysis_ML\data\raw\MVSA_Single\data\4137.jpg
MVSA_Single/data/627.jpg,neutral,1,1,C:\Users\user\OneDrive\Desktop\KUHNE LOGISTIC UNIVERSITY\SEMESTER 2\Machine Learning\Sentiment-Analysis_ML\data\raw\MVSA_Single\data\627.jpg
MVSA_Single/data/3754.jpg,positive,2,2,C:\Users\user\OneDrive\Desktop\KUHNE LOGISTIC UNIVERSITY\SEMESTER 2\Machine Learning\Sentiment-Analysis_ML\data\raw\MVSA_Single\data\3754.jpg
MVSA_Single/data/3737.jpg,positive,2,2,C:\Users\user\OneDrive\Desktop\KUHNE LOGISTIC UNIVERSITY\SEMESTER 2\Machine Learning\Sentiment-Analysis_ML\data\raw\MVSA_Single\data\3737.jpg
MVSA_Single/data/4195.jpg,neutral,1,1,C:\Users\user\OneDrive\Desktop\KUHNE LOGISTIC UNIVERSITY\SEMESTER 2\Machine Learning\Sentiment-Analysis_ML\data\raw\MVSA_Single\data\4195.jpg
MVSA_Single/data/1478.jpg,negative,0,0,C:\Users\user\OneDrive\Desktop\KUHNE LOGISTIC UNIVERSITY\SEMESTER 2\Machine Learning\Sentiment-Analysis_ML\data\raw\MVSA_Single\data\1478.jpg
MVSA_Single/data/3752.jpg,neutral,1,1,C:\Users\user\OneDrive\Desktop\KUHNE LOGISTIC UNIVERSITY\SEMESTER 2\Machine Learning\Sentiment-Analysis_ML\data\raw\MVSA_Single\data\3752.jpg
MVSA_Single/data/2982.jpg,negative,0,0,C:\Users\user\OneDrive\Desktop\KUHNE LOGISTIC UNIVERSITY\SEMESTER 2\Machine Learning\Sentiment-Analysis_ML\data\raw\MVSA_Single\data\2982.jpg
MVSA_Single/data/3931.jpg,neutral,1,1,C:\Users\user\OneDrive\Desktop\KUHNE LOGISTIC UNIVERSITY\SEMESTER 2\Machine Learning\Sentiment-Analysis_ML\data\raw\MVSA_Single\data\3931.jpg
MVSA_Single/data/1545.jpg,negative,0,0,C:\Users\user\OneDrive\Desktop\KUHNE LOGISTIC UNIVERSITY\SEMESTER 2\Machine Learning\Sentiment-Analysis_ML\data\raw\MVSA_Single\data\1545.jpg
MVSA_Single/data/3058.jpg,negative,0,0,C:\Users\user\OneDrive\Desktop\KUHNE LOGISTIC UNIVERSITY\SEMESTER 2\Machine Learning\Sentiment-Analysis_ML\data\raw\MVSA_Single\data\3058.jpg
MVSA_Single/data/3837.jpg,positive,2,2,C:\Users\user\OneDrive\Desktop\KUHNE LOGISTIC UNIVERSITY\SEMESTER 2\Machine Learning\Sentiment-Analysis_ML\data\raw\MVSA_Single\data\3837.jpg
MVSA_Single/data/243.jpg,neutral,1,1,C:\Users\user\OneDrive\Desktop\KUHNE LOGISTIC UNIVERSITY\SEMESTER 2\Machine Learning\Sentiment-Analysis_ML\data\raw\MVSA_Single\data\243.jpg
MVSA_Single/data/1834.jpg,negative,0,0,C:\Users\user\OneDrive\Desktop\KUHNE LOGISTIC UNIVERSITY\SEMESTER 2\Machine Learning\Sentiment-Analysis_ML\data\raw\MVSA_Single\data\1834.jpg
MVSA_Single/data/4845.jpg,positive,2,2,C:\Users\user\OneDrive\Desktop\KUHNE LOGISTIC UNIVERSITY\SEMESTER 2\Machine Learning\Sentiment-Analysis_ML\data\raw\MVSA_Single\data\4845.jpg
MVSA_Single/data/1215.jpg,positive,2,2,C:\Users\user\OneDrive\Desktop\KUHNE LOGISTIC UNIVERSITY\SEMESTER 2\Machine Learning\Sentiment-Analysis_ML\data\raw\MVSA_Single\data\1215.jpg
MVSA_Single/data/4691.jpg,positive,2,2,C:\Users\user\OneDrive\Desktop\KUHNE LOGISTIC UNIVERSITY\SEMESTER 2\Machine Learning\Sentiment-Analysis_ML\data\raw\MVSA_Single\data\4691.jpg
MVSA_Single/data/1957.jpg,negative,0,0,C:\Users\user\OneDrive\Desktop\KUHNE LOGISTIC UNIVERSITY\SEMESTER 2\Machine Learning\Sentiment-Analysis_ML\data\raw\MVSA_Single\data\1957.jpg
MVSA_Single/data/794.jpg,neutral,1,1,C:\Users\user\OneDrive\Desktop\KUHNE LOGISTIC UNIVERSITY\SEMESTER 2\Machine Learning\Sentiment-Analysis_ML\data\raw\MVSA_Single\data\794.jpg
MVSA_Single/data/3207.jpg,negative,0,0,C:\Users\user\OneDrive\Desktop\KUHNE LOGISTIC UNIVERSITY\SEMESTER 2\Machine Learning\Sentiment-Analysis_ML\data\raw\MVSA_Single\data\3207.jpg
MVSA_Single/data/4058.jpg,positive,2,2,C:\Users\user\OneDrive\Desktop\KUHNE LOGISTIC UNIVERSITY\SEMESTER 2\Machine Learning\Sentiment-Analysis_ML\data\raw\MVSA_Single\data\4058.jpg
MVSA_Single/data/2354.jpg,negative,0,0,C:\Users\user\OneDrive\Desktop\KUHNE LOGISTIC UNIVERSITY\SEMESTER 2\Machine Learning\Sentiment-Analysis_ML\data\raw\MVSA_Single\data\2354.jpg
MVSA_Single/data/338.jpg,positive,2,2,C:\Users\user\OneDrive\Desktop\KUHNE LOGISTIC UNIVERSITY\SEMESTER 2\Machine Learning\Sentiment-Analysis_ML\data\raw\MVSA_Single\data\338.jpg
MVSA_Single/data/1553.jpg,positive,2,2,C:\Users\user\OneDrive\Desktop\KUHNE LOGISTIC UNIVERSITY\SEMESTER 2\Machine Learning\Sentiment-Analysis_ML\data\raw\MVSA_Single\data\1553.jpg
MVSA_Single/data/694.jpg,positive,2,2,C:\Users\user\OneDrive\Desktop\KUHNE LOGISTIC UNIVERSITY\SEMESTER 2\Machine Learning\Sentiment-Analysis_ML\data\raw\MVSA_Single\data\694.jpg
MVSA_Single/data/301.jpg,negative,0,0,C:\Users\user\OneDrive\Desktop\KUHNE LOGISTIC UNIVERSITY\SEMESTER 2\Machine Learning\Sentiment-Analysis_ML\data\raw\MVSA_Single\data\301.jpg
MVSA_Single/data/373.jpg,negative,0,0,C:\Users\user\OneDrive\Desktop\KUHNE LOGISTIC UNIVERSITY\SEMESTER 2\Machine Learning\Sentiment-Analysis_ML\data\raw\MVSA_Single\data\373.jpg
MVSA_Single/data/3121.jpg,neutral,1,1,C:\Users\user\OneDrive\Desktop\KUHNE LOGISTIC UNIVERSITY\SEMESTER 2\Machine Learning\Sentiment-Analysis_ML\data\raw\MVSA_Single\data\3121.jpg
MVSA_Single/data/4816.jpg,negative,0,0,C:\Users\user\OneDrive\Desktop\KUHNE LOGISTIC UNIVERSITY\SEMESTER 2\Machine Learning\Sentiment-Analysis_ML\data\raw\MVSA_Single\data\4816.jpg
MVSA_Single/data/2460.jpg,positive,2,2,C:\Users\user\OneDrive\Desktop\KUHNE LOGISTIC UNIVERSITY\SEMESTER 2\Machine Learning\Sentiment-Analysis_ML\data\raw\MVSA_Single\data\2460.jpg
MVSA_Single/data/4857.jpg,positive,2,2,C:\Users\user\OneDrive\Desktop\KUHNE LOGISTIC UNIVERSITY\SEMESTER 2\Machine Learning\Sentiment-Analysis_ML\data\raw\MVSA_Single\data\4857.jpg
MVSA_Single/data/2585.jpg,neutral,1,1,C:\Users\user\OneDrive\Desktop\KUHNE LOGISTIC UNIVERSITY\SEMESTER 2\Machine Learning\Sentiment-Analysis_ML\data\raw\MVSA_Single\data\2585.jpg
MVSA_Single/data/2937.jpg,neutral,1,1,C:\Users\user\OneDrive\Desktop\KUHNE LOGISTIC UNIVERSITY\SEMESTER 2\Machine Learning\Sentiment-Analysis_ML\data\raw\MVSA_Single\data\2937.jpg
MVSA_Single/data/4153.jpg,negative,0,0,C:\Users\user\OneDrive\Desktop\KUHNE LOGISTIC UNIVERSITY\SEMESTER 2\Machine Learning\Sentiment-Analysis_ML\data\raw\MVSA_Single\data\4153.jpg
MVSA_Single/data/968.jpg,positive,2,2,C:\Users\user\OneDrive\Desktop\KUHNE LOGISTIC UNIVERSITY\SEMESTER 2\Machine Learning\Sentiment-Analysis_ML\data\raw\MVSA_Single\data\968.jpg
MVSA_Single/data/1871.jpg,neutral,1,1,C:\Users\user\OneDrive\Desktop\KUHNE LOGISTIC UNIVERSITY\SEMESTER 2\Machine Learning\Sentiment-Analysis_ML\data\raw\MVSA_Single\data\1871.jpg
MVSA_Single/data/1284.jpg,neutral,1,1,C:\Users\user\OneDrive\Desktop\KUHNE LOGISTIC UNIVERSITY\SEMESTER 2\Machine Learning\Sentiment-Analysis_ML\data\raw\MVSA_Single\data\1284.jpg
MVSA_Single/data/2694.jpg,neutral,1,1,C:\Users\user\OneDrive\Desktop\KUHNE LOGISTIC UNIVERSITY\SEMESTER 2\Machine Learning\Sentiment-Analysis_ML\data\raw\MVSA_Single\data\2694.jpg
MVSA_Single/data/2096.jpg,positive,2,2,C:\Users\user\OneDrive\Desktop\KUHNE LOGISTIC UNIVERSITY\SEMESTER 2\Machine Learning\Sentiment-Analysis_ML\data\raw\MVSA_Single\data\2096.jpg
MVSA_Single/data/878.jpg,positive,2,2,C:\Users\user\OneDrive\Desktop\KUHNE LOGISTIC UNIVERSITY\SEMESTER 2\Machine Learning\Sentiment-Analysis_ML\data\raw\MVSA_Single\data\878.jpg
MVSA_Single/data/1466.jpg,positive,2,2,C:\Users\user\OneDrive\Desktop\KUHNE LOGISTIC UNIVERSITY\SEMESTER 2\Machine Learning\Sentiment-Analysis_ML\data\raw\MVSA_Single\data\1466.jpg
MVSA_Single/data/5021.jpg,positive,2,2,C:\Users\user\OneDrive\Desktop\KUHNE LOGISTIC UNIVERSITY\SEMESTER 2\Machine Learning\Sentiment-Analysis_ML\data\raw\MVSA_Single\data\5021.jpg
MVSA_Single/data/51.jpg,neutral,1,1,C:\Users\user\OneDrive\Desktop\KUHNE LOGISTIC UNIVERSITY\SEMESTER 2\Machine Learning\Sentiment-Analysis_ML\data\raw\MVSA_Single\data\51.jpg
MVSA_Single/data/5088.jpg,positive,2,2,C:\Users\user\OneDrive\Desktop\KUHNE LOGISTIC UNIVERSITY\SEMESTER 2\Machine Learning\Sentiment-Analysis_ML\data\raw\MVSA_Single\data\5088.jpg
MVSA_Single/data/4783.jpg,positive,2,2,C:\Users\user\OneDrive\Desktop\KUHNE LOGISTIC UNIVERSITY\SEMESTER 2\Machine Learning\Sentiment-Analysis_ML\data\raw\MVSA_Single\data\4783.jpg
MVSA_Single/data/4640.jpg,negative,0,0,C:\Users\user\OneDrive\Desktop\KUHNE LOGISTIC UNIVERSITY\SEMESTER 2\Machine Learning\Sentiment-Analysis_ML\data\raw\MVSA_Single\data\4640.jpg
MVSA_Single/data/1467.jpg,positive,2,2,C:\Users\user\OneDrive\Desktop\KUHNE LOGISTIC UNIVERSITY\SEMESTER 2\Machine Learning\Sentiment-Analysis_ML\data\raw\MVSA_Single\data\1467.jpg
MVSA_Single/data/1985.jpg,positive,2,2,C:\Users\user\OneDrive\Desktop\KUHNE LOGISTIC UNIVERSITY\SEMESTER 2\Machine Learning\Sentiment-Analysis_ML\data\raw\MVSA_Single\data\1985.jpg
MVSA_Single/data/3283.jpg,neutral,1,1,C:\Users\user\OneDrive\Desktop\KUHNE LOGISTIC UNIVERSITY\SEMESTER 2\Machine Learning\Sentiment-Analysis_ML\data\raw\MVSA_Single\data\3283.jpg
MVSA_Single/data/4804.jpg,positive,2,2,C:\Users\user\OneDrive\Desktop\KUHNE LOGISTIC UNIVERSITY\SEMESTER 2\Machine Learning\Sentiment-Analysis_ML\data\raw\MVSA_Single\data\4804.jpg
MVSA_Single/data/4266.jpg,negative,0,0,C:\Users\user\OneDrive\Desktop\KUHNE LOGISTIC UNIVERSITY\SEMESTER 2\Machine Learning\Sentiment-Analysis_ML\data\raw\MVSA_Single\data\4266.jpg
MVSA_Single/data/3118.jpg,positive,2,2,C:\Users\user\OneDrive\Desktop\KUHNE LOGISTIC UNIVERSITY\SEMESTER 2\Machine Learning\Sentiment-Analysis_ML\data\raw\MVSA_Single\data\3118.jpg
MVSA_Single/data/2836.jpg,negative,0,0,C:\Users\user\OneDrive\Desktop\KUHNE LOGISTIC UNIVERSITY\SEMESTER 2\Machine Learning\Sentiment-Analysis_ML\data\raw\MVSA_Single\data\2836.jpg
MVSA_Single/data/3383.jpg,negative,0,0,C:\Users\user\OneDrive\Desktop\KUHNE LOGISTIC UNIVERSITY\SEMESTER 2\Machine Learning\Sentiment-Analysis_ML\data\raw\MVSA_Single\data\3383.jpg
MVSA_Single/data/4061.jpg,neutral,1,1,C:\Users\user\OneDrive\Desktop\KUHNE LOGISTIC UNIVERSITY\SEMESTER 2\Machine Learning\Sentiment-Analysis_ML\data\raw\MVSA_Single\data\4061.jpg
MVSA_Single/data/4728.jpg,positive,2,2,C:\Users\user\OneDrive\Desktop\KUHNE LOGISTIC UNIVERSITY\SEMESTER 2\Machine Learning\Sentiment-Analysis_ML\data\raw\MVSA_Single\data\4728.jpg
MVSA_Single/data/4011.jpg,positive,2,2,C:\Users\user\OneDrive\Desktop\KUHNE LOGISTIC UNIVERSITY\SEMESTER 2\Machine Learning\Sentiment-Analysis_ML\data\raw\MVSA_Single\data\4011.jpg
MVSA_Single/data/1498.jpg,negative,0,0,C:\Users\user\OneDrive\Desktop\KUHNE LOGISTIC UNIVERSITY\SEMESTER 2\Machine Learning\Sentiment-Analysis_ML\data\raw\MVSA_Single\data\1498.jpg
MVSA_Single/data/2119.jpg,neutral,1,1,C:\Users\user\OneDrive\Desktop\KUHNE LOGISTIC UNIVERSITY\SEMESTER 2\Machine Learning\Sentiment-Analysis_ML\data\raw\MVSA_Single\data\2119.jpg
MVSA_Single/data/1597.jpg,positive,2,2,C:\Users\user\OneDrive\Desktop\KUHNE LOGISTIC UNIVERSITY\SEMESTER 2\Machine Learning\Sentiment-Analysis_ML\data\raw\MVSA_Single\data\1597.jpg
MVSA_Single/data/681.jpg,positive,2,2,C:\Users\user\OneDrive\Desktop\KUHNE LOGISTIC UNIVERSITY\SEMESTER 2\Machine Learning\Sentiment-Analysis_ML\data\raw\MVSA_Single\data\681.jpg
MVSA_Single/data/4049.jpg,positive,2,2,C:\Users\user\OneDrive\Desktop\KUHNE LOGISTIC UNIVERSITY\SEMESTER 2\Machine Learning\Sentiment-Analysis_ML\data\raw\MVSA_Single\data\4049.jpg
MVSA_Single/data/1348.jpg,positive,2,2,C:\Users\user\OneDrive\Desktop\KUHNE LOGISTIC UNIVERSITY\SEMESTER 2\Machine Learning\Sentiment-Analysis_ML\data\raw\MVSA_Single\data\1348.jpg
MVSA_Single/data/1924.jpg,negative,0,0,C:\Users\user\OneDrive\Desktop\KUHNE LOGISTIC UNIVERSITY\SEMESTER 2\Machine Learning\Sentiment-Analysis_ML\data\raw\MVSA_Single\data\1924.jpg
MVSA_Single/data/5038.jpg,positive,2,2,C:\Users\user\OneDrive\Desktop\KUHNE LOGISTIC UNIVERSITY\SEMESTER 2\Machine Learning\Sentiment-Analysis_ML\data\raw\MVSA_Single\data\5038.jpg
MVSA_Single/data/3875.jpg,neutral,1,1,C:\Users\user\OneDrive\Desktop\KUHNE LOGISTIC UNIVERSITY\SEMESTER 2\Machine Learning\Sentiment-Analysis_ML\data\raw\MVSA_Single\data\3875.jpg
MVSA_Single/data/2464.jpg,negative,0,0,C:\Users\user\OneDrive\Desktop\KUHNE LOGISTIC UNIVERSITY\SEMESTER 2\Machine Learning\Sentiment-Analysis_ML\data\raw\MVSA_Single\data\2464.jpg
MVSA_Single/data/1626.jpg,positive,2,2,C:\Users\user\OneDrive\Desktop\KUHNE LOGISTIC UNIVERSITY\SEMESTER 2\Machine Learning\Sentiment-Analysis_ML\data\raw\MVSA_Single\data\1626.jpg
MVSA_Single/data/15.jpg,positive,2,2,C:\Users\user\OneDrive\Desktop\KUHNE LOGISTIC UNIVERSITY\SEMESTER 2\Machine Learning\Sentiment-Analysis_ML\data\raw\MVSA_Single\data\15.jpg
MVSA_Single/data/1019.jpg,positive,2,2,C:\Users\user\OneDrive\Desktop\KUHNE LOGISTIC UNIVERSITY\SEMESTER 2\Machine Learning\Sentiment-Analysis_ML\data\raw\MVSA_Single\data\1019.jpg
MVSA_Single/data/4430.jpg,neutral,1,1,C:\Users\user\OneDrive\Desktop\KUHNE LOGISTIC UNIVERSITY\SEMESTER 2\Machine Learning\Sentiment-Analysis_ML\data\raw\MVSA_Single\data\4430.jpg
MVSA_Single/data/276.jpg,positive,2,2,C:\Users\user\OneDrive\Desktop\KUHNE LOGISTIC UNIVERSITY\SEMESTER 2\Machine Learning\Sentiment-Analysis_ML\data\raw\MVSA_Single\data\276.jpg
MVSA_Single/data/4841.jpg,neutral,1,1,C:\Users\user\OneDrive\Desktop\KUHNE LOGISTIC UNIVERSITY\SEMESTER 2\Machine Learning\Sentiment-Analysis_ML\data\raw\MVSA_Single\data\4841.jpg
MVSA_Single/data/2795.jpg,positive,2,2,C:\Users\user\OneDrive\Desktop\KUHNE LOGISTIC UNIVERSITY\SEMESTER 2\Machine Learning\Sentiment-Analysis_ML\data\raw\MVSA_Single\data\2795.jpg
MVSA_Single/data/3715.jpg,positive,2,2,C:\Users\user\OneDrive\Desktop\KUHNE LOGISTIC UNIVERSITY\SEMESTER 2\Machine Learning\Sentiment-Analysis_ML\data\raw\MVSA_Single\data\3715.jpg
MVSA_Single/data/4482.jpg,positive,2,2,C:\Users\user\OneDrive\Desktop\KUHNE LOGISTIC UNIVERSITY\SEMESTER 2\Machine Learning\Sentiment-Analysis_ML\data\raw\MVSA_Single\data\4482.jpg
MVSA_Single/data/964.jpg,neutral,1,1,C:\Users\user\OneDrive\Desktop\KUHNE LOGISTIC UNIVERSITY\SEMESTER 2\Machine Learning\Sentiment-Analysis_ML\data\raw\MVSA_Single\data\964.jpg
MVSA_Single/data/3768.jpg,neutral,1,1,C:\Users\user\OneDrive\Desktop\KUHNE LOGISTIC UNIVERSITY\SEMESTER 2\Machine Learning\Sentiment-Analysis_ML\data\raw\MVSA_Single\data\3768.jpg
MVSA_Single/data/219.jpg,neutral,1,1,C:\Users\user\OneDrive\Desktop\KUHNE LOGISTIC UNIVERSITY\SEMESTER 2\Machine Learning\Sentiment-Analysis_ML\data\raw\MVSA_Single\data\219.jpg
MVSA_Single/data/3021.jpg,positive,2,2,C:\Users\user\OneDrive\Desktop\KUHNE LOGISTIC UNIVERSITY\SEMESTER 2\Machine Learning\Sentiment-Analysis_ML\data\raw\MVSA_Single\data\3021.jpg
MVSA_Single/data/3797.jpg,neutral,1,1,C:\Users\user\OneDrive\Desktop\KUHNE LOGISTIC UNIVERSITY\SEMESTER 2\Machine Learning\Sentiment-Analysis_ML\data\raw\MVSA_Single\data\3797.jpg
MVSA_Single/data/508.jpg,positive,2,2,C:\Users\user\OneDrive\Desktop\KUHNE LOGISTIC UNIVERSITY\SEMESTER 2\Machine Learning\Sentiment-Analysis_ML\data\raw\MVSA_Single\data\508.jpg
MVSA_Single/data/3658.jpg,positive,2,2,C:\Users\user\OneDrive\Desktop\KUHNE LOGISTIC UNIVERSITY\SEMESTER 2\Machine Learning\Sentiment-Analysis_ML\data\raw\MVSA_Single\data\3658.jpg
MVSA_Single/data/3830.jpg,negative,0,0,C:\Users\user\OneDrive\Desktop\KUHNE LOGISTIC UNIVERSITY\SEMESTER 2\Machine Learning\Sentiment-Analysis_ML\data\raw\MVSA_Single\data\3830.jpg
MVSA_Single/data/1214.jpg,positive,2,2,C:\Users\user\OneDrive\Desktop\KUHNE LOGISTIC UNIVERSITY\SEMESTER 2\Machine Learning\Sentiment-Analysis_ML\data\raw\MVSA_Single\data\1214.jpg
MVSA_Single/data/2599.jpg,neutral,1,1,C:\Users\user\OneDrive\Desktop\KUHNE LOGISTIC UNIVERSITY\SEMESTER 2\Machine Learning\Sentiment-Analysis_ML\data\raw\MVSA_Single\data\2599.jpg
MVSA_Single/data/4268.jpg,positive,2,2,C:\Users\user\OneDrive\Desktop\KUHNE LOGISTIC UNIVERSITY\SEMESTER 2\Machine Learning\Sentiment-Analysis_ML\data\raw\MVSA_Single\data\4268.jpg
MVSA_Single/data/2903.jpg,neutral,1,1,C:\Users\user\OneDrive\Desktop\KUHNE LOGISTIC UNIVERSITY\SEMESTER 2\Machine Learning\Sentiment-Analysis_ML\data\raw\MVSA_Single\data\2903.jpg
MVSA_Single/data/4711.jpg,negative,0,0,C:\Users\user\OneDrive\Desktop\KUHNE LOGISTIC UNIVERSITY\SEMESTER 2\Machine Learning\Sentiment-Analysis_ML\data\raw\MVSA_Single\data\4711.jpg
MVSA_Single/data/745.jpg,positive,2,2,C:\Users\user\OneDrive\Desktop\KUHNE LOGISTIC UNIVERSITY\SEMESTER 2\Machine Learning\Sentiment-Analysis_ML\data\raw\MVSA_Single\data\745.jpg
MVSA_Single/data/1928.jpg,negative,0,0,C:\Users\user\OneDrive\Desktop\KUHNE LOGISTIC UNIVERSITY\SEMESTER 2\Machine Learning\Sentiment-Analysis_ML\data\raw\MVSA_Single\data\1928.jpg
MVSA_Single/data/537.jpg,positive,2,2,C:\Users\user\OneDrive\Desktop\KUHNE LOGISTIC UNIVERSITY\SEMESTER 2\Machine Learning\Sentiment-Analysis_ML\data\raw\MVSA_Single\data\537.jpg
MVSA_Single/data/2587.jpg,positive,2,2,C:\Users\user\OneDrive\Desktop\KUHNE LOGISTIC UNIVERSITY\SEMESTER 2\Machine Learning\Sentiment-Analysis_ML\data\raw\MVSA_Single\data\2587.jpg
MVSA_Single/data/558.jpg,negative,0,0,C:\Users\user\OneDrive\Desktop\KUHNE LOGISTIC UNIVERSITY\SEMESTER 2\Machine Learning\Sentiment-Analysis_ML\data\raw\MVSA_Single\data\558.jpg
MVSA_Single/data/3548.jpg,neutral,1,1,C:\Users\user\OneDrive\Desktop\KUHNE LOGISTIC UNIVERSITY\SEMESTER 2\Machine Learning\Sentiment-Analysis_ML\data\raw\MVSA_Single\data\3548.jpg
MVSA_Single/data/617.jpg,neutral,1,1,C:\Users\user\OneDrive\Desktop\KUHNE LOGISTIC UNIVERSITY\SEMESTER 2\Machine Learning\Sentiment-Analysis_ML\data\raw\MVSA_Single\data\617.jpg
MVSA_Single/data/4071.jpg,negative,0,0,C:\Users\user\OneDrive\Desktop\KUHNE LOGISTIC UNIVERSITY\SEMESTER 2\Machine Learning\Sentiment-Analysis_ML\data\raw\MVSA_Single\data\4071.jpg
MVSA_Single/data/3362.jpg,positive,2,2,C:\Users\user\OneDrive\Desktop\KUHNE LOGISTIC UNIVERSITY\SEMESTER 2\Machine Learning\Sentiment-Analysis_ML\data\raw\MVSA_Single\data\3362.jpg
MVSA_Single/data/2873.jpg,positive,2,2,C:\Users\user\OneDrive\Desktop\KUHNE LOGISTIC UNIVERSITY\SEMESTER 2\Machine Learning\Sentiment-Analysis_ML\data\raw\MVSA_Single\data\2873.jpg
MVSA_Single/data/1463.jpg,neutral,1,1,C:\Users\user\OneDrive\Desktop\KUHNE LOGISTIC UNIVERSITY\SEMESTER 2\Machine Learning\Sentiment-Analysis_ML\data\raw\MVSA_Single\data\1463.jpg
MVSA_Single/data/3309.jpg,positive,2,2,C:\Users\user\OneDrive\Desktop\KUHNE LOGISTIC UNIVERSITY\SEMESTER 2\Machine Learning\Sentiment-Analysis_ML\data\raw\MVSA_Single\data\3309.jpg
MVSA_Single/data/1406.jpg,positive,2,2,C:\Users\user\OneDrive\Desktop\KUHNE LOGISTIC UNIVERSITY\SEMESTER 2\Machine Learning\Sentiment-Analysis_ML\data\raw\MVSA_Single\data\1406.jpg
MVSA_Single/data/4835.jpg,neutral,1,1,C:\Users\user\OneDrive\Desktop\KUHNE LOGISTIC UNIVERSITY\SEMESTER 2\Machine Learning\Sentiment-Analysis_ML\data\raw\MVSA_Single\data\4835.jpg
MVSA_Single/data/38.jpg,positive,2,2,C:\Users\user\OneDrive\Desktop\KUHNE LOGISTIC UNIVERSITY\SEMESTER 2\Machine Learning\Sentiment-Analysis_ML\data\raw\MVSA_Single\data\38.jpg
MVSA_Single/data/1257.jpg,negative,0,0,C:\Users\user\OneDrive\Desktop\KUHNE LOGISTIC UNIVERSITY\SEMESTER 2\Machine Learning\Sentiment-Analysis_ML\data\raw\MVSA_Single\data\1257.jpg
MVSA_Single/data/1693.jpg,negative,0,0,C:\Users\user\OneDrive\Desktop\KUHNE LOGISTIC UNIVERSITY\SEMESTER 2\Machine Learning\Sentiment-Analysis_ML\data\raw\MVSA_Single\data\1693.jpg
MVSA_Single/data/937.jpg,negative,0,0,C:\Users\user\OneDrive\Desktop\KUHNE LOGISTIC UNIVERSITY\SEMESTER 2\Machine Learning\Sentiment-Analysis_ML\data\raw\MVSA_Single\data\937.jpg
MVSA_Single/data/4330.jpg,negative,0,0,C:\Users\user\OneDrive\Desktop\KUHNE LOGISTIC UNIVERSITY\SEMESTER 2\Machine Learning\Sentiment-Analysis_ML\data\raw\MVSA_Single\data\4330.jpg
MVSA_Single/data/1885.jpg,negative,0,0,C:\Users\user\OneDrive\Desktop\KUHNE LOGISTIC UNIVERSITY\SEMESTER 2\Machine Learning\Sentiment-Analysis_ML\data\raw\MVSA_Single\data\1885.jpg
MVSA_Single/data/1016.jpg,neutral,1,1,C:\Users\user\OneDrive\Desktop\KUHNE LOGISTIC UNIVERSITY\SEMESTER 2\Machine Learning\Sentiment-Analysis_ML\data\raw\MVSA_Single\data\1016.jpg
MVSA_Single/data/3092.jpg,negative,0,0,C:\Users\user\OneDrive\Desktop\KUHNE LOGISTIC UNIVERSITY\SEMESTER 2\Machine Learning\Sentiment-Analysis_ML\data\raw\MVSA_Single\data\3092.jpg
MVSA_Single/data/3636.jpg,negative,0,0,C:\Users\user\OneDrive\Desktop\KUHNE LOGISTIC UNIVERSITY\SEMESTER 2\Machine Learning\Sentiment-Analysis_ML\data\raw\MVSA_Single\data\3636.jpg
MVSA_Single/data/1364.jpg,positive,2,2,C:\Users\user\OneDrive\Desktop\KUHNE LOGISTIC UNIVERSITY\SEMESTER 2\Machine Learning\Sentiment-Analysis_ML\data\raw\MVSA_Single\data\1364.jpg
MVSA_Single/data/1811.jpg,negative,0,0,C:\Users\user\OneDrive\Desktop\KUHNE LOGISTIC UNIVERSITY\SEMESTER 2\Machine Learning\Sentiment-Analysis_ML\data\raw\MVSA_Single\data\1811.jpg
MVSA_Single/data/2568.jpg,positive,2,2,C:\Users\user\OneDrive\Desktop\KUHNE LOGISTIC UNIVERSITY\SEMESTER 2\Machine Learning\Sentiment-Analysis_ML\data\raw\MVSA_Single\data\2568.jpg
MVSA_Single/data/249.jpg,negative,0,0,C:\Users\user\OneDrive\Desktop\KUHNE LOGISTIC UNIVERSITY\SEMESTER 2\Machine Learning\Sentiment-Analysis_ML\data\raw\MVSA_Single\data\249.jpg
MVSA_Single/data/1329.jpg,positive,2,2,C:\Users\user\OneDrive\Desktop\KUHNE LOGISTIC UNIVERSITY\SEMESTER 2\Machine Learning\Sentiment-Analysis_ML\data\raw\MVSA_Single\data\1329.jpg
MVSA_Single/data/3186.jpg,positive,2,2,C:\Users\user\OneDrive\Desktop\KUHNE LOGISTIC UNIVERSITY\SEMESTER 2\Machine Learning\Sentiment-Analysis_ML\data\raw\MVSA_Single\data\3186.jpg
MVSA_Single/data/3740.jpg,positive,2,2,C:\Users\user\OneDrive\Desktop\KUHNE LOGISTIC UNIVERSITY\SEMESTER 2\Machine Learning\Sentiment-Analysis_ML\data\raw\MVSA_Single\data\3740.jpg
MVSA_Single/data/3820.jpg,positive,2,2,C:\Users\user\OneDrive\Desktop\KUHNE LOGISTIC UNIVERSITY\SEMESTER 2\Machine Learning\Sentiment-Analysis_ML\data\raw\MVSA_Single\data\3820.jpg
MVSA_Single/data/3009.jpg,positive,2,2,C:\Users\user\OneDrive\Desktop\KUHNE LOGISTIC UNIVERSITY\SEMESTER 2\Machine Learning\Sentiment-Analysis_ML\data\raw\MVSA_Single\data\3009.jpg
MVSA_Single/data/4736.jpg,positive,2,2,C:\Users\user\OneDrive\Desktop\KUHNE LOGISTIC UNIVERSITY\SEMESTER 2\Machine Learning\Sentiment-Analysis_ML\data\raw\MVSA_Single\data\4736.jpg
MVSA_Single/data/4457.jpg,negative,0,0,C:\Users\user\OneDrive\Desktop\KUHNE LOGISTIC UNIVERSITY\SEMESTER 2\Machine Learning\Sentiment-Analysis_ML\data\raw\MVSA_Single\data\4457.jpg
MVSA_Single/data/3093.jpg,neutral,1,1,C:\Users\user\OneDrive\Desktop\KUHNE LOGISTIC UNIVERSITY\SEMESTER 2\Machine Learning\Sentiment-Analysis_ML\data\raw\MVSA_Single\data\3093.jpg
MVSA_Single/data/2570.jpg,positive,2,2,C:\Users\user\OneDrive\Desktop\KUHNE LOGISTIC UNIVERSITY\SEMESTER 2\Machine Learning\Sentiment-Analysis_ML\data\raw\MVSA_Single\data\2570.jpg
MVSA_Single/data/4096.jpg,positive,2,2,C:\Users\user\OneDrive\Desktop\KUHNE LOGISTIC UNIVERSITY\SEMESTER 2\Machine Learning\Sentiment-Analysis_ML\data\raw\MVSA_Single\data\4096.jpg
MVSA_Single/data/2723.jpg,neutral,1,1,C:\Users\user\OneDrive\Desktop\KUHNE LOGISTIC UNIVERSITY\SEMESTER 2\Machine Learning\Sentiment-Analysis_ML\data\raw\MVSA_Single\data\2723.jpg
MVSA_Single/data/3694.jpg,neutral,1,1,C:\Users\user\OneDrive\Desktop\KUHNE LOGISTIC UNIVERSITY\SEMESTER 2\Machine Learning\Sentiment-Analysis_ML\data\raw\MVSA_Single\data\3694.jpg
MVSA_Single/data/3494.jpg,positive,2,2,C:\Users\user\OneDrive\Desktop\KUHNE LOGISTIC UNIVERSITY\SEMESTER 2\Machine Learning\Sentiment-Analysis_ML\data\raw\MVSA_Single\data\3494.jpg
MVSA_Single/data/5091.jpg,positive,2,2,C:\Users\user\OneDrive\Desktop\KUHNE LOGISTIC UNIVERSITY\SEMESTER 2\Machine Learning\Sentiment-Analysis_ML\data\raw\MVSA_Single\data\5091.jpg
MVSA_Single/data/2059.jpg,positive,2,2,C:\Users\user\OneDrive\Desktop\KUHNE LOGISTIC UNIVERSITY\SEMESTER 2\Machine Learning\Sentiment-Analysis_ML\data\raw\MVSA_Single\data\2059.jpg
MVSA_Single/data/1911.jpg,neutral,1,1,C:\Users\user\OneDrive\Desktop\KUHNE LOGISTIC UNIVERSITY\SEMESTER 2\Machine Learning\Sentiment-Analysis_ML\data\raw\MVSA_Single\data\1911.jpg
MVSA_Single/data/4945.jpg,positive,2,2,C:\Users\user\OneDrive\Desktop\KUHNE LOGISTIC UNIVERSITY\SEMESTER 2\Machine Learning\Sentiment-Analysis_ML\data\raw\MVSA_Single\data\4945.jpg
MVSA_Single/data/3367.jpg,positive,2,2,C:\Users\user\OneDrive\Desktop\KUHNE LOGISTIC UNIVERSITY\SEMESTER 2\Machine Learning\Sentiment-Analysis_ML\data\raw\MVSA_Single\data\3367.jpg
MVSA_Single/data/2708.jpg,neutral,1,1,C:\Users\user\OneDrive\Desktop\KUHNE LOGISTIC UNIVERSITY\SEMESTER 2\Machine Learning\Sentiment-Analysis_ML\data\raw\MVSA_Single\data\2708.jpg
MVSA_Single/data/2852.jpg,positive,2,2,C:\Users\user\OneDrive\Desktop\KUHNE LOGISTIC UNIVERSITY\SEMESTER 2\Machine Learning\Sentiment-Analysis_ML\data\raw\MVSA_Single\data\2852.jpg
MVSA_Single/data/850.jpg,positive,2,2,C:\Users\user\OneDrive\Desktop\KUHNE LOGISTIC UNIVERSITY\SEMESTER 2\Machine Learning\Sentiment-Analysis_ML\data\raw\MVSA_Single\data\850.jpg
MVSA_Single/data/911.jpg,neutral,1,1,C:\Users\user\OneDrive\Desktop\KUHNE LOGISTIC UNIVERSITY\SEMESTER 2\Machine Learning\Sentiment-Analysis_ML\data\raw\MVSA_Single\data\911.jpg
MVSA_Single/data/1390.jpg,neutral,1,1,C:\Users\user\OneDrive\Desktop\KUHNE LOGISTIC UNIVERSITY\SEMESTER 2\Machine Learning\Sentiment-Analysis_ML\data\raw\MVSA_Single\data\1390.jpg
MVSA_Single/data/1728.jpg,positive,2,2,C:\Users\user\OneDrive\Desktop\KUHNE LOGISTIC UNIVERSITY\SEMESTER 2\Machine Learning\Sentiment-Analysis_ML\data\raw\MVSA_Single\data\1728.jpg
MVSA_Single/data/4956.jpg,positive,2,2,C:\Users\user\OneDrive\Desktop\KUHNE LOGISTIC UNIVERSITY\SEMESTER 2\Machine Learning\Sentiment-Analysis_ML\data\raw\MVSA_Single\data\4956.jpg
MVSA_Single/data/691.jpg,neutral,1,1,C:\Users\user\OneDrive\Desktop\KUHNE LOGISTIC UNIVERSITY\SEMESTER 2\Machine Learning\Sentiment-Analysis_ML\data\raw\MVSA_Single\data\691.jpg
MVSA_Single/data/2085.jpg,positive,2,2,C:\Users\user\OneDrive\Desktop\KUHNE LOGISTIC UNIVERSITY\SEMESTER 2\Machine Learning\Sentiment-Analysis_ML\data\raw\MVSA_Single\data\2085.jpg
MVSA_Single/data/3107.jpg,neutral,1,1,C:\Users\user\OneDrive\Desktop\KUHNE LOGISTIC UNIVERSITY\SEMESTER 2\Machine Learning\Sentiment-Analysis_ML\data\raw\MVSA_Single\data\3107.jpg
MVSA_Single/data/49.jpg,positive,2,2,C:\Users\user\OneDrive\Desktop\KUHNE LOGISTIC UNIVERSITY\SEMESTER 2\Machine Learning\Sentiment-Analysis_ML\data\raw\MVSA_Single\data\49.jpg
MVSA_Single/data/4619.jpg,positive,2,2,C:\Users\user\OneDrive\Desktop\KUHNE LOGISTIC UNIVERSITY\SEMESTER 2\Machine Learning\Sentiment-Analysis_ML\data\raw\MVSA_Single\data\4619.jpg
MVSA_Single/data/1351.jpg,positive,2,2,C:\Users\user\OneDrive\Desktop\KUHNE LOGISTIC UNIVERSITY\SEMESTER 2\Machine Learning\Sentiment-Analysis_ML\data\raw\MVSA_Single\data\1351.jpg
MVSA_Single/data/1429.jpg,positive,2,2,C:\Users\user\OneDrive\Desktop\KUHNE LOGISTIC UNIVERSITY\SEMESTER 2\Machine Learning\Sentiment-Analysis_ML\data\raw\MVSA_Single\data\1429.jpg
MVSA_Single/data/4458.jpg,negative,0,0,C:\Users\user\OneDrive\Desktop\KUHNE LOGISTIC UNIVERSITY\SEMESTER 2\Machine Learning\Sentiment-Analysis_ML\data\raw\MVSA_Single\data\4458.jpg
MVSA_Single/data/4734.jpg,positive,2,2,C:\Users\user\OneDrive\Desktop\KUHNE LOGISTIC UNIVERSITY\SEMESTER 2\Machine Learning\Sentiment-Analysis_ML\data\raw\MVSA_Single\data\4734.jpg
MVSA_Single/data/4448.jpg,positive,2,2,C:\Users\user\OneDrive\Desktop\KUHNE LOGISTIC UNIVERSITY\SEMESTER 2\Machine Learning\Sentiment-Analysis_ML\data\raw\MVSA_Single\data\4448.jpg
MVSA_Single/data/2634.jpg,positive,2,2,C:\Users\user\OneDrive\Desktop\KUHNE LOGISTIC UNIVERSITY\SEMESTER 2\Machine Learning\Sentiment-Analysis_ML\data\raw\MVSA_Single\data\2634.jpg
MVSA_Single/data/532.jpg,positive,2,2,C:\Users\user\OneDrive\Desktop\KUHNE LOGISTIC UNIVERSITY\SEMESTER 2\Machine Learning\Sentiment-Analysis_ML\data\raw\MVSA_Single\data\532.jpg
MVSA_Single/data/3197.jpg,negative,0,0,C:\Users\user\OneDrive\Desktop\KUHNE LOGISTIC UNIVERSITY\SEMESTER 2\Machine Learning\Sentiment-Analysis_ML\data\raw\MVSA_Single\data\3197.jpg
MVSA_Single/data/1297.jpg,positive,2,2,C:\Users\user\OneDrive\Desktop\KUHNE LOGISTIC UNIVERSITY\SEMESTER 2\Machine Learning\Sentiment-Analysis_ML\data\raw\MVSA_Single\data\1297.jpg
MVSA_Single/data/2583.jpg,positive,2,2,C:\Users\user\OneDrive\Desktop\KUHNE LOGISTIC UNIVERSITY\SEMESTER 2\Machine Learning\Sentiment-Analysis_ML\data\raw\MVSA_Single\data\2583.jpg
MVSA_Single/data/3498.jpg,neutral,1,1,C:\Users\user\OneDrive\Desktop\KUHNE LOGISTIC UNIVERSITY\SEMESTER 2\Machine Learning\Sentiment-Analysis_ML\data\raw\MVSA_Single\data\3498.jpg
MVSA_Single/data/4325.jpg,negative,0,0,C:\Users\user\OneDrive\Desktop\KUHNE LOGISTIC UNIVERSITY\SEMESTER 2\Machine Learning\Sentiment-Analysis_ML\data\raw\MVSA_Single\data\4325.jpg
MVSA_Single/data/4838.jpg,positive,2,2,C:\Users\user\OneDrive\Desktop\KUHNE LOGISTIC UNIVERSITY\SEMESTER 2\Machine Learning\Sentiment-Analysis_ML\data\raw\MVSA_Single\data\4838.jpg
MVSA_Single/data/3791.jpg,neutral,1,1,C:\Users\user\OneDrive\Desktop\KUHNE LOGISTIC UNIVERSITY\SEMESTER 2\Machine Learning\Sentiment-Analysis_ML\data\raw\MVSA_Single\data\3791.jpg
MVSA_Single/data/2433.jpg,positive,2,2,C:\Users\user\OneDrive\Desktop\KUHNE LOGISTIC UNIVERSITY\SEMESTER 2\Machine Learning\Sentiment-Analysis_ML\data\raw\MVSA_Single\data\2433.jpg
MVSA_Single/data/946.jpg,positive,2,2,C:\Users\user\OneDrive\Desktop\KUHNE LOGISTIC UNIVERSITY\SEMESTER 2\Machine Learning\Sentiment-Analysis_ML\data\raw\MVSA_Single\data\946.jpg
MVSA_Single/data/3479.jpg,positive,2,2,C:\Users\user\OneDrive\Desktop\KUHNE LOGISTIC UNIVERSITY\SEMESTER 2\Machine Learning\Sentiment-Analysis_ML\data\raw\MVSA_Single\data\3479.jpg
MVSA_Single/data/2372.jpg,positive,2,2,C:\Users\user\OneDrive\Desktop\KUHNE LOGISTIC UNIVERSITY\SEMESTER 2\Machine Learning\Sentiment-Analysis_ML\data\raw\MVSA_Single\data\2372.jpg
MVSA_Single/data/975.jpg,positive,2,2,C:\Users\user\OneDrive\Desktop\KUHNE LOGISTIC UNIVERSITY\SEMESTER 2\Machine Learning\Sentiment-Analysis_ML\data\raw\MVSA_Single\data\975.jpg
MVSA_Single/data/1049.jpg,positive,2,2,C:\Users\user\OneDrive\Desktop\KUHNE LOGISTIC UNIVERSITY\SEMESTER 2\Machine Learning\Sentiment-Analysis_ML\data\raw\MVSA_Single\data\1049.jpg
MVSA_Single/data/3122.jpg,positive,2,2,C:\Users\user\OneDrive\Desktop\KUHNE LOGISTIC UNIVERSITY\SEMESTER 2\Machine Learning\Sentiment-Analysis_ML\data\raw\MVSA_Single\data\3122.jpg
MVSA_Single/data/809.jpg,neutral,1,1,C:\Users\user\OneDrive\Desktop\KUHNE LOGISTIC UNIVERSITY\SEMESTER 2\Machine Learning\Sentiment-Analysis_ML\data\raw\MVSA_Single\data\809.jpg
MVSA_Single/data/737.jpg,positive,2,2,C:\Users\user\OneDrive\Desktop\KUHNE LOGISTIC UNIVERSITY\SEMESTER 2\Machine Learning\Sentiment-Analysis_ML\data\raw\MVSA_Single\data\737.jpg
MVSA_Single/data/104.jpg,neutral,1,1,C:\Users\user\OneDrive\Desktop\KUHNE LOGISTIC UNIVERSITY\SEMESTER 2\Machine Learning\Sentiment-Analysis_ML\data\raw\MVSA_Single\data\104.jpg
MVSA_Single/data/767.jpg,positive,2,2,C:\Users\user\OneDrive\Desktop\KUHNE LOGISTIC UNIVERSITY\SEMESTER 2\Machine Learning\Sentiment-Analysis_ML\data\raw\MVSA_Single\data\767.jpg
MVSA_Single/data/1277.jpg,positive,2,2,C:\Users\user\OneDrive\Desktop\KUHNE LOGISTIC UNIVERSITY\SEMESTER 2\Machine Learning\Sentiment-Analysis_ML\data\raw\MVSA_Single\data\1277.jpg
MVSA_Single/data/1950.jpg,negative,0,0,C:\Users\user\OneDrive\Desktop\KUHNE LOGISTIC UNIVERSITY\SEMESTER 2\Machine Learning\Sentiment-Analysis_ML\data\raw\MVSA_Single\data\1950.jpg
MVSA_Single/data/5095.jpg,positive,2,2,C:\Users\user\OneDrive\Desktop\KUHNE LOGISTIC UNIVERSITY\SEMESTER 2\Machine Learning\Sentiment-Analysis_ML\data\raw\MVSA_Single\data\5095.jpg
MVSA_Single/data/1768.jpg,negative,0,0,C:\Users\user\OneDrive\Desktop\KUHNE LOGISTIC UNIVERSITY\SEMESTER 2\Machine Learning\Sentiment-Analysis_ML\data\raw\MVSA_Single\data\1768.jpg
MVSA_Single/data/531.jpg,neutral,1,1,C:\Users\user\OneDrive\Desktop\KUHNE LOGISTIC UNIVERSITY\SEMESTER 2\Machine Learning\Sentiment-Analysis_ML\data\raw\MVSA_Single\data\531.jpg
MVSA_Single/data/3833.jpg,neutral,1,1,C:\Users\user\OneDrive\Desktop\KUHNE LOGISTIC UNIVERSITY\SEMESTER 2\Machine Learning\Sentiment-Analysis_ML\data\raw\MVSA_Single\data\3833.jpg
MVSA_Single/data/2690.jpg,negative,0,0,C:\Users\user\OneDrive\Desktop\KUHNE LOGISTIC UNIVERSITY\SEMESTER 2\Machine Learning\Sentiment-Analysis_ML\data\raw\MVSA_Single\data\2690.jpg
MVSA_Single/data/1687.jpg,positive,2,2,C:\Users\user\OneDrive\Desktop\KUHNE LOGISTIC UNIVERSITY\SEMESTER 2\Machine Learning\Sentiment-Analysis_ML\data\raw\MVSA_Single\data\1687.jpg
MVSA_Single/data/8.jpg,positive,2,2,C:\Users\user\OneDrive\Desktop\KUHNE LOGISTIC UNIVERSITY\SEMESTER 2\Machine Learning\Sentiment-Analysis_ML\data\raw\MVSA_Single\data\8.jpg
MVSA_Single/data/1314.jpg,neutral,1,1,C:\Users\user\OneDrive\Desktop\KUHNE LOGISTIC UNIVERSITY\SEMESTER 2\Machine Learning\Sentiment-Analysis_ML\data\raw\MVSA_Single\data\1314.jpg
MVSA_Single/data/3272.jpg,positive,2,2,C:\Users\user\OneDrive\Desktop\KUHNE LOGISTIC UNIVERSITY\SEMESTER 2\Machine Learning\Sentiment-Analysis_ML\data\raw\MVSA_Single\data\3272.jpg
MVSA_Single/data/2552.jpg,neutral,1,1,C:\Users\user\OneDrive\Desktop\KUHNE LOGISTIC UNIVERSITY\SEMESTER 2\Machine Learning\Sentiment-Analysis_ML\data\raw\MVSA_Single\data\2552.jpg
MVSA_Single/data/3175.jpg,negative,0,0,C:\Users\user\OneDrive\Desktop\KUHNE LOGISTIC UNIVERSITY\SEMESTER 2\Machine Learning\Sentiment-Analysis_ML\data\raw\MVSA_Single\data\3175.jpg
MVSA_Single/data/4725.jpg,positive,2,2,C:\Users\user\OneDrive\Desktop\KUHNE LOGISTIC UNIVERSITY\SEMESTER 2\Machine Learning\Sentiment-Analysis_ML\data\raw\MVSA_Single\data\4725.jpg
MVSA_Single/data/3106.jpg,negative,0,0,C:\Users\user\OneDrive\Desktop\KUHNE LOGISTIC UNIVERSITY\SEMESTER 2\Machine Learning\Sentiment-Analysis_ML\data\raw\MVSA_Single\data\3106.jpg
MVSA_Single/data/4277.jpg,positive,2,2,C:\Users\user\OneDrive\Desktop\KUHNE LOGISTIC UNIVERSITY\SEMESTER 2\Machine Learning\Sentiment-Analysis_ML\data\raw\MVSA_Single\data\4277.jpg
MVSA_Single/data/5068.jpg,neutral,1,1,C:\Users\user\OneDrive\Desktop\KUHNE LOGISTIC UNIVERSITY\SEMESTER 2\Machine Learning\Sentiment-Analysis_ML\data\raw\MVSA_Single\data\5068.jpg
MVSA_Single/data/3770.jpg,negative,0,0,C:\Users\user\OneDrive\Desktop\KUHNE LOGISTIC UNIVERSITY\SEMESTER 2\Machine Learning\Sentiment-Analysis_ML\data\raw\MVSA_Single\data\3770.jpg
MVSA_Single/data/3541.jpg,positive,2,2,C:\Users\user\OneDrive\Desktop\KUHNE LOGISTIC UNIVERSITY\SEMESTER 2\Machine Learning\Sentiment-Analysis_ML\data\raw\MVSA_Single\data\3541.jpg
MVSA_Single/data/3699.jpg,negative,0,0,C:\Users\user\OneDrive\Desktop\KUHNE LOGISTIC UNIVERSITY\SEMESTER 2\Machine Learning\Sentiment-Analysis_ML\data\raw\MVSA_Single\data\3699.jpg
MVSA_Single/data/1281.jpg,negative,0,0,C:\Users\user\OneDrive\Desktop\KUHNE LOGISTIC UNIVERSITY\SEMESTER 2\Machine Learning\Sentiment-Analysis_ML\data\raw\MVSA_Single\data\1281.jpg
MVSA_Single/data/4532.jpg,positive,2,2,C:\Users\user\OneDrive\Desktop\KUHNE LOGISTIC UNIVERSITY\SEMESTER 2\Machine Learning\Sentiment-Analysis_ML\data\raw\MVSA_Single\data\4532.jpg
MVSA_Single/data/653.jpg,positive,2,2,C:\Users\user\OneDrive\Desktop\KUHNE LOGISTIC UNIVERSITY\SEMESTER 2\Machine Learning\Sentiment-Analysis_ML\data\raw\MVSA_Single\data\653.jpg
MVSA_Single/data/3056.jpg,neutral,1,1,C:\Users\user\OneDrive\Desktop\KUHNE LOGISTIC UNIVERSITY\SEMESTER 2\Machine Learning\Sentiment-Analysis_ML\data\raw\MVSA_Single\data\3056.jpg
MVSA_Single/data/1299.jpg,positive,2,2,C:\Users\user\OneDrive\Desktop\KUHNE LOGISTIC UNIVERSITY\SEMESTER 2\Machine Learning\Sentiment-Analysis_ML\data\raw\MVSA_Single\data\1299.jpg
MVSA_Single/data/4374.jpg,positive,2,2,C:\Users\user\OneDrive\Desktop\KUHNE LOGISTIC UNIVERSITY\SEMESTER 2\Machine Learning\Sentiment-Analysis_ML\data\raw\MVSA_Single\data\4374.jpg
MVSA_Single/data/2447.jpg,neutral,1,1,C:\Users\user\OneDrive\Desktop\KUHNE LOGISTIC UNIVERSITY\SEMESTER 2\Machine Learning\Sentiment-Analysis_ML\data\raw\MVSA_Single\data\2447.jpg
MVSA_Single/data/2841.jpg,negative,0,0,C:\Users\user\OneDrive\Desktop\KUHNE LOGISTIC UNIVERSITY\SEMESTER 2\Machine Learning\Sentiment-Analysis_ML\data\raw\MVSA_Single\data\2841.jpg
MVSA_Single/data/1458.jpg,positive,2,2,C:\Users\user\OneDrive\Desktop\KUHNE LOGISTIC UNIVERSITY\SEMESTER 2\Machine Learning\Sentiment-Analysis_ML\data\raw\MVSA_Single\data\1458.jpg
MVSA_Single/data/2541.jpg,positive,2,2,C:\Users\user\OneDrive\Desktop\KUHNE LOGISTIC UNIVERSITY\SEMESTER 2\Machine Learning\Sentiment-Analysis_ML\data\raw\MVSA_Single\data\2541.jpg
MVSA_Single/data/331.jpg,negative,0,0,C:\Users\user\OneDrive\Desktop\KUHNE LOGISTIC UNIVERSITY\SEMESTER 2\Machine Learning\Sentiment-Analysis_ML\data\raw\MVSA_Single\data\331.jpg
MVSA_Single/data/3853.jpg,positive,2,2,C:\Users\user\OneDrive\Desktop\KUHNE LOGISTIC UNIVERSITY\SEMESTER 2\Machine Learning\Sentiment-Analysis_ML\data\raw\MVSA_Single\data\3853.jpg
MVSA_Single/data/3038.jpg,positive,2,2,C:\Users\user\OneDrive\Desktop\KUHNE LOGISTIC UNIVERSITY\SEMESTER 2\Machine Learning\Sentiment-Analysis_ML\data\raw\MVSA_Single\data\3038.jpg
MVSA_Single/data/629.jpg,negative,0,0,C:\Users\user\OneDrive\Desktop\KUHNE LOGISTIC UNIVERSITY\SEMESTER 2\Machine Learning\Sentiment-Analysis_ML\data\raw\MVSA_Single\data\629.jpg
MVSA_Single/data/1411.jpg,positive,2,2,C:\Users\user\OneDrive\Desktop\KUHNE LOGISTIC UNIVERSITY\SEMESTER 2\Machine Learning\Sentiment-Analysis_ML\data\raw\MVSA_Single\data\1411.jpg
MVSA_Single/data/4385.jpg,positive,2,2,C:\Users\user\OneDrive\Desktop\KUHNE LOGISTIC UNIVERSITY\SEMESTER 2\Machine Learning\Sentiment-Analysis_ML\data\raw\MVSA_Single\data\4385.jpg
MVSA_Single/data/2463.jpg,negative,0,0,C:\Users\user\OneDrive\Desktop\KUHNE LOGISTIC UNIVERSITY\SEMESTER 2\Machine Learning\Sentiment-Analysis_ML\data\raw\MVSA_Single\data\2463.jpg
MVSA_Single/data/1401.jpg,positive,2,2,C:\Users\user\OneDrive\Desktop\KUHNE LOGISTIC UNIVERSITY\SEMESTER 2\Machine Learning\Sentiment-Analysis_ML\data\raw\MVSA_Single\data\1401.jpg
MVSA_Single/data/1344.jpg,negative,0,0,C:\Users\user\OneDrive\Desktop\KUHNE LOGISTIC UNIVERSITY\SEMESTER 2\Machine Learning\Sentiment-Analysis_ML\data\raw\MVSA_Single\data\1344.jpg
MVSA_Single/data/291.jpg,positive,2,2,C:\Users\user\OneDrive\Desktop\KUHNE LOGISTIC UNIVERSITY\SEMESTER 2\Machine Learning\Sentiment-Analysis_ML\data\raw\MVSA_Single\data\291.jpg
MVSA_Single/data/4581.jpg,positive,2,2,C:\Users\user\OneDrive\Desktop\KUHNE LOGISTIC UNIVERSITY\SEMESTER 2\Machine Learning\Sentiment-Analysis_ML\data\raw\MVSA_Single\data\4581.jpg
MVSA_Single/data/2029.jpg,negative,0,0,C:\Users\user\OneDrive\Desktop\KUHNE LOGISTIC UNIVERSITY\SEMESTER 2\Machine Learning\Sentiment-Analysis_ML\data\raw\MVSA_Single\data\2029.jpg
MVSA_Single/data/4843.jpg,negative,0,0,C:\Users\user\OneDrive\Desktop\KUHNE LOGISTIC UNIVERSITY\SEMESTER 2\Machine Learning\Sentiment-Analysis_ML\data\raw\MVSA_Single\data\4843.jpg
MVSA_Single/data/4520.jpg,positive,2,2,C:\Users\user\OneDrive\Desktop\KUHNE LOGISTIC UNIVERSITY\SEMESTER 2\Machine Learning\Sentiment-Analysis_ML\data\raw\MVSA_Single\data\4520.jpg
MVSA_Single/data/1805.jpg,positive,2,2,C:\Users\user\OneDrive\Desktop\KUHNE LOGISTIC UNIVERSITY\SEMESTER 2\Machine Learning\Sentiment-Analysis_ML\data\raw\MVSA_Single\data\1805.jpg
MVSA_Single/data/3183.jpg,neutral,1,1,C:\Users\user\OneDrive\Desktop\KUHNE LOGISTIC UNIVERSITY\SEMESTER 2\Machine Learning\Sentiment-Analysis_ML\data\raw\MVSA_Single\data\3183.jpg
MVSA_Single/data/4370.jpg,negative,0,0,C:\Users\user\OneDrive\Desktop\KUHNE LOGISTIC UNIVERSITY\SEMESTER 2\Machine Learning\Sentiment-Analysis_ML\data\raw\MVSA_Single\data\4370.jpg
MVSA_Single/data/405.jpg,neutral,1,1,C:\Users\user\OneDrive\Desktop\KUHNE LOGISTIC UNIVERSITY\SEMESTER 2\Machine Learning\Sentiment-Analysis_ML\data\raw\MVSA_Single\data\405.jpg
MVSA_Single/data/4456.jpg,negative,0,0,C:\Users\user\OneDrive\Desktop\KUHNE LOGISTIC UNIVERSITY\SEMESTER 2\Machine Learning\Sentiment-Analysis_ML\data\raw\MVSA_Single\data\4456.jpg
MVSA_Single/data/3936.jpg,positive,2,2,C:\Users\user\OneDrive\Desktop\KUHNE LOGISTIC UNIVERSITY\SEMESTER 2\Machine Learning\Sentiment-Analysis_ML\data\raw\MVSA_Single\data\3936.jpg
MVSA_Single/data/1530.jpg,negative,0,0,C:\Users\user\OneDrive\Desktop\KUHNE LOGISTIC UNIVERSITY\SEMESTER 2\Machine Learning\Sentiment-Analysis_ML\data\raw\MVSA_Single\data\1530.jpg
MVSA_Single/data/608.jpg,neutral,1,1,C:\Users\user\OneDrive\Desktop\KUHNE LOGISTIC UNIVERSITY\SEMESTER 2\Machine Learning\Sentiment-Analysis_ML\data\raw\MVSA_Single\data\608.jpg
MVSA_Single/data/4534.jpg,positive,2,2,C:\Users\user\OneDrive\Desktop\KUHNE LOGISTIC UNIVERSITY\SEMESTER 2\Machine Learning\Sentiment-Analysis_ML\data\raw\MVSA_Single\data\4534.jpg
MVSA_Single/data/4007.jpg,negative,0,0,C:\Users\user\OneDrive\Desktop\KUHNE LOGISTIC UNIVERSITY\SEMESTER 2\Machine Learning\Sentiment-Analysis_ML\data\raw\MVSA_Single\data\4007.jpg
MVSA_Single/data/1200.jpg,positive,2,2,C:\Users\user\OneDrive\Desktop\KUHNE LOGISTIC UNIVERSITY\SEMESTER 2\Machine Learning\Sentiment-Analysis_ML\data\raw\MVSA_Single\data\1200.jpg
MVSA_Single/data/258.jpg,negative,0,0,C:\Users\user\OneDrive\Desktop\KUHNE LOGISTIC UNIVERSITY\SEMESTER 2\Machine Learning\Sentiment-Analysis_ML\data\raw\MVSA_Single\data\258.jpg
MVSA_Single/data/3713.jpg,positive,2,2,C:\Users\user\OneDrive\Desktop\KUHNE LOGISTIC UNIVERSITY\SEMESTER 2\Machine Learning\Sentiment-Analysis_ML\data\raw\MVSA_Single\data\3713.jpg
MVSA_Single/data/1274.jpg,positive,2,2,C:\Users\user\OneDrive\Desktop\KUHNE LOGISTIC UNIVERSITY\SEMESTER 2\Machine Learning\Sentiment-Analysis_ML\data\raw\MVSA_Single\data\1274.jpg
MVSA_Single/data/4684.jpg,neutral,1,1,C:\Users\user\OneDrive\Desktop\KUHNE LOGISTIC UNIVERSITY\SEMESTER 2\Machine Learning\Sentiment-Analysis_ML\data\raw\MVSA_Single\data\4684.jpg
MVSA_Single/data/649.jpg,positive,2,2,C:\Users\user\OneDrive\Desktop\KUHNE LOGISTIC UNIVERSITY\SEMESTER 2\Machine Learning\Sentiment-Analysis_ML\data\raw\MVSA_Single\data\649.jpg
MVSA_Single/data/359.jpg,positive,2,2,C:\Users\user\OneDrive\Desktop\KUHNE LOGISTIC UNIVERSITY\SEMESTER 2\Machine Learning\Sentiment-Analysis_ML\data\raw\MVSA_Single\data\359.jpg
MVSA_Single/data/577.jpg,positive,2,2,C:\Users\user\OneDrive\Desktop\KUHNE LOGISTIC UNIVERSITY\SEMESTER 2\Machine Learning\Sentiment-Analysis_ML\data\raw\MVSA_Single\data\577.jpg
MVSA_Single/data/1517.jpg,negative,0,0,C:\Users\user\OneDrive\Desktop\KUHNE LOGISTIC UNIVERSITY\SEMESTER 2\Machine Learning\Sentiment-Analysis_ML\data\raw\MVSA_Single\data\1517.jpg
MVSA_Single/data/4263.jpg,positive,2,2,C:\Users\user\OneDrive\Desktop\KUHNE LOGISTIC UNIVERSITY\SEMESTER 2\Machine Learning\Sentiment-Analysis_ML\data\raw\MVSA_Single\data\4263.jpg
MVSA_Single/data/3324.jpg,positive,2,2,C:\Users\user\OneDrive\Desktop\KUHNE LOGISTIC UNIVERSITY\SEMESTER 2\Machine Learning\Sentiment-Analysis_ML\data\raw\MVSA_Single\data\3324.jpg
MVSA_Single/data/1062.jpg,positive,2,2,C:\Users\user\OneDrive\Desktop\KUHNE LOGISTIC UNIVERSITY\SEMESTER 2\Machine Learning\Sentiment-Analysis_ML\data\raw\MVSA_Single\data\1062.jpg
MVSA_Single/data/3342.jpg,positive,2,2,C:\Users\user\OneDrive\Desktop\KUHNE LOGISTIC UNIVERSITY\SEMESTER 2\Machine Learning\Sentiment-Analysis_ML\data\raw\MVSA_Single\data\3342.jpg
MVSA_Single/data/817.jpg,positive,2,2,C:\Users\user\OneDrive\Desktop\KUHNE LOGISTIC UNIVERSITY\SEMESTER 2\Machine Learning\Sentiment-Analysis_ML\data\raw\MVSA_Single\data\817.jpg
MVSA_Single/data/2618.jpg,negative,0,0,C:\Users\user\OneDrive\Desktop\KUHNE LOGISTIC UNIVERSITY\SEMESTER 2\Machine Learning\Sentiment-Analysis_ML\data\raw\MVSA_Single\data\2618.jpg
MVSA_Single/data/1780.jpg,negative,0,0,C:\Users\user\OneDrive\Desktop\KUHNE LOGISTIC UNIVERSITY\SEMESTER 2\Machine Learning\Sentiment-Analysis_ML\data\raw\MVSA_Single\data\1780.jpg
MVSA_Single/data/2902.jpg,positive,2,2,C:\Users\user\OneDrive\Desktop\KUHNE LOGISTIC UNIVERSITY\SEMESTER 2\Machine Learning\Sentiment-Analysis_ML\data\raw\MVSA_Single\data\2902.jpg
MVSA_Single/data/4579.jpg,positive,2,2,C:\Users\user\OneDrive\Desktop\KUHNE LOGISTIC UNIVERSITY\SEMESTER 2\Machine Learning\Sentiment-Analysis_ML\data\raw\MVSA_Single\data\4579.jpg
MVSA_Single/data/2584.jpg,neutral,1,1,C:\Users\user\OneDrive\Desktop\KUHNE LOGISTIC UNIVERSITY\SEMESTER 2\Machine Learning\Sentiment-Analysis_ML\data\raw\MVSA_Single\data\2584.jpg
MVSA_Single/data/16.jpg,positive,2,2,C:\Users\user\OneDrive\Desktop\KUHNE LOGISTIC UNIVERSITY\SEMESTER 2\Machine Learning\Sentiment-Analysis_ML\data\raw\MVSA_Single\data\16.jpg
MVSA_Single/data/4141.jpg,neutral,1,1,C:\Users\user\OneDrive\Desktop\KUHNE LOGISTIC UNIVERSITY\SEMESTER 2\Machine Learning\Sentiment-Analysis_ML\data\raw\MVSA_Single\data\4141.jpg
MVSA_Single/data/3638.jpg,positive,2,2,C:\Users\user\OneDrive\Desktop\KUHNE LOGISTIC UNIVERSITY\SEMESTER 2\Machine Learning\Sentiment-Analysis_ML\data\raw\MVSA_Single\data\3638.jpg
MVSA_Single/data/866.jpg,negative,0,0,C:\Users\user\OneDrive\Desktop\KUHNE LOGISTIC UNIVERSITY\SEMESTER 2\Machine Learning\Sentiment-Analysis_ML\data\raw\MVSA_Single\data\866.jpg
MVSA_Single/data/5075.jpg,negative,0,0,C:\Users\user\OneDrive\Desktop\KUHNE LOGISTIC UNIVERSITY\SEMESTER 2\Machine Learning\Sentiment-Analysis_ML\data\raw\MVSA_Single\data\5075.jpg
MVSA_Single/data/3579.jpg,positive,2,2,C:\Users\user\OneDrive\Desktop\KUHNE LOGISTIC UNIVERSITY\SEMESTER 2\Machine Learning\Sentiment-Analysis_ML\data\raw\MVSA_Single\data\3579.jpg
MVSA_Single/data/2042.jpg,neutral,1,1,C:\Users\user\OneDrive\Desktop\KUHNE LOGISTIC UNIVERSITY\SEMESTER 2\Machine Learning\Sentiment-Analysis_ML\data\raw\MVSA_Single\data\2042.jpg
MVSA_Single/data/2785.jpg,positive,2,2,C:\Users\user\OneDrive\Desktop\KUHNE LOGISTIC UNIVERSITY\SEMESTER 2\Machine Learning\Sentiment-Analysis_ML\data\raw\MVSA_Single\data\2785.jpg
MVSA_Single/data/1737.jpg,positive,2,2,C:\Users\user\OneDrive\Desktop\KUHNE LOGISTIC UNIVERSITY\SEMESTER 2\Machine Learning\Sentiment-Analysis_ML\data\raw\MVSA_Single\data\1737.jpg
MVSA_Single/data/2659.jpg,positive,2,2,C:\Users\user\OneDrive\Desktop\KUHNE LOGISTIC UNIVERSITY\SEMESTER 2\Machine Learning\Sentiment-Analysis_ML\data\raw\MVSA_Single\data\2659.jpg
MVSA_Single/data/3610.jpg,positive,2,2,C:\Users\user\OneDrive\Desktop\KUHNE LOGISTIC UNIVERSITY\SEMESTER 2\Machine Learning\Sentiment-Analysis_ML\data\raw\MVSA_Single\data\3610.jpg
MVSA_Single/data/2441.jpg,positive,2,2,C:\Users\user\OneDrive\Desktop\KUHNE LOGISTIC UNIVERSITY\SEMESTER 2\Machine Learning\Sentiment-Analysis_ML\data\raw\MVSA_Single\data\2441.jpg
MVSA_Single/data/3771.jpg,neutral,1,1,C:\Users\user\OneDrive\Desktop\KUHNE LOGISTIC UNIVERSITY\SEMESTER 2\Machine Learning\Sentiment-Analysis_ML\data\raw\MVSA_Single\data\3771.jpg
MVSA_Single/data/257.jpg,positive,2,2,C:\Users\user\OneDrive\Desktop\KUHNE LOGISTIC UNIVERSITY\SEMESTER 2\Machine Learning\Sentiment-Analysis_ML\data\raw\MVSA_Single\data\257.jpg
MVSA_Single/data/1253.jpg,positive,2,2,C:\Users\user\OneDrive\Desktop\KUHNE LOGISTIC UNIVERSITY\SEMESTER 2\Machine Learning\Sentiment-Analysis_ML\data\raw\MVSA_Single\data\1253.jpg
MVSA_Single/data/401.jpg,positive,2,2,C:\Users\user\OneDrive\Desktop\KUHNE LOGISTIC UNIVERSITY\SEMESTER 2\Machine Learning\Sentiment-Analysis_ML\data\raw\MVSA_Single\data\401.jpg
MVSA_Single/data/37.jpg,negative,0,0,C:\Users\user\OneDrive\Desktop\KUHNE LOGISTIC UNIVERSITY\SEMESTER 2\Machine Learning\Sentiment-Analysis_ML\data\raw\MVSA_Single\data\37.jpg
MVSA_Single/data/4999.jpg,positive,2,2,C:\Users\user\OneDrive\Desktop\KUHNE LOGISTIC UNIVERSITY\SEMESTER 2\Machine Learning\Sentiment-Analysis_ML\data\raw\MVSA_Single\data\4999.jpg
MVSA_Single/data/3412.jpg,negative,0,0,C:\Users\user\OneDrive\Desktop\KUHNE LOGISTIC UNIVERSITY\SEMESTER 2\Machine Learning\Sentiment-Analysis_ML\data\raw\MVSA_Single\data\3412.jpg
MVSA_Single/data/4678.jpg,positive,2,2,C:\Users\user\OneDrive\Desktop\KUHNE LOGISTIC UNIVERSITY\SEMESTER 2\Machine Learning\Sentiment-Analysis_ML\data\raw\MVSA_Single\data\4678.jpg
MVSA_Single/data/1178.jpg,positive,2,2,C:\Users\user\OneDrive\Desktop\KUHNE LOGISTIC UNIVERSITY\SEMESTER 2\Machine Learning\Sentiment-Analysis_ML\data\raw\MVSA_Single\data\1178.jpg
MVSA_Single/data/4468.jpg,neutral,1,1,C:\Users\user\OneDrive\Desktop\KUHNE LOGISTIC UNIVERSITY\SEMESTER 2\Machine Learning\Sentiment-Analysis_ML\data\raw\MVSA_Single\data\4468.jpg
MVSA_Single/data/500.jpg,positive,2,2,C:\Users\user\OneDrive\Desktop\KUHNE LOGISTIC UNIVERSITY\SEMESTER 2\Machine Learning\Sentiment-Analysis_ML\data\raw\MVSA_Single\data\500.jpg
MVSA_Single/data/1161.jpg,neutral,1,1,C:\Users\user\OneDrive\Desktop\KUHNE LOGISTIC UNIVERSITY\SEMESTER 2\Machine Learning\Sentiment-Analysis_ML\data\raw\MVSA_Single\data\1161.jpg
MVSA_Single/data/4447.jpg,neutral,1,1,C:\Users\user\OneDrive\Desktop\KUHNE LOGISTIC UNIVERSITY\SEMESTER 2\Machine Learning\Sentiment-Analysis_ML\data\raw\MVSA_Single\data\4447.jpg
MVSA_Single/data/2755.jpg,neutral,1,1,C:\Users\user\OneDrive\Desktop\KUHNE LOGISTIC UNIVERSITY\SEMESTER 2\Machine Learning\Sentiment-Analysis_ML\data\raw\MVSA_Single\data\2755.jpg
MVSA_Single/data/2159.jpg,positive,2,2,C:\Users\user\OneDrive\Desktop\KUHNE LOGISTIC UNIVERSITY\SEMESTER 2\Machine Learning\Sentiment-Analysis_ML\data\raw\MVSA_Single\data\2159.jpg
MVSA_Single/data/5062.jpg,negative,0,0,C:\Users\user\OneDrive\Desktop\KUHNE LOGISTIC UNIVERSITY\SEMESTER 2\Machine Learning\Sentiment-Analysis_ML\data\raw\MVSA_Single\data\5062.jpg
MVSA_Single/data/4680.jpg,positive,2,2,C:\Users\user\OneDrive\Desktop\KUHNE LOGISTIC UNIVERSITY\SEMESTER 2\Machine Learning\Sentiment-Analysis_ML\data\raw\MVSA_Single\data\4680.jpg
MVSA_Single/data/2571.jpg,positive,2,2,C:\Users\user\OneDrive\Desktop\KUHNE LOGISTIC UNIVERSITY\SEMESTER 2\Machine Learning\Sentiment-Analysis_ML\data\raw\MVSA_Single\data\2571.jpg
MVSA_Single/data/2612.jpg,positive,2,2,C:\Users\user\OneDrive\Desktop\KUHNE LOGISTIC UNIVERSITY\SEMESTER 2\Machine Learning\Sentiment-Analysis_ML\data\raw\MVSA_Single\data\2612.jpg
MVSA_Single/data/3185.jpg,positive,2,2,C:\Users\user\OneDrive\Desktop\KUHNE LOGISTIC UNIVERSITY\SEMESTER 2\Machine Learning\Sentiment-Analysis_ML\data\raw\MVSA_Single\data\3185.jpg
MVSA_Single/data/758.jpg,positive,2,2,C:\Users\user\OneDrive\Desktop\KUHNE LOGISTIC UNIVERSITY\SEMESTER 2\Machine Learning\Sentiment-Analysis_ML\data\raw\MVSA_Single\data\758.jpg
MVSA_Single/data/3263.jpg,positive,2,2,C:\Users\user\OneDrive\Desktop\KUHNE LOGISTIC UNIVERSITY\SEMESTER 2\Machine Learning\Sentiment-Analysis_ML\data\raw\MVSA_Single\data\3263.jpg
MVSA_Single/data/1791.jpg,negative,0,0,C:\Users\user\OneDrive\Desktop\KUHNE LOGISTIC UNIVERSITY\SEMESTER 2\Machine Learning\Sentiment-Analysis_ML\data\raw\MVSA_Single\data\1791.jpg
MVSA_Single/data/3929.jpg,positive,2,2,C:\Users\user\OneDrive\Desktop\KUHNE LOGISTIC UNIVERSITY\SEMESTER 2\Machine Learning\Sentiment-Analysis_ML\data\raw\MVSA_Single\data\3929.jpg
MVSA_Single/data/3349.jpg,neutral,1,1,C:\Users\user\OneDrive\Desktop\KUHNE LOGISTIC UNIVERSITY\SEMESTER 2\Machine Learning\Sentiment-Analysis_ML\data\raw\MVSA_Single\data\3349.jpg
MVSA_Single/data/1888.jpg,positive,2,2,C:\Users\user\OneDrive\Desktop\KUHNE LOGISTIC UNIVERSITY\SEMESTER 2\Machine Learning\Sentiment-Analysis_ML\data\raw\MVSA_Single\data\1888.jpg
MVSA_Single/data/4730.jpg,positive,2,2,C:\Users\user\OneDrive\Desktop\KUHNE LOGISTIC UNIVERSITY\SEMESTER 2\Machine Learning\Sentiment-Analysis_ML\data\raw\MVSA_Single\data\4730.jpg
MVSA_Single/data/4623.jpg,negative,0,0,C:\Users\user\OneDrive\Desktop\KUHNE LOGISTIC UNIVERSITY\SEMESTER 2\Machine Learning\Sentiment-Analysis_ML\data\raw\MVSA_Single\data\4623.jpg
MVSA_Single/data/4653.jpg,negative,0,0,C:\Users\user\OneDrive\Desktop\KUHNE LOGISTIC UNIVERSITY\SEMESTER 2\Machine Learning\Sentiment-Analysis_ML\data\raw\MVSA_Single\data\4653.jpg
MVSA_Single/data/2972.jpg,positive,2,2,C:\Users\user\OneDrive\Desktop\KUHNE LOGISTIC UNIVERSITY\SEMESTER 2\Machine Learning\Sentiment-Analysis_ML\data\raw\MVSA_Single\data\2972.jpg
MVSA_Single/data/969.jpg,neutral,1,1,C:\Users\user\OneDrive\Desktop\KUHNE LOGISTIC UNIVERSITY\SEMESTER 2\Machine Learning\Sentiment-Analysis_ML\data\raw\MVSA_Single\data\969.jpg
MVSA_Single/data/325.jpg,positive,2,2,C:\Users\user\OneDrive\Desktop\KUHNE LOGISTIC UNIVERSITY\SEMESTER 2\Machine Learning\Sentiment-Analysis_ML\data\raw\MVSA_Single\data\325.jpg
MVSA_Single/data/2057.jpg,neutral,1,1,C:\Users\user\OneDrive\Desktop\KUHNE LOGISTIC UNIVERSITY\SEMESTER 2\Machine Learning\Sentiment-Analysis_ML\data\raw\MVSA_Single\data\2057.jpg
MVSA_Single/data/4789.jpg,positive,2,2,C:\Users\user\OneDrive\Desktop\KUHNE LOGISTIC UNIVERSITY\SEMESTER 2\Machine Learning\Sentiment-Analysis_ML\data\raw\MVSA_Single\data\4789.jpg
MVSA_Single/data/5074.jpg,negative,0,0,C:\Users\user\OneDrive\Desktop\KUHNE LOGISTIC UNIVERSITY\SEMESTER 2\Machine Learning\Sentiment-Analysis_ML\data\raw\MVSA_Single\data\5074.jpg
MVSA_Single/data/3227.jpg,positive,2,2,C:\Users\user\OneDrive\Desktop\KUHNE LOGISTIC UNIVERSITY\SEMESTER 2\Machine Learning\Sentiment-Analysis_ML\data\raw\MVSA_Single\data\3227.jpg
MVSA_Single/data/3030.jpg,positive,2,2,C:\Users\user\OneDrive\Desktop\KUHNE LOGISTIC UNIVERSITY\SEMESTER 2\Machine Learning\Sentiment-Analysis_ML\data\raw\MVSA_Single\data\3030.jpg
MVSA_Single/data/3953.jpg,negative,0,0,C:\Users\user\OneDrive\Desktop\KUHNE LOGISTIC UNIVERSITY\SEMESTER 2\Machine Learning\Sentiment-Analysis_ML\data\raw\MVSA_Single\data\3953.jpg
MVSA_Single/data/5043.jpg,neutral,1,1,C:\Users\user\OneDrive\Desktop\KUHNE LOGISTIC UNIVERSITY\SEMESTER 2\Machine Learning\Sentiment-Analysis_ML\data\raw\MVSA_Single\data\5043.jpg
MVSA_Single/data/420.jpg,positive,2,2,C:\Users\user\OneDrive\Desktop\KUHNE LOGISTIC UNIVERSITY\SEMESTER 2\Machine Learning\Sentiment-Analysis_ML\data\raw\MVSA_Single\data\420.jpg
MVSA_Single/data/806.jpg,positive,2,2,C:\Users\user\OneDrive\Desktop\KUHNE LOGISTIC UNIVERSITY\SEMESTER 2\Machine Learning\Sentiment-Analysis_ML\data\raw\MVSA_Single\data\806.jpg
MVSA_Single/data/3965.jpg,positive,2,2,C:\Users\user\OneDrive\Desktop\KUHNE LOGISTIC UNIVERSITY\SEMESTER 2\Machine Learning\Sentiment-Analysis_ML\data\raw\MVSA_Single\data\3965.jpg
MVSA_Single/data/3419.jpg,negative,0,0,C:\Users\user\OneDrive\Desktop\KUHNE LOGISTIC UNIVERSITY\SEMESTER 2\Machine Learning\Sentiment-Analysis_ML\data\raw\MVSA_Single\data\3419.jpg
MVSA_Single/data/3372.jpg,positive,2,2,C:\Users\user\OneDrive\Desktop\KUHNE LOGISTIC UNIVERSITY\SEMESTER 2\Machine Learning\Sentiment-Analysis_ML\data\raw\MVSA_Single\data\3372.jpg
MVSA_Single/data/3985.jpg,positive,2,2,C:\Users\user\OneDrive\Desktop\KUHNE LOGISTIC UNIVERSITY\SEMESTER 2\Machine Learning\Sentiment-Analysis_ML\data\raw\MVSA_Single\data\3985.jpg
MVSA_Single/data/3004.jpg,positive,2,2,C:\Users\user\OneDrive\Desktop\KUHNE LOGISTIC UNIVERSITY\SEMESTER 2\Machine Learning\Sentiment-Analysis_ML\data\raw\MVSA_Single\data\3004.jpg
MVSA_Single/data/1247.jpg,negative,0,0,C:\Users\user\OneDrive\Desktop\KUHNE LOGISTIC UNIVERSITY\SEMESTER 2\Machine Learning\Sentiment-Analysis_ML\data\raw\MVSA_Single\data\1247.jpg
MVSA_Single/data/1339.jpg,positive,2,2,C:\Users\user\OneDrive\Desktop\KUHNE LOGISTIC UNIVERSITY\SEMESTER 2\Machine Learning\Sentiment-Analysis_ML\data\raw\MVSA_Single\data\1339.jpg
MVSA_Single/data/35.jpg,positive,2,2,C:\Users\user\OneDrive\Desktop\KUHNE LOGISTIC UNIVERSITY\SEMESTER 2\Machine Learning\Sentiment-Analysis_ML\data\raw\MVSA_Single\data\35.jpg
MVSA_Single/data/2510.jpg,positive,2,2,C:\Users\user\OneDrive\Desktop\KUHNE LOGISTIC UNIVERSITY\SEMESTER 2\Machine Learning\Sentiment-Analysis_ML\data\raw\MVSA_Single\data\2510.jpg
MVSA_Single/data/2453.jpg,neutral,1,1,C:\Users\user\OneDrive\Desktop\KUHNE LOGISTIC UNIVERSITY\SEMESTER 2\Machine Learning\Sentiment-Analysis_ML\data\raw\MVSA_Single\data\2453.jpg
MVSA_Single/data/1949.jpg,positive,2,2,C:\Users\user\OneDrive\Desktop\KUHNE LOGISTIC UNIVERSITY\SEMESTER 2\Machine Learning\Sentiment-Analysis_ML\data\raw\MVSA_Single\data\1949.jpg
MVSA_Single/data/4654.jpg,neutral,1,1,C:\Users\user\OneDrive\Desktop\KUHNE LOGISTIC UNIVERSITY\SEMESTER 2\Machine Learning\Sentiment-Analysis_ML\data\raw\MVSA_Single\data\4654.jpg
MVSA_Single/data/3727.jpg,neutral,1,1,C:\Users\user\OneDrive\Desktop\KUHNE LOGISTIC UNIVERSITY\SEMESTER 2\Machine Learning\Sentiment-Analysis_ML\data\raw\MVSA_Single\data\3727.jpg
MVSA_Single/data/4100.jpg,neutral,1,1,C:\Users\user\OneDrive\Desktop\KUHNE LOGISTIC UNIVERSITY\SEMESTER 2\Machine Learning\Sentiment-Analysis_ML\data\raw\MVSA_Single\data\4100.jpg
MVSA_Single/data/2699.jpg,negative,0,0,C:\Users\user\OneDrive\Desktop\KUHNE LOGISTIC UNIVERSITY\SEMESTER 2\Machine Learning\Sentiment-Analysis_ML\data\raw\MVSA_Single\data\2699.jpg
MVSA_Single/data/3732.jpg,negative,0,0,C:\Users\user\OneDrive\Desktop\KUHNE LOGISTIC UNIVERSITY\SEMESTER 2\Machine Learning\Sentiment-Analysis_ML\data\raw\MVSA_Single\data\3732.jpg
MVSA_Single/data/587.jpg,neutral,1,1,C:\Users\user\OneDrive\Desktop\KUHNE LOGISTIC UNIVERSITY\SEMESTER 2\Machine Learning\Sentiment-Analysis_ML\data\raw\MVSA_Single\data\587.jpg
